2026-10-04T12:35:16.9152832Z Current runner version: '2.337.0'
2026-10-04T12:35:16.9167343Z ##[group]Runner Image Provisioner
2026-10-04T12:35:16.9167881Z Hosted Compute Agent
2026-10-04T12:35:16.9168318Z Version: 20260901.588
2026-10-04T12:35:16.9168729Z Commit: f88ec8081b781fac6c440065ac7ff9e710ce3d0b
2026-10-04T12:35:16.9169127Z Build Date: 2026-09-01T19:56:44Z
2026-10-04T12:35:16.9169861Z Worker ID: {4841be2c-2249-4c66-80e2-7bd1e96521a1}
2026-10-04T12:35:16.9170278Z Azure Region: westus2
2026-10-04T12:35:16.9170641Z ##[endgroup]
2026-10-04T12:35:16.9171737Z ##[group]Operating System
2026-10-04T12:35:16.9172096Z Ubuntu
2026-10-04T12:35:16.9172448Z 24.04.5
2026-10-04T12:35:16.9172786Z LTS
2026-10-04T12:35:16.9173113Z ##[endgroup]
2026-10-04T12:35:16.9173476Z ##[group]Runner Image
2026-10-04T12:35:16.9173827Z Image: ubuntu-24.04
2026-10-04T12:35:16.9174204Z Version: 20260927.320.1
2026-10-04T12:35:16.9174920Z Included Software: https://github.com/actions/runner-images/blob/ubuntu24/20260927.320/images/ubuntu/Ubuntu2404-Readme.md
2026-10-04T12:35:16.9175837Z Image Release: https://github.com/actions/runner-images/releases/tag/ubuntu24%2F20260927.320
2026-10-04T12:35:16.9176385Z ##[endgroup]
2026-10-04T12:35:16.9177064Z ##[group]GITHUB_TOKEN Permissions
2026-10-04T12:35:16.9178195Z Contents: read
2026-10-04T12:35:16.9178616Z Metadata: read
2026-10-04T12:35:16.9178950Z ##[endgroup]
2026-10-04T12:35:16.9180362Z Secret source: Actions
2026-10-04T12:35:16.9181081Z Cache mode: write
2026-10-04T12:35:16.9181504Z Prepare workflow directory
2026-10-04T12:35:16.9419604Z Prepare all required actions
2026-10-04T12:35:16.9460348Z Getting action download info
2026-10-04T12:35:17.2863995Z Download action repository 'actions/checkout@v7.0.0' (SHA:9c091bb21b7c1c1d1991bb908d89e4e9dddfe3e0)
2026-10-04T12:35:17.3972206Z Download action repository 'actions/setup-java@1bcf9fb12cf4aa7d266a90ae39939e61372fe520' (SHA:1bcf9fb12cf4aa7d266a90ae39939e61372fe520)
2026-10-04T12:35:17.9538805Z Download action repository 'actions/upload-artifact@v7.0.1' (SHA:043fb46d1a93c77aae656e7c1c64a875d1fc6a0a)
2026-10-04T12:35:18.2271232Z Complete job name: Current Java 21 and native ImageMagick 7
2026-10-04T12:35:18.2715805Z ##[group]Run actions/checkout@v7.0.0
2026-10-04T12:35:18.2716244Z with:
2026-10-04T12:35:18.2716522Z   ref: eacdf3e79ec07d8e3b8e805009f24a1b63fe7b58
2026-10-04T12:35:18.2716851Z   fetch-depth: 1
2026-10-04T12:35:18.2717110Z   persist-credentials: false
2026-10-04T12:35:18.2717434Z   repository: woahwhattheheck/ultimate-ai-platform
2026-10-04T12:35:18.2719779Z   token: ***
2026-10-04T12:35:18.2720018Z   ssh-strict: true
2026-10-04T12:35:18.2720259Z   ssh-user: git
2026-10-04T12:35:18.2720499Z   clean: true
2026-10-04T12:35:18.2720878Z   sparse-checkout-cone-mode: true
2026-10-04T12:35:18.2721171Z   fetch-tags: false
2026-10-04T12:35:18.2721429Z   show-progress: true
2026-10-04T12:35:18.2721687Z   lfs: false
2026-10-04T12:35:18.2721926Z   submodules: false
2026-10-04T12:35:18.2722180Z   set-safe-directory: true
2026-10-04T12:35:18.2722467Z   allow-unsafe-pr-checkout: false
2026-10-04T12:35:18.2722844Z env:
2026-10-04T12:35:18.2723094Z   FORCE_JAVASCRIPT_ACTIONS_TO_NODE24: true
2026-10-04T12:35:18.2723497Z   IMAGE_BOUNTY_SHA: eacdf3e79ec07d8e3b8e805009f24a1b63fe7b58
2026-10-04T12:35:18.2723865Z ##[endgroup]
2026-10-04T12:35:18.3380302Z Syncing repository: woahwhattheheck/ultimate-ai-platform
2026-10-04T12:35:18.3382013Z ##[group]Getting Git version info
2026-10-04T12:35:18.3382763Z Working directory is '/home/runner/work/ultimate-ai-platform/ultimate-ai-platform'
2026-10-04T12:35:18.3383860Z [command]/usr/bin/git version
2026-10-04T12:35:18.3641653Z git version 2.55.0
2026-10-04T12:35:18.3654528Z ##[endgroup]
2026-10-04T12:35:18.3662086Z Temporarily overriding HOME='/home/runner/work/_temp/ba829a15-32b3-4419-9c28-0914d703ed2e' before making global git config changes
2026-10-04T12:35:18.3663511Z Adding repository directory to the temporary git global config as a safe directory
2026-10-04T12:35:18.3666726Z [command]/usr/bin/git config --global --add safe.directory /home/runner/work/ultimate-ai-platform/ultimate-ai-platform
2026-10-04T12:35:18.4021958Z Deleting the contents of '/home/runner/work/ultimate-ai-platform/ultimate-ai-platform'
2026-10-04T12:35:18.4023126Z ##[group]Determining repository object format
2026-10-04T12:35:18.4024833Z ##[endgroup]
2026-10-04T12:35:18.4025816Z ##[group]Initializing the repository
2026-10-04T12:35:18.4026354Z [command]/usr/bin/git init /home/runner/work/ultimate-ai-platform/ultimate-ai-platform
2026-10-04T12:35:18.4605922Z hint: Using 'master' as the name for the initial branch. This default branch name
2026-10-04T12:35:18.4606933Z hint: will change to "main" in Git 3.0. To configure the initial branch name
2026-10-04T12:35:18.4607529Z hint: to use in all of your new repositories, which will suppress this warning,
2026-10-04T12:35:18.4607959Z hint: call:
2026-10-04T12:35:18.4608197Z hint:
2026-10-04T12:35:18.4608523Z hint: 	git config --global init.defaultBranch <name>
2026-10-04T12:35:18.4608884Z hint:
2026-10-04T12:35:18.4609225Z hint: Names commonly chosen instead of 'master' are 'main', 'trunk' and
2026-10-04T12:35:18.4609810Z hint: 'development'. The just-created branch can be renamed via this command:
2026-10-04T12:35:18.4610352Z hint:
2026-10-04T12:35:18.4611329Z hint: 	git branch -m <name>
2026-10-04T12:35:18.4611772Z hint:
2026-10-04T12:35:18.4612398Z hint: Disable this message with "git config set advice.defaultBranchName false"
2026-10-04T12:35:18.4615410Z Initialized empty Git repository in /home/runner/work/ultimate-ai-platform/ultimate-ai-platform/.git/
2026-10-04T12:35:18.4626475Z [command]/usr/bin/git remote add origin https://github.com/woahwhattheheck/ultimate-ai-platform
2026-10-04T12:35:18.4800635Z ##[endgroup]
2026-10-04T12:35:18.4801282Z ##[group]Disabling automatic garbage collection
2026-10-04T12:35:18.4803285Z [command]/usr/bin/git config --local gc.auto 0
2026-10-04T12:35:18.4897492Z ##[endgroup]
2026-10-04T12:35:18.4898135Z ##[group]Setting up auth
2026-10-04T12:35:18.4898640Z Removing SSH command configuration
2026-10-04T12:35:18.4903115Z [command]/usr/bin/git config --local --name-only --get-regexp core\.sshCommand
2026-10-04T12:35:18.4931518Z [command]/usr/bin/git submodule foreach --recursive sh -c "git config --local --name-only --get-regexp 'core\.sshCommand' && git config --local --unset-all 'core.sshCommand' || :"
2026-10-04T12:35:18.5222576Z Removing HTTP extra header
2026-10-04T12:35:18.5226289Z [command]/usr/bin/git config --local --name-only --get-regexp http\.https\:\/\/github\.com\/\.extraheader
2026-10-04T12:35:18.5252949Z [command]/usr/bin/git submodule foreach --recursive sh -c "git config --local --name-only --get-regexp 'http\.https\:\/\/github\.com\/\.extraheader' && git config --local --unset-all 'http.https://github.com/.extraheader' || :"
2026-10-04T12:35:18.5419027Z Removing includeIf entries pointing to credentials config files
2026-10-04T12:35:18.5422406Z [command]/usr/bin/git config --local --name-only --get-regexp ^includeIf\.gitdir:
2026-10-04T12:35:18.5453657Z [command]/usr/bin/git submodule foreach --recursive git config --local --show-origin --name-only --get-regexp remote.origin.url
2026-10-04T12:35:18.5623381Z [command]/usr/bin/git config --file /home/runner/work/_temp/git-credentials-18219964-67fd-467d-8a56-c71849ce603d.config http.https://github.com/.extraheader AUTHORIZATION: basic ***
2026-10-04T12:35:18.6100808Z [command]/usr/bin/git config --local includeIf.gitdir:/home/runner/work/ultimate-ai-platform/ultimate-ai-platform/.git.path /home/runner/work/_temp/git-credentials-18219964-67fd-467d-8a56-c71849ce603d.config
2026-10-04T12:35:18.6708352Z [command]/usr/bin/git config --local includeIf.gitdir:/home/runner/work/ultimate-ai-platform/ultimate-ai-platform/.git/worktrees/*.path /home/runner/work/_temp/git-credentials-18219964-67fd-467d-8a56-c71849ce603d.config
2026-10-04T12:35:18.7913157Z [command]/usr/bin/git config --local includeIf.gitdir:/github/workspace/.git.path /github/runner_temp/git-credentials-18219964-67fd-467d-8a56-c71849ce603d.config
2026-10-04T12:35:18.8301691Z [command]/usr/bin/git config --local includeIf.gitdir:/github/workspace/.git/worktrees/*.path /github/runner_temp/git-credentials-18219964-67fd-467d-8a56-c71849ce603d.config
2026-10-04T12:35:18.8592860Z ##[endgroup]
2026-10-04T12:35:18.8593728Z ##[group]Fetching the repository
2026-10-04T12:35:18.8599128Z [command]/usr/bin/git -c protocol.version=2 fetch --no-tags --prune --no-recurse-submodules --depth=1 origin eacdf3e79ec07d8e3b8e805009f24a1b63fe7b58
2026-10-04T12:35:20.1555767Z From https://github.com/woahwhattheheck/ultimate-ai-platform
2026-10-04T12:35:20.1556449Z  * branch            eacdf3e79ec07d8e3b8e805009f24a1b63fe7b58 -> FETCH_HEAD
2026-10-04T12:35:20.1563553Z [command]/usr/bin/git rev-parse --verify --quiet eacdf3e79ec07d8e3b8e805009f24a1b63fe7b58^{object}
2026-10-04T12:35:20.1587783Z eacdf3e79ec07d8e3b8e805009f24a1b63fe7b58
2026-10-04T12:35:20.1591270Z ##[endgroup]
2026-10-04T12:35:20.1591729Z ##[group]Determining the checkout info
2026-10-04T12:35:20.1592210Z ##[endgroup]
2026-10-04T12:35:20.1595230Z [command]/usr/bin/git sparse-checkout disable
2026-10-04T12:35:20.2275367Z [command]/usr/bin/git config --local --unset-all extensions.worktreeConfig
2026-10-04T12:35:20.2577148Z ##[group]Checking out the ref
2026-10-04T12:35:20.2591578Z [command]/usr/bin/git checkout --progress --force eacdf3e79ec07d8e3b8e805009f24a1b63fe7b58
2026-10-04T12:35:20.7066475Z Note: switching to 'eacdf3e79ec07d8e3b8e805009f24a1b63fe7b58'.
2026-10-04T12:35:20.7066829Z 
2026-10-04T12:35:20.7067035Z You are in 'detached HEAD' state. You can look around, make experimental
2026-10-04T12:35:20.7067462Z changes and commit them, and you can discard any commits you make in this
2026-10-04T12:35:20.7067896Z state without impacting any branches by switching back to a branch.
2026-10-04T12:35:20.7068137Z 
2026-10-04T12:35:20.7068296Z If you want to create a new branch to retain commits you create, you may
2026-10-04T12:35:20.7068688Z do so (now or later) by using -c with the switch command. Example:
2026-10-04T12:35:20.7068928Z 
2026-10-04T12:35:20.7069112Z   git switch -c <new-branch-name>
2026-10-04T12:35:20.7069340Z 
2026-10-04T12:35:20.7069753Z Or undo this operation with:
2026-10-04T12:35:20.7069912Z 
2026-10-04T12:35:20.7069988Z   git switch -
2026-10-04T12:35:20.7070111Z 
2026-10-04T12:35:20.7070301Z Turn off this advice by setting config variable advice.detachedHead to false
2026-10-04T12:35:20.7070562Z 
2026-10-04T12:35:20.7070937Z HEAD is now at eacdf3e docs(images): clarify zero-dimension cropping restriction [skip ci]
2026-10-04T12:35:20.7091389Z ##[endgroup]
2026-10-04T12:35:20.7135436Z [command]/usr/bin/git log -1 --format=%H
2026-10-04T12:35:20.7159991Z eacdf3e79ec07d8e3b8e805009f24a1b63fe7b58
2026-10-04T12:35:20.7171300Z ##[group]Removing auth
2026-10-04T12:35:20.7171569Z Removing SSH command configuration
2026-10-04T12:35:20.7171982Z [command]/usr/bin/git config --local --name-only --get-regexp core\.sshCommand
2026-10-04T12:35:20.7199613Z [command]/usr/bin/git submodule foreach --recursive sh -c "git config --local --name-only --get-regexp 'core\.sshCommand' && git config --local --unset-all 'core.sshCommand' || :"
2026-10-04T12:35:20.7387122Z Removing HTTP extra header
2026-10-04T12:35:20.7391499Z [command]/usr/bin/git config --local --name-only --get-regexp http\.https\:\/\/github\.com\/\.extraheader
2026-10-04T12:35:20.7420241Z [command]/usr/bin/git submodule foreach --recursive sh -c "git config --local --name-only --get-regexp 'http\.https\:\/\/github\.com\/\.extraheader' && git config --local --unset-all 'http.https://github.com/.extraheader' || :"
2026-10-04T12:35:20.7603132Z Removing includeIf entries pointing to credentials config files
2026-10-04T12:35:20.7605307Z [command]/usr/bin/git config --local --name-only --get-regexp ^includeIf\.gitdir:
2026-10-04T12:35:20.7631156Z includeif.gitdir:/home/runner/work/ultimate-ai-platform/ultimate-ai-platform/.git.path
2026-10-04T12:35:20.7631748Z includeif.gitdir:/home/runner/work/ultimate-ai-platform/ultimate-ai-platform/.git/worktrees/*.path
2026-10-04T12:35:20.7632215Z includeif.gitdir:/github/workspace/.git.path
2026-10-04T12:35:20.7632861Z includeif.gitdir:/github/workspace/.git/worktrees/*.path
2026-10-04T12:35:20.7637720Z [command]/usr/bin/git config --local --get-all includeif.gitdir:/home/runner/work/ultimate-ai-platform/ultimate-ai-platform/.git.path
2026-10-04T12:35:20.7660140Z /home/runner/work/_temp/git-credentials-18219964-67fd-467d-8a56-c71849ce603d.config
2026-10-04T12:35:20.7668080Z [command]/usr/bin/git config --local --unset includeif.gitdir:/home/runner/work/ultimate-ai-platform/ultimate-ai-platform/.git.path /home/runner/work/_temp/git-credentials-18219964-67fd-467d-8a56-c71849ce603d.config
2026-10-04T12:35:20.7765268Z [command]/usr/bin/git config --local --get-all includeif.gitdir:/home/runner/work/ultimate-ai-platform/ultimate-ai-platform/.git/worktrees/*.path
2026-10-04T12:35:20.7788493Z /home/runner/work/_temp/git-credentials-18219964-67fd-467d-8a56-c71849ce603d.config
2026-10-04T12:35:20.7794166Z [command]/usr/bin/git config --local --unset includeif.gitdir:/home/runner/work/ultimate-ai-platform/ultimate-ai-platform/.git/worktrees/*.path /home/runner/work/_temp/git-credentials-18219964-67fd-467d-8a56-c71849ce603d.config
2026-10-04T12:35:20.7864378Z [command]/usr/bin/git config --local --get-all includeif.gitdir:/github/workspace/.git.path
2026-10-04T12:35:20.7887522Z /github/runner_temp/git-credentials-18219964-67fd-467d-8a56-c71849ce603d.config
2026-10-04T12:35:20.7891312Z [command]/usr/bin/git config --local --unset includeif.gitdir:/github/workspace/.git.path /github/runner_temp/git-credentials-18219964-67fd-467d-8a56-c71849ce603d.config
2026-10-04T12:35:20.7978653Z [command]/usr/bin/git config --local --get-all includeif.gitdir:/github/workspace/.git/worktrees/*.path
2026-10-04T12:35:20.8015495Z /github/runner_temp/git-credentials-18219964-67fd-467d-8a56-c71849ce603d.config
2026-10-04T12:35:20.8026766Z [command]/usr/bin/git config --local --unset includeif.gitdir:/github/workspace/.git/worktrees/*.path /github/runner_temp/git-credentials-18219964-67fd-467d-8a56-c71849ce603d.config
2026-10-04T12:35:20.8070941Z [command]/usr/bin/git submodule foreach --recursive git config --local --show-origin --name-only --get-regexp remote.origin.url
2026-10-04T12:35:20.8255020Z Removing credentials config '/home/runner/work/_temp/git-credentials-18219964-67fd-467d-8a56-c71849ce603d.config'
2026-10-04T12:35:20.8255862Z ##[endgroup]
2026-10-04T12:35:20.8460293Z ##[group]Run set -euo pipefail
2026-10-04T12:35:20.8460546Z [36;1mset -euo pipefail[0m
2026-10-04T12:35:20.8460924Z [36;1mtest "$(git rev-parse HEAD)" = "$IMAGE_BOUNTY_SHA"[0m
2026-10-04T12:35:20.8461195Z [36;1mtest "$(git rev-parse HEAD^{tree})" = "89164450554ad7dfecabda04bda7be7f07ec3fdb"[0m
2026-10-04T12:35:20.8461437Z [36;1mtest -z "$(git status --porcelain=v1)"[0m
2026-10-04T12:35:20.8461632Z [36;1mmkdir -p "$RUNNER_TEMP/relay17-image-evidence"[0m
2026-10-04T12:35:20.8461872Z [36;1mgit ls-files -s > "$RUNNER_TEMP/relay17-image-evidence/source-manifest.txt"[0m
2026-10-04T12:35:20.8462151Z [36;1mcat /etc/os-release > "$RUNNER_TEMP/relay17-image-evidence/os-release.txt"[0m
2026-10-04T12:35:20.8462413Z [36;1muname -a > "$RUNNER_TEMP/relay17-image-evidence/uname.txt"[0m
2026-10-04T12:35:20.8961121Z shell: /usr/bin/bash --noprofile --norc -e -o pipefail {0}
2026-10-04T12:35:20.8961342Z env:
2026-10-04T12:35:20.8961484Z   FORCE_JAVASCRIPT_ACTIONS_TO_NODE24: true
2026-10-04T12:35:20.8961733Z   IMAGE_BOUNTY_SHA: eacdf3e79ec07d8e3b8e805009f24a1b63fe7b58
2026-10-04T12:35:20.8961927Z ##[endgroup]
2026-10-04T12:35:21.1329047Z ##[group]Run actions/setup-java@1bcf9fb12cf4aa7d266a90ae39939e61372fe520
2026-10-04T12:35:21.1329271Z with:
2026-10-04T12:35:21.1329383Z   distribution: temurin
2026-10-04T12:35:21.1329509Z   java-version: 21
2026-10-04T12:35:21.1329618Z   cache: maven
2026-10-04T12:35:21.1329731Z   java-package: jdk
2026-10-04T12:35:21.1329846Z   check-latest: false
2026-10-04T12:35:21.1329964Z   server-id: github
2026-10-04T12:35:21.1330084Z   server-username: GITHUB_ACTOR
2026-10-04T12:35:21.1330229Z   server-password: GITHUB_TOKEN
2026-10-04T12:35:21.1330494Z   overwrite-settings: true
2026-10-04T12:35:21.1330624Z   job-status: success
2026-10-04T12:35:21.1332115Z   token: ***
2026-10-04T12:35:21.1332222Z env:
2026-10-04T12:35:21.1332340Z   FORCE_JAVASCRIPT_ACTIONS_TO_NODE24: true
2026-10-04T12:35:21.1332530Z   IMAGE_BOUNTY_SHA: eacdf3e79ec07d8e3b8e805009f24a1b63fe7b58
2026-10-04T12:35:21.1332708Z ##[endgroup]
2026-10-04T12:35:21.2244898Z ##[group]Installed distributions
2026-10-04T12:35:21.2397159Z Resolved Java 21.0.12+1 from tool-cache
2026-10-04T12:35:21.2397492Z Setting Java 21.0.12+1 as the default
2026-10-04T12:35:21.2403904Z Creating toolchains.xml for JDK version 21 from temurin
2026-10-04T12:35:21.2447979Z Writing to /home/runner/.m2/toolchains.xml
2026-10-04T12:35:21.2448478Z 
2026-10-04T12:35:21.2448759Z Java configuration:
2026-10-04T12:35:21.2448993Z   Distribution: temurin
2026-10-04T12:35:21.2449196Z   Version: 21.0.12+1
2026-10-04T12:35:21.2449487Z   Path: /opt/hostedtoolcache/Java_Temurin-Hotspot_jdk/21.0.12-1/x64
2026-10-04T12:35:21.2449788Z 
2026-10-04T12:35:21.2450077Z ##[endgroup]
2026-10-04T12:35:21.2477815Z Creating settings.xml with server-id: github
2026-10-04T12:35:21.2478135Z Writing to /home/runner/.m2/settings.xml
2026-10-04T12:35:21.7332593Z maven cache is not found
2026-10-04T12:35:21.7462204Z ##[group]Run set -euo pipefail
2026-10-04T12:35:21.7462437Z [36;1mset -euo pipefail[0m
2026-10-04T12:35:21.7462668Z [36;1mmkdir -p "$RUNNER_TEMP/relay17-image-magick" "$RUNNER_TEMP/relay17-image-magick-bin"[0m
2026-10-04T12:35:21.7462927Z [36;1mcd "$RUNNER_TEMP/relay17-image-magick"[0m
2026-10-04T12:35:21.7463380Z [36;1mcurl --fail --location --retry 0 --max-time 120 --output ImageMagick.AppImage https://github.com/ImageMagick/ImageMagick/releases/download/7.1.2-31/ImageMagick-7.1.2-31-gcc-x86_64.AppImage[0m
2026-10-04T12:35:21.7463980Z [36;1mprintf '%s  %s\n' b22dee096a68e7eb6771a6f98c16490ea78d399ffa27f34ca2ec4f02e707fd9c ImageMagick.AppImage | sha256sum --check -[0m
2026-10-04T12:35:21.7464312Z [36;1mchmod +x ImageMagick.AppImage[0m
2026-10-04T12:35:21.7464501Z [36;1m./ImageMagick.AppImage --appimage-extract > /dev/null[0m
2026-10-04T12:35:21.7464909Z [36;1mprintf '#!/usr/bin/env bash\nexec "%s" "$@"\n' "$RUNNER_TEMP/relay17-image-magick/squashfs-root/AppRun" > "$RUNNER_TEMP/relay17-image-magick-bin/magick"[0m
2026-10-04T12:35:21.7465290Z [36;1mchmod +x "$RUNNER_TEMP/relay17-image-magick-bin/magick"[0m
2026-10-04T12:35:21.7465525Z [36;1mecho "$RUNNER_TEMP/relay17-image-magick-bin" >> "$GITHUB_PATH"[0m
2026-10-04T12:35:21.7518876Z shell: /usr/bin/bash --noprofile --norc -e -o pipefail {0}
2026-10-04T12:35:21.7519060Z env:
2026-10-04T12:35:21.7519180Z   FORCE_JAVASCRIPT_ACTIONS_TO_NODE24: true
2026-10-04T12:35:21.7519372Z   IMAGE_BOUNTY_SHA: eacdf3e79ec07d8e3b8e805009f24a1b63fe7b58
2026-10-04T12:35:21.7519606Z   JAVA_HOME: /opt/hostedtoolcache/Java_Temurin-Hotspot_jdk/21.0.12-1/x64
2026-10-04T12:35:21.7519861Z   JAVA_HOME_21_X64: /opt/hostedtoolcache/Java_Temurin-Hotspot_jdk/21.0.12-1/x64
2026-10-04T12:35:21.7520068Z ##[endgroup]
2026-10-04T12:35:21.7657232Z   % Total    % Received % Xferd  Average Speed   Time    Time     Time  Current
2026-10-04T12:35:21.7657710Z                                  Dload  Upload   Total   Spent    Left  Speed
2026-10-04T12:35:21.7657968Z 
2026-10-04T12:35:21.9560811Z   0     0    0     0    0     0      0      0 --:--:-- --:--:-- --:--:--     0
2026-10-04T12:35:21.9561231Z   0     0    0     0    0     0      0      0 --:--:-- --:--:-- --:--:--     0
2026-10-04T12:35:22.0148054Z 
2026-10-04T12:35:22.2100491Z   0 31.7M    0  110k    0     0   443k      0  0:01:13 --:--:--  0:01:13  443k
2026-10-04T12:35:22.2101127Z 100 31.7M  100 31.7M    0     0  71.5M      0 --:--:-- --:--:-- --:--:--  162M
2026-10-04T12:35:22.2389424Z ImageMagick.AppImage: OK
2026-10-04T12:35:22.3652884Z ##[group]Run set -euo pipefail
2026-10-04T12:35:22.3653083Z [36;1mset -euo pipefail[0m
2026-10-04T12:35:22.3653293Z [36;1mjava -version 2>&1 | tee "$RUNNER_TEMP/relay17-image-evidence/java-version.txt"[0m
2026-10-04T12:35:22.3653729Z [36;1mmagick -version | tee "$RUNNER_TEMP/relay17-image-evidence/imagemagick-version.txt"[0m
2026-10-04T12:35:22.3654027Z [36;1mdate -u +%Y-%m-%dT%H:%M:%SZ > "$RUNNER_TEMP/relay17-image-evidence/start.txt"[0m
2026-10-04T12:35:22.3654539Z [36;1m./mvnw -B '-Dtest=ai.ultimate.tools.builtin.ImageProcessingToolTest,ai.ultimate.tools.builtin.ImageProcessingToolSecurityTest' test 2>&1 | tee "$RUNNER_TEMP/relay17-image-evidence/maven.log"[0m
2026-10-04T12:35:22.3655047Z [36;1mdate -u +%Y-%m-%dT%H:%M:%SZ > "$RUNNER_TEMP/relay17-image-evidence/finish.txt"[0m
2026-10-04T12:35:22.3705521Z shell: /usr/bin/bash --noprofile --norc -e -o pipefail {0}
2026-10-04T12:35:22.3705703Z env:
2026-10-04T12:35:22.3705826Z   FORCE_JAVASCRIPT_ACTIONS_TO_NODE24: true
2026-10-04T12:35:22.3706052Z   IMAGE_BOUNTY_SHA: eacdf3e79ec07d8e3b8e805009f24a1b63fe7b58
2026-10-04T12:35:22.3706289Z   JAVA_HOME: /opt/hostedtoolcache/Java_Temurin-Hotspot_jdk/21.0.12-1/x64
2026-10-04T12:35:22.3706545Z   JAVA_HOME_21_X64: /opt/hostedtoolcache/Java_Temurin-Hotspot_jdk/21.0.12-1/x64
2026-10-04T12:35:22.3706755Z ##[endgroup]
2026-10-04T12:35:23.5231988Z openjdk version "21.0.12.1" 2026-08-18 LTS
2026-10-04T12:35:23.5232265Z OpenJDK Runtime Environment Temurin-21.0.12.1+1 (build 21.0.12.1+1-LTS)
2026-10-04T12:35:23.5232664Z OpenJDK 64-Bit Server VM Temurin-21.0.12.1+1 (build 21.0.12.1+1-LTS, mixed mode, sharing)
2026-10-04T12:35:23.5637088Z Version: ImageMagick 7.1.2-31 Q16-HDRI x86_64 8309dc92a:20260903 https://imagemagick.org
2026-10-04T12:35:23.5637479Z Copyright: (C) 1999 ImageMagick Studio LLC
2026-10-04T12:35:23.5637657Z License: https://imagemagick.org/license/
2026-10-04T12:35:23.5637823Z Features: Cipher DPC HDRI OpenMP(4.5) 
2026-10-04T12:35:23.5638156Z Delegates (built-in): bzlib djvu fontconfig freetype heic jbig jng jp2 jpeg lcms lqr lzma openexr png raqm tiff webp x xml zlib
2026-10-04T12:35:23.5638450Z Compiler: gcc (11.4)
2026-10-04T12:35:25.3437929Z [INFO] Scanning for projects...
2026-10-04T12:35:25.9228230Z [INFO] Downloading from spring-milestones: https://repo.spring.io/milestone/org/springframework/boot/spring-boot-starter-parent/4.1.0/spring-boot-starter-parent-4.1.0.pom
2026-10-04T12:35:26.8227640Z [INFO] Downloading from central: https://repo.maven.apache.org/maven2/org/springframework/boot/spring-boot-starter-parent/4.1.0/spring-boot-starter-parent-4.1.0.pom
2026-10-04T12:35:26.9407398Z [INFO] Downloaded from central: https://repo.maven.apache.org/maven2/org/springframework/boot/spring-boot-starter-parent/4.1.0/spring-boot-starter-parent-4.1.0.pom (14 kB at 122 kB/s)
2026-10-04T12:35:26.9447608Z [INFO] Downloading from spring-milestones: https://repo.spring.io/milestone/org/springframework/boot/spring-boot-dependencies/4.1.0/spring-boot-dependencies-4.1.0.pom
2026-10-04T12:35:27.0213339Z [INFO] Downloading from central: https://repo.maven.apache.org/maven2/org/springframework/boot/spring-boot-dependencies/4.1.0/spring-boot-dependencies-4.1.0.pom
2026-10-04T12:35:27.0520514Z [INFO] Downloaded from central: https://repo.maven.apache.org/maven2/org/springframework/boot/spring-boot-dependencies/4.1.0/spring-boot-dependencies-4.1.0.pom (142 kB at 4.7 MB/s)
2026-10-04T12:35:27.0922439Z [INFO] Downloading from spring-milestones: https://repo.spring.io/milestone/org/springframework/ai/spring-ai-bom/2.0.0-M8/spring-ai-bom-2.0.0-M8.pom
2026-10-04T12:35:27.3203676Z [INFO] Downloading from central: https://repo.maven.apache.org/maven2/org/springframework/ai/spring-ai-bom/2.0.0-M8/spring-ai-bom-2.0.0-M8.pom
2026-10-04T12:35:27.3536280Z [INFO] Downloaded from central: https://repo.maven.apache.org/maven2/org/springframework/ai/spring-ai-bom/2.0.0-M8/spring-ai-bom-2.0.0-M8.pom (35 kB at 1.1 MB/s)
2026-10-04T12:35:27.3579682Z [INFO] Downloading from spring-milestones: https://repo.spring.io/milestone/org/testcontainers/testcontainers-bom/2.0.5/testcontainers-bom-2.0.5.pom
2026-10-04T12:35:27.4333122Z [INFO] Downloading from central: https://repo.maven.apache.org/maven2/org/testcontainers/testcontainers-bom/2.0.5/testcontainers-bom-2.0.5.pom
2026-10-04T12:35:27.4543623Z [INFO] Downloaded from central: https://repo.maven.apache.org/maven2/org/testcontainers/testcontainers-bom/2.0.5/testcontainers-bom-2.0.5.pom (12 kB at 556 kB/s)
2026-10-04T12:35:27.4574026Z [INFO] Downloading from spring-milestones: https://repo.spring.io/milestone/org/apache/activemq/activemq-bom/6.2.6/activemq-bom-6.2.6.pom
2026-10-04T12:35:27.5365257Z [INFO] Downloading from central: https://repo.maven.apache.org/maven2/org/apache/activemq/activemq-bom/6.2.6/activemq-bom-6.2.6.pom
2026-10-04T12:35:27.5618556Z [INFO] Downloaded from central: https://repo.maven.apache.org/maven2/org/apache/activemq/activemq-bom/6.2.6/activemq-bom-6.2.6.pom (7.9 kB at 315 kB/s)
2026-10-04T12:35:27.5647621Z [INFO] Downloading from spring-milestones: https://repo.spring.io/milestone/org/apache/artemis/artemis-bom/2.53.0/artemis-bom-2.53.0.pom
2026-10-04T12:35:27.6412295Z [INFO] Downloading from central: https://repo.maven.apache.org/maven2/org/apache/artemis/artemis-bom/2.53.0/artemis-bom-2.53.0.pom
2026-10-04T12:35:27.6625383Z [INFO] Downloaded from central: https://repo.maven.apache.org/maven2/org/apache/artemis/artemis-bom/2.53.0/artemis-bom-2.53.0.pom (18 kB at 802 kB/s)
2026-10-04T12:35:27.6644183Z [INFO] Downloading from spring-milestones: https://repo.spring.io/milestone/org/apache/artemis/artemis-project/2.53.0/artemis-project-2.53.0.pom
2026-10-04T12:35:27.7471617Z [INFO] Downloading from central: https://repo.maven.apache.org/maven2/org/apache/artemis/artemis-project/2.53.0/artemis-project-2.53.0.pom
2026-10-04T12:35:27.7739363Z [INFO] Downloaded from central: https://repo.maven.apache.org/maven2/org/apache/artemis/artemis-project/2.53.0/artemis-project-2.53.0.pom (55 kB at 2.0 MB/s)
2026-10-04T12:35:27.7779272Z [INFO] Downloading from spring-milestones: https://repo.spring.io/milestone/org/apache/apache/37/apache-37.pom
2026-10-04T12:35:27.8534190Z [INFO] Downloading from central: https://repo.maven.apache.org/maven2/org/apache/apache/37/apache-37.pom
2026-10-04T12:35:27.8764052Z [INFO] Downloaded from central: https://repo.maven.apache.org/maven2/org/apache/apache/37/apache-37.pom (26 kB at 1.1 MB/s)
2026-10-04T12:35:27.8820975Z [INFO] Downloading from spring-milestones: https://repo.spring.io/milestone/org/assertj/assertj-bom/3.27.7/assertj-bom-3.27.7.pom
2026-10-04T12:35:27.9604579Z [INFO] Downloading from central: https://repo.maven.apache.org/maven2/org/assertj/assertj-bom/3.27.7/assertj-bom-3.27.7.pom
2026-10-04T12:35:27.9840590Z [INFO] Downloaded from central: https://repo.maven.apache.org/maven2/org/assertj/assertj-bom/3.27.7/assertj-bom-3.27.7.pom (3.3 kB at 145 kB/s)
2026-10-04T12:35:27.9866996Z [INFO] Downloading from spring-milestones: https://repo.spring.io/milestone/io/zipkin/reporter2/zipkin-reporter-bom/3.5.3/zipkin-reporter-bom-3.5.3.pom
2026-10-04T12:35:28.0610908Z [INFO] Downloading from central: https://repo.maven.apache.org/maven2/io/zipkin/reporter2/zipkin-reporter-bom/3.5.3/zipkin-reporter-bom-3.5.3.pom
2026-10-04T12:35:28.0836960Z [INFO] Downloaded from central: https://repo.maven.apache.org/maven2/io/zipkin/reporter2/zipkin-reporter-bom/3.5.3/zipkin-reporter-bom-3.5.3.pom (6.1 kB at 265 kB/s)
2026-10-04T12:35:28.0864855Z [INFO] Downloading from spring-milestones: https://repo.spring.io/milestone/io/zipkin/brave/brave-bom/6.3.1/brave-bom-6.3.1.pom
2026-10-04T12:35:28.1647964Z [INFO] Downloading from central: https://repo.maven.apache.org/maven2/io/zipkin/brave/brave-bom/6.3.1/brave-bom-6.3.1.pom
2026-10-04T12:35:28.1860852Z [INFO] Downloaded from central: https://repo.maven.apache.org/maven2/io/zipkin/brave/brave-bom/6.3.1/brave-bom-6.3.1.pom (11 kB at 533 kB/s)
2026-10-04T12:35:28.1889003Z [INFO] Downloading from spring-milestones: https://repo.spring.io/milestone/org/apache/cassandra/java-driver-bom/4.19.3/java-driver-bom-4.19.3.pom
2026-10-04T12:35:28.2854144Z [INFO] Downloading from central: https://repo.maven.apache.org/maven2/org/apache/cassandra/java-driver-bom/4.19.3/java-driver-bom-4.19.3.pom
2026-10-04T12:35:28.3074060Z [INFO] Downloaded from central: https://repo.maven.apache.org/maven2/org/apache/cassandra/java-driver-bom/4.19.3/java-driver-bom-4.19.3.pom (5.5 kB at 248 kB/s)
2026-10-04T12:35:28.3095848Z [INFO] Downloading from spring-milestones: https://repo.spring.io/milestone/org/apache/groovy/groovy-bom/5.0.6/groovy-bom-5.0.6.pom
2026-10-04T12:35:28.3896988Z [INFO] Downloading from central: https://repo.maven.apache.org/maven2/org/apache/groovy/groovy-bom/5.0.6/groovy-bom-5.0.6.pom
2026-10-04T12:35:28.4135824Z [INFO] Downloaded from central: https://repo.maven.apache.org/maven2/org/apache/groovy/groovy-bom/5.0.6/groovy-bom-5.0.6.pom (27 kB at 1.1 MB/s)
2026-10-04T12:35:28.4171625Z [INFO] Downloading from spring-milestones: https://repo.spring.io/milestone/io/grpc/grpc-bom/1.80.0/grpc-bom-1.80.0.pom
2026-10-04T12:35:28.4924117Z [INFO] Downloading from central: https://repo.maven.apache.org/maven2/io/grpc/grpc-bom/1.80.0/grpc-bom-1.80.0.pom
2026-10-04T12:35:28.5144041Z [INFO] Downloaded from central: https://repo.maven.apache.org/maven2/io/grpc/grpc-bom/1.80.0/grpc-bom-1.80.0.pom (6.3 kB at 288 kB/s)
2026-10-04T12:35:28.5168427Z [INFO] Downloading from spring-milestones: https://repo.spring.io/milestone/org/infinispan/infinispan-bom/16.1.4/infinispan-bom-16.1.4.pom
2026-10-04T12:35:28.5915757Z [INFO] Downloading from central: https://repo.maven.apache.org/maven2/org/infinispan/infinispan-bom/16.1.4/infinispan-bom-16.1.4.pom
2026-10-04T12:35:28.6163266Z [INFO] Downloaded from central: https://repo.maven.apache.org/maven2/org/infinispan/infinispan-bom/16.1.4/infinispan-bom-16.1.4.pom (20 kB at 782 kB/s)
2026-10-04T12:35:28.6187056Z [INFO] Downloading from spring-milestones: https://repo.spring.io/milestone/com/fasterxml/jackson/jackson-bom/2.21.4/jackson-bom-2.21.4.pom
2026-10-04T12:35:28.6934907Z [INFO] Downloading from central: https://repo.maven.apache.org/maven2/com/fasterxml/jackson/jackson-bom/2.21.4/jackson-bom-2.21.4.pom
2026-10-04T12:35:28.7158400Z [INFO] Downloaded from central: https://repo.maven.apache.org/maven2/com/fasterxml/jackson/jackson-bom/2.21.4/jackson-bom-2.21.4.pom (20 kB at 919 kB/s)
2026-10-04T12:35:28.7178225Z [INFO] Downloading from spring-milestones: https://repo.spring.io/milestone/com/fasterxml/jackson/jackson-parent/2.21/jackson-parent-2.21.pom
2026-10-04T12:35:28.7988663Z [INFO] Downloading from central: https://repo.maven.apache.org/maven2/com/fasterxml/jackson/jackson-parent/2.21/jackson-parent-2.21.pom
2026-10-04T12:35:28.8282354Z [INFO] Downloaded from central: https://repo.maven.apache.org/maven2/com/fasterxml/jackson/jackson-parent/2.21/jackson-parent-2.21.pom (6.9 kB at 255 kB/s)
2026-10-04T12:35:28.8291537Z [INFO] Downloading from spring-milestones: https://repo.spring.io/milestone/com/fasterxml/oss-parent/75/oss-parent-75.pom
2026-10-04T12:35:28.9024270Z [INFO] Downloading from central: https://repo.maven.apache.org/maven2/com/fasterxml/oss-parent/75/oss-parent-75.pom
2026-10-04T12:35:28.9233341Z [INFO] Downloaded from central: https://repo.maven.apache.org/maven2/com/fasterxml/oss-parent/75/oss-parent-75.pom (24 kB at 1.1 MB/s)
2026-10-04T12:35:28.9274268Z [INFO] Downloading from spring-milestones: https://repo.spring.io/milestone/tools/jackson/jackson-bom/3.1.4/jackson-bom-3.1.4.pom
2026-10-04T12:35:29.0017645Z [INFO] Downloading from central: https://repo.maven.apache.org/maven2/tools/jackson/jackson-bom/3.1.4/jackson-bom-3.1.4.pom
2026-10-04T12:35:29.0369483Z [INFO] Downloaded from central: https://repo.maven.apache.org/maven2/tools/jackson/jackson-bom/3.1.4/jackson-bom-3.1.4.pom (20 kB at 568 kB/s)
2026-10-04T12:35:29.0392928Z [INFO] Downloading from spring-milestones: https://repo.spring.io/milestone/com/fasterxml/oss-parent/79/oss-parent-79.pom
2026-10-04T12:35:29.1143013Z [INFO] Downloading from central: https://repo.maven.apache.org/maven2/com/fasterxml/oss-parent/79/oss-parent-79.pom
2026-10-04T12:35:29.1394231Z [INFO] Downloaded from central: https://repo.maven.apache.org/maven2/com/fasterxml/oss-parent/79/oss-parent-79.pom (24 kB at 940 kB/s)
2026-10-04T12:35:29.1424700Z [INFO] Downloading from spring-milestones: https://repo.spring.io/milestone/org/glassfish/jersey/jersey-bom/4.0.2/jersey-bom-4.0.2.pom
2026-10-04T12:35:29.2224576Z [INFO] Downloading from central: https://repo.maven.apache.org/maven2/org/glassfish/jersey/jersey-bom/4.0.2/jersey-bom-4.0.2.pom
2026-10-04T12:35:29.2506275Z [INFO] Downloaded from central: https://repo.maven.apache.org/maven2/org/glassfish/jersey/jersey-bom/4.0.2/jersey-bom-4.0.2.pom (24 kB at 848 kB/s)
2026-10-04T12:35:29.2536260Z [INFO] Downloading from spring-milestones: https://repo.spring.io/milestone/org/eclipse/ee4j/project/1.0.9/project-1.0.9.pom
2026-10-04T12:35:29.3283934Z [INFO] Downloading from central: https://repo.maven.apache.org/maven2/org/eclipse/ee4j/project/1.0.9/project-1.0.9.pom
2026-10-04T12:35:29.4006623Z [INFO] Downloaded from central: https://repo.maven.apache.org/maven2/org/eclipse/ee4j/project/1.0.9/project-1.0.9.pom (16 kB at 224 kB/s)
2026-10-04T12:35:29.4042362Z [INFO] Downloading from spring-milestones: https://repo.spring.io/milestone/org/eclipse/jetty/ee11/jetty-ee11-bom/12.1.10/jetty-ee11-bom-12.1.10.pom
2026-10-04T12:35:29.4816605Z [INFO] Downloading from central: https://repo.maven.apache.org/maven2/org/eclipse/jetty/ee11/jetty-ee11-bom/12.1.10/jetty-ee11-bom-12.1.10.pom
2026-10-04T12:35:29.5199339Z [INFO] Downloaded from central: https://repo.maven.apache.org/maven2/org/eclipse/jetty/ee11/jetty-ee11-bom/12.1.10/jetty-ee11-bom-12.1.10.pom (9.4 kB at 247 kB/s)
2026-10-04T12:35:29.5226733Z [INFO] Downloading from spring-milestones: https://repo.spring.io/milestone/org/eclipse/jetty/jetty-bom/12.1.10/jetty-bom-12.1.10.pom
2026-10-04T12:35:29.6006682Z [INFO] Downloading from central: https://repo.maven.apache.org/maven2/org/eclipse/jetty/jetty-bom/12.1.10/jetty-bom-12.1.10.pom
2026-10-04T12:35:29.6299046Z [INFO] Downloaded from central: https://repo.maven.apache.org/maven2/org/eclipse/jetty/jetty-bom/12.1.10/jetty-bom-12.1.10.pom (17 kB at 586 kB/s)
2026-10-04T12:35:29.6329464Z [INFO] Downloading from spring-milestones: https://repo.spring.io/milestone/org/jooq/jooq-bom/3.21.5/jooq-bom-3.21.5.pom
2026-10-04T12:35:29.7093737Z [INFO] Downloading from central: https://repo.maven.apache.org/maven2/org/jooq/jooq-bom/3.21.5/jooq-bom-3.21.5.pom
2026-10-04T12:35:29.7307465Z [INFO] Downloaded from central: https://repo.maven.apache.org/maven2/org/jooq/jooq-bom/3.21.5/jooq-bom-3.21.5.pom (5.4 kB at 247 kB/s)
2026-10-04T12:35:29.7333736Z [INFO] Downloading from spring-milestones: https://repo.spring.io/milestone/org/junit/junit-bom/6.0.3/junit-bom-6.0.3.pom
2026-10-04T12:35:29.8106606Z [INFO] Downloading from central: https://repo.maven.apache.org/maven2/org/junit/junit-bom/6.0.3/junit-bom-6.0.3.pom
2026-10-04T12:35:29.8331162Z [INFO] Downloaded from central: https://repo.maven.apache.org/maven2/org/junit/junit-bom/6.0.3/junit-bom-6.0.3.pom (5.1 kB at 233 kB/s)
2026-10-04T12:35:29.8351047Z [INFO] Downloading from spring-milestones: https://repo.spring.io/milestone/org/jetbrains/kotlin/kotlin-bom/2.3.21/kotlin-bom-2.3.21.pom
2026-10-04T12:35:29.9131377Z [INFO] Downloading from central: https://repo.maven.apache.org/maven2/org/jetbrains/kotlin/kotlin-bom/2.3.21/kotlin-bom-2.3.21.pom
2026-10-04T12:35:29.9450981Z [INFO] Downloaded from central: https://repo.maven.apache.org/maven2/org/jetbrains/kotlin/kotlin-bom/2.3.21/kotlin-bom-2.3.21.pom (9.4 kB at 294 kB/s)
2026-10-04T12:35:29.9477685Z [INFO] Downloading from spring-milestones: https://repo.spring.io/milestone/org/jetbrains/kotlinx/kotlinx-coroutines-bom/1.10.2/kotlinx-coroutines-bom-1.10.2.pom
2026-10-04T12:35:30.0295438Z [INFO] Downloading from central: https://repo.maven.apache.org/maven2/org/jetbrains/kotlinx/kotlinx-coroutines-bom/1.10.2/kotlinx-coroutines-bom-1.10.2.pom
2026-10-04T12:35:30.0508890Z [INFO] Downloaded from central: https://repo.maven.apache.org/maven2/org/jetbrains/kotlinx/kotlinx-coroutines-bom/1.10.2/kotlinx-coroutines-bom-1.10.2.pom (4.3 kB at 204 kB/s)
2026-10-04T12:35:30.0532485Z [INFO] Downloading from spring-milestones: https://repo.spring.io/milestone/org/jetbrains/kotlinx/kotlinx-serialization-bom/1.11.0/kotlinx-serialization-bom-1.11.0.pom
2026-10-04T12:35:30.1289557Z [INFO] Downloading from central: https://repo.maven.apache.org/maven2/org/jetbrains/kotlinx/kotlinx-serialization-bom/1.11.0/kotlinx-serialization-bom-1.11.0.pom
2026-10-04T12:35:30.1499043Z [INFO] Downloaded from central: https://repo.maven.apache.org/maven2/org/jetbrains/kotlinx/kotlinx-serialization-bom/1.11.0/kotlinx-serialization-bom-1.11.0.pom (4.1 kB at 197 kB/s)
2026-10-04T12:35:30.1516355Z [INFO] Downloading from spring-milestones: https://repo.spring.io/milestone/org/apache/logging/log4j/log4j-bom/2.25.4/log4j-bom-2.25.4.pom
2026-10-04T12:35:30.2261363Z [INFO] Downloading from central: https://repo.maven.apache.org/maven2/org/apache/logging/log4j/log4j-bom/2.25.4/log4j-bom-2.25.4.pom
2026-10-04T12:35:30.2471921Z [INFO] Downloaded from central: https://repo.maven.apache.org/maven2/org/apache/logging/log4j/log4j-bom/2.25.4/log4j-bom-2.25.4.pom (12 kB at 558 kB/s)
2026-10-04T12:35:30.2499591Z [INFO] Downloading from spring-milestones: https://repo.spring.io/milestone/io/micrometer/micrometer-bom/1.17.0/micrometer-bom-1.17.0.pom
2026-10-04T12:35:30.3485756Z [INFO] Downloading from central: https://repo.maven.apache.org/maven2/io/micrometer/micrometer-bom/1.17.0/micrometer-bom-1.17.0.pom
2026-10-04T12:35:30.3689514Z [INFO] Downloaded from central: https://repo.maven.apache.org/maven2/io/micrometer/micrometer-bom/1.17.0/micrometer-bom-1.17.0.pom (8.7 kB at 437 kB/s)
2026-10-04T12:35:30.3713031Z [INFO] Downloading from spring-milestones: https://repo.spring.io/milestone/io/micrometer/micrometer-tracing-bom/1.7.0/micrometer-tracing-bom-1.7.0.pom
2026-10-04T12:35:30.4534195Z [INFO] Downloading from central: https://repo.maven.apache.org/maven2/io/micrometer/micrometer-tracing-bom/1.7.0/micrometer-tracing-bom-1.7.0.pom
2026-10-04T12:35:30.4731298Z [INFO] Downloaded from central: https://repo.maven.apache.org/maven2/io/micrometer/micrometer-tracing-bom/1.7.0/micrometer-tracing-bom-1.7.0.pom (4.1 kB at 217 kB/s)
2026-10-04T12:35:30.4754240Z [INFO] Downloading from spring-milestones: https://repo.spring.io/milestone/org/mockito/mockito-bom/5.23.0/mockito-bom-5.23.0.pom
2026-10-04T12:35:30.5518234Z [INFO] Downloading from central: https://repo.maven.apache.org/maven2/org/mockito/mockito-bom/5.23.0/mockito-bom-5.23.0.pom
2026-10-04T12:35:30.5748679Z [INFO] Downloaded from central: https://repo.maven.apache.org/maven2/org/mockito/mockito-bom/5.23.0/mockito-bom-5.23.0.pom (3.0 kB at 129 kB/s)
2026-10-04T12:35:30.5764807Z [INFO] Downloading from spring-milestones: https://repo.spring.io/milestone/org/mongodb/mongodb-driver-bom/5.8.0/mongodb-driver-bom-5.8.0.pom
2026-10-04T12:35:30.6504989Z [INFO] Downloading from central: https://repo.maven.apache.org/maven2/org/mongodb/mongodb-driver-bom/5.8.0/mongodb-driver-bom-5.8.0.pom
2026-10-04T12:35:30.6710225Z [INFO] Downloaded from central: https://repo.maven.apache.org/maven2/org/mongodb/mongodb-driver-bom/5.8.0/mongodb-driver-bom-5.8.0.pom (4.5 kB at 225 kB/s)
2026-10-04T12:35:30.6731291Z [INFO] Downloading from spring-milestones: https://repo.spring.io/milestone/org/neo4j/driver/neo4j-java-driver-bom/6.1.0/neo4j-java-driver-bom-6.1.0.pom
2026-10-04T12:35:30.7478073Z [INFO] Downloading from central: https://repo.maven.apache.org/maven2/org/neo4j/driver/neo4j-java-driver-bom/6.1.0/neo4j-java-driver-bom-6.1.0.pom
2026-10-04T12:35:30.7731751Z [INFO] Downloaded from central: https://repo.maven.apache.org/maven2/org/neo4j/driver/neo4j-java-driver-bom/6.1.0/neo4j-java-driver-bom-6.1.0.pom (2.3 kB at 93 kB/s)
2026-10-04T12:35:30.7753088Z [INFO] Downloading from spring-milestones: https://repo.spring.io/milestone/org/neo4j/bolt/neo4j-bolt-connection-bom/11.0.2/neo4j-bolt-connection-bom-11.0.2.pom
2026-10-04T12:35:30.8688075Z [INFO] Downloading from central: https://repo.maven.apache.org/maven2/org/neo4j/bolt/neo4j-bolt-connection-bom/11.0.2/neo4j-bolt-connection-bom-11.0.2.pom
2026-10-04T12:35:30.8916266Z [INFO] Downloaded from central: https://repo.maven.apache.org/maven2/org/neo4j/bolt/neo4j-bolt-connection-bom/11.0.2/neo4j-bolt-connection-bom-11.0.2.pom (2.5 kB at 107 kB/s)
2026-10-04T12:35:30.8937894Z [INFO] Downloading from spring-milestones: https://repo.spring.io/milestone/io/netty/netty-bom/4.2.15.Final/netty-bom-4.2.15.Final.pom
2026-10-04T12:35:30.9684572Z [INFO] Downloading from central: https://repo.maven.apache.org/maven2/io/netty/netty-bom/4.2.15.Final/netty-bom-4.2.15.Final.pom
2026-10-04T12:35:30.9908369Z [INFO] Downloaded from central: https://repo.maven.apache.org/maven2/io/netty/netty-bom/4.2.15.Final/netty-bom-4.2.15.Final.pom (19 kB at 873 kB/s)
2026-10-04T12:35:30.9921391Z [INFO] Downloading from spring-milestones: https://repo.spring.io/milestone/org/sonatype/oss/oss-parent/7/oss-parent-7.pom
2026-10-04T12:35:31.0659470Z [INFO] Downloading from central: https://repo.maven.apache.org/maven2/org/sonatype/oss/oss-parent/7/oss-parent-7.pom
2026-10-04T12:35:31.0866629Z [INFO] Downloaded from central: https://repo.maven.apache.org/maven2/org/sonatype/oss/oss-parent/7/oss-parent-7.pom (4.8 kB at 230 kB/s)
2026-10-04T12:35:31.0886371Z [INFO] Downloading from spring-milestones: https://repo.spring.io/milestone/io/opentelemetry/opentelemetry-bom/1.62.0/opentelemetry-bom-1.62.0.pom
2026-10-04T12:35:31.1620653Z [INFO] Downloading from central: https://repo.maven.apache.org/maven2/io/opentelemetry/opentelemetry-bom/1.62.0/opentelemetry-bom-1.62.0.pom
2026-10-04T12:35:31.1825879Z [INFO] Downloaded from central: https://repo.maven.apache.org/maven2/io/opentelemetry/opentelemetry-bom/1.62.0/opentelemetry-bom-1.62.0.pom (6.0 kB at 288 kB/s)
2026-10-04T12:35:31.1842283Z [INFO] Downloading from spring-milestones: https://repo.spring.io/milestone/io/prometheus/prometheus-metrics-bom/1.5.1/prometheus-metrics-bom-1.5.1.pom
2026-10-04T12:35:31.2580161Z [INFO] Downloading from central: https://repo.maven.apache.org/maven2/io/prometheus/prometheus-metrics-bom/1.5.1/prometheus-metrics-bom-1.5.1.pom
2026-10-04T12:35:31.2827854Z [INFO] Downloaded from central: https://repo.maven.apache.org/maven2/io/prometheus/prometheus-metrics-bom/1.5.1/prometheus-metrics-bom-1.5.1.pom (6.0 kB at 242 kB/s)
2026-10-04T12:35:31.2838033Z [INFO] Downloading from spring-milestones: https://repo.spring.io/milestone/io/prometheus/client_java_parent/1.5.1/client_java_parent-1.5.1.pom
2026-10-04T12:35:31.3573878Z [INFO] Downloading from central: https://repo.maven.apache.org/maven2/io/prometheus/client_java_parent/1.5.1/client_java_parent-1.5.1.pom
2026-10-04T12:35:31.3781510Z [INFO] Downloaded from central: https://repo.maven.apache.org/maven2/io/prometheus/client_java_parent/1.5.1/client_java_parent-1.5.1.pom (4.6 kB at 230 kB/s)
2026-10-04T12:35:31.3802848Z [INFO] Downloading from spring-milestones: https://repo.spring.io/milestone/io/prometheus/simpleclient_bom/0.16.0/simpleclient_bom-0.16.0.pom
2026-10-04T12:35:31.4537199Z [INFO] Downloading from central: https://repo.maven.apache.org/maven2/io/prometheus/simpleclient_bom/0.16.0/simpleclient_bom-0.16.0.pom
2026-10-04T12:35:31.4754063Z [INFO] Downloaded from central: https://repo.maven.apache.org/maven2/io/prometheus/simpleclient_bom/0.16.0/simpleclient_bom-0.16.0.pom (6.0 kB at 273 kB/s)
2026-10-04T12:35:31.4768215Z [INFO] Downloading from spring-milestones: https://repo.spring.io/milestone/io/prometheus/parent/0.16.0/parent-0.16.0.pom
2026-10-04T12:35:31.5508828Z [INFO] Downloading from central: https://repo.maven.apache.org/maven2/io/prometheus/parent/0.16.0/parent-0.16.0.pom
2026-10-04T12:35:31.5739190Z [INFO] Downloaded from central: https://repo.maven.apache.org/maven2/io/prometheus/parent/0.16.0/parent-0.16.0.pom (13 kB at 544 kB/s)
2026-10-04T12:35:31.5763041Z [INFO] Downloading from spring-milestones: https://repo.spring.io/milestone/org/apache/pulsar/pulsar-bom/4.2.2/pulsar-bom-4.2.2.pom
2026-10-04T12:35:31.6522382Z [INFO] Downloading from central: https://repo.maven.apache.org/maven2/org/apache/pulsar/pulsar-bom/4.2.2/pulsar-bom-4.2.2.pom
2026-10-04T12:35:31.6816807Z [INFO] Downloaded from central: https://repo.maven.apache.org/maven2/org/apache/pulsar/pulsar-bom/4.2.2/pulsar-bom-4.2.2.pom (25 kB at 828 kB/s)
2026-10-04T12:35:31.6833530Z [INFO] Downloading from spring-milestones: https://repo.spring.io/milestone/org/apache/apache/35/apache-35.pom
2026-10-04T12:35:31.7584400Z [INFO] Downloading from central: https://repo.maven.apache.org/maven2/org/apache/apache/35/apache-35.pom
2026-10-04T12:35:31.7794898Z [INFO] Downloaded from central: https://repo.maven.apache.org/maven2/org/apache/apache/35/apache-35.pom (24 kB at 1.2 MB/s)
2026-10-04T12:35:31.7838968Z [INFO] Downloading from spring-milestones: https://repo.spring.io/milestone/com/google/protobuf/protobuf-bom/4.34.2/protobuf-bom-4.34.2.pom
2026-10-04T12:35:31.8607249Z [INFO] Downloading from central: https://repo.maven.apache.org/maven2/com/google/protobuf/protobuf-bom/4.34.2/protobuf-bom-4.34.2.pom
2026-10-04T12:35:31.8849387Z [INFO] Downloaded from central: https://repo.maven.apache.org/maven2/com/google/protobuf/protobuf-bom/4.34.2/protobuf-bom-4.34.2.pom (3.7 kB at 155 kB/s)
2026-10-04T12:35:31.8874502Z [INFO] Downloading from spring-milestones: https://repo.spring.io/milestone/com/querydsl/querydsl-bom/5.1.0/querydsl-bom-5.1.0.pom
2026-10-04T12:35:31.9615996Z [INFO] Downloading from central: https://repo.maven.apache.org/maven2/com/querydsl/querydsl-bom/5.1.0/querydsl-bom-5.1.0.pom
2026-10-04T12:35:31.9852428Z [INFO] Downloaded from central: https://repo.maven.apache.org/maven2/com/querydsl/querydsl-bom/5.1.0/querydsl-bom-5.1.0.pom (7.2 kB at 311 kB/s)
2026-10-04T12:35:31.9880865Z [INFO] Downloading from spring-milestones: https://repo.spring.io/milestone/io/projectreactor/reactor-bom/2025.0.6/reactor-bom-2025.0.6.pom
2026-10-04T12:35:32.0659085Z [INFO] Downloading from central: https://repo.maven.apache.org/maven2/io/projectreactor/reactor-bom/2025.0.6/reactor-bom-2025.0.6.pom
2026-10-04T12:35:32.0889842Z [INFO] Downloaded from central: https://repo.maven.apache.org/maven2/io/projectreactor/reactor-bom/2025.0.6/reactor-bom-2025.0.6.pom (4.6 kB at 200 kB/s)
2026-10-04T12:35:32.0910878Z [INFO] Downloading from spring-milestones: https://repo.spring.io/milestone/io/rsocket/rsocket-bom/1.1.5/rsocket-bom-1.1.5.pom
2026-10-04T12:35:32.1719294Z [INFO] Downloading from central: https://repo.maven.apache.org/maven2/io/rsocket/rsocket-bom/1.1.5/rsocket-bom-1.1.5.pom
2026-10-04T12:35:32.2084917Z [INFO] Downloaded from central: https://repo.maven.apache.org/maven2/io/rsocket/rsocket-bom/1.1.5/rsocket-bom-1.1.5.pom (2.4 kB at 64 kB/s)
2026-10-04T12:35:32.2105292Z [INFO] Downloading from spring-milestones: https://repo.spring.io/milestone/org/seleniumhq/selenium/selenium-bom/4.43.0/selenium-bom-4.43.0.pom
2026-10-04T12:35:32.2848618Z [INFO] Downloading from central: https://repo.maven.apache.org/maven2/org/seleniumhq/selenium/selenium-bom/4.43.0/selenium-bom-4.43.0.pom
2026-10-04T12:35:32.3071720Z [INFO] Downloaded from central: https://repo.maven.apache.org/maven2/org/seleniumhq/selenium/selenium-bom/4.43.0/selenium-bom-4.43.0.pom (6.0 kB at 274 kB/s)
2026-10-04T12:35:32.3088372Z [INFO] Downloading from spring-milestones: https://repo.spring.io/milestone/org/springframework/amqp/spring-amqp-bom/4.1.0/spring-amqp-bom-4.1.0.pom
2026-10-04T12:35:32.3942273Z [INFO] Downloading from central: https://repo.maven.apache.org/maven2/org/springframework/amqp/spring-amqp-bom/4.1.0/spring-amqp-bom-4.1.0.pom
2026-10-04T12:35:32.4169945Z [INFO] Downloaded from central: https://repo.maven.apache.org/maven2/org/springframework/amqp/spring-amqp-bom/4.1.0/spring-amqp-bom-4.1.0.pom (4.2 kB at 185 kB/s)
2026-10-04T12:35:32.4192312Z [INFO] Downloading from spring-milestones: https://repo.spring.io/milestone/org/springframework/batch/spring-batch-bom/6.0.4/spring-batch-bom-6.0.4.pom
2026-10-04T12:35:32.4941428Z [INFO] Downloading from central: https://repo.maven.apache.org/maven2/org/springframework/batch/spring-batch-bom/6.0.4/spring-batch-bom-6.0.4.pom
2026-10-04T12:35:32.5177170Z [INFO] Downloaded from central: https://repo.maven.apache.org/maven2/org/springframework/batch/spring-batch-bom/6.0.4/spring-batch-bom-6.0.4.pom (3.2 kB at 133 kB/s)
2026-10-04T12:35:32.5200975Z [INFO] Downloading from spring-milestones: https://repo.spring.io/milestone/org/springframework/data/spring-data-bom/2026.0.0/spring-data-bom-2026.0.0.pom
2026-10-04T12:35:32.5974984Z [INFO] Downloading from central: https://repo.maven.apache.org/maven2/org/springframework/data/spring-data-bom/2026.0.0/spring-data-bom-2026.0.0.pom
2026-10-04T12:35:32.6173908Z [INFO] Downloaded from central: https://repo.maven.apache.org/maven2/org/springframework/data/spring-data-bom/2026.0.0/spring-data-bom-2026.0.0.pom (5.5 kB at 275 kB/s)
2026-10-04T12:35:32.6193217Z [INFO] Downloading from spring-milestones: https://repo.spring.io/milestone/org/springframework/spring-framework-bom/7.0.8/spring-framework-bom-7.0.8.pom
2026-10-04T12:35:32.6957656Z [INFO] Downloading from central: https://repo.maven.apache.org/maven2/org/springframework/spring-framework-bom/7.0.8/spring-framework-bom-7.0.8.pom
2026-10-04T12:35:32.7343532Z [INFO] Downloaded from central: https://repo.maven.apache.org/maven2/org/springframework/spring-framework-bom/7.0.8/spring-framework-bom-7.0.8.pom (5.7 kB at 149 kB/s)
2026-10-04T12:35:32.7364577Z [INFO] Downloading from spring-milestones: https://repo.spring.io/milestone/org/springframework/integration/spring-integration-bom/7.1.0/spring-integration-bom-7.1.0.pom
2026-10-04T12:35:32.8237245Z [INFO] Downloading from central: https://repo.maven.apache.org/maven2/org/springframework/integration/spring-integration-bom/7.1.0/spring-integration-bom-7.1.0.pom
2026-10-04T12:35:32.8457671Z [INFO] Downloaded from central: https://repo.maven.apache.org/maven2/org/springframework/integration/spring-integration-bom/7.1.0/spring-integration-bom-7.1.0.pom (11 kB at 490 kB/s)
2026-10-04T12:35:32.8477651Z [INFO] Downloading from spring-milestones: https://repo.spring.io/milestone/org/springframework/pulsar/spring-pulsar-bom/2.0.6/spring-pulsar-bom-2.0.6.pom
2026-10-04T12:35:32.9277682Z [INFO] Downloading from central: https://repo.maven.apache.org/maven2/org/springframework/pulsar/spring-pulsar-bom/2.0.6/spring-pulsar-bom-2.0.6.pom
2026-10-04T12:35:32.9519191Z [INFO] Downloaded from central: https://repo.maven.apache.org/maven2/org/springframework/pulsar/spring-pulsar-bom/2.0.6/spring-pulsar-bom-2.0.6.pom (2.7 kB at 114 kB/s)
2026-10-04T12:35:32.9536984Z [INFO] Downloading from spring-milestones: https://repo.spring.io/milestone/org/springframework/restdocs/spring-restdocs-bom/4.0.1/spring-restdocs-bom-4.0.1.pom
2026-10-04T12:35:33.0285946Z [INFO] Downloading from central: https://repo.maven.apache.org/maven2/org/springframework/restdocs/spring-restdocs-bom/4.0.1/spring-restdocs-bom-4.0.1.pom
2026-10-04T12:35:33.0503386Z [INFO] Downloaded from central: https://repo.maven.apache.org/maven2/org/springframework/restdocs/spring-restdocs-bom/4.0.1/spring-restdocs-bom-4.0.1.pom (2.4 kB at 109 kB/s)
2026-10-04T12:35:33.0521927Z [INFO] Downloading from spring-milestones: https://repo.spring.io/milestone/org/springframework/security/spring-security-bom/7.1.0/spring-security-bom-7.1.0.pom
2026-10-04T12:35:33.1310658Z [INFO] Downloading from central: https://repo.maven.apache.org/maven2/org/springframework/security/spring-security-bom/7.1.0/spring-security-bom-7.1.0.pom
2026-10-04T12:35:33.1525191Z [INFO] Downloaded from central: https://repo.maven.apache.org/maven2/org/springframework/security/spring-security-bom/7.1.0/spring-security-bom-7.1.0.pom (6.7 kB at 303 kB/s)
2026-10-04T12:35:33.1549177Z [INFO] Downloading from spring-milestones: https://repo.spring.io/milestone/org/springframework/session/spring-session-bom/4.1.0/spring-session-bom-4.1.0.pom
2026-10-04T12:35:33.2353301Z [INFO] Downloading from central: https://repo.maven.apache.org/maven2/org/springframework/session/spring-session-bom/4.1.0/spring-session-bom-4.1.0.pom
2026-10-04T12:35:33.2565869Z [INFO] Downloaded from central: https://repo.maven.apache.org/maven2/org/springframework/session/spring-session-bom/4.1.0/spring-session-bom-4.1.0.pom (2.5 kB at 120 kB/s)
2026-10-04T12:35:33.2582969Z [INFO] Downloading from spring-milestones: https://repo.spring.io/milestone/org/springframework/ws/spring-ws-bom/5.0.2/spring-ws-bom-5.0.2.pom
2026-10-04T12:35:33.3355016Z [INFO] Downloading from central: https://repo.maven.apache.org/maven2/org/springframework/ws/spring-ws-bom/5.0.2/spring-ws-bom-5.0.2.pom
2026-10-04T12:35:33.3580254Z [INFO] Downloaded from central: https://repo.maven.apache.org/maven2/org/springframework/ws/spring-ws-bom/5.0.2/spring-ws-bom-5.0.2.pom (2.3 kB at 105 kB/s)
2026-10-04T12:35:33.3818201Z [INFO] 
2026-10-04T12:35:33.3818645Z [INFO] --------------------< ai.ultimate:Ultimate-server >---------------------
2026-10-04T12:35:33.3819317Z [INFO] Building Ultimate AI Platform — Server 0.1.0
2026-10-04T12:35:33.3821237Z [INFO]   from pom.xml
2026-10-04T12:35:33.3821513Z [INFO] --------------------------------[ jar ]---------------------------------
2026-10-04T12:35:33.3841417Z [INFO] Downloading from spring-milestones: https://repo.spring.io/milestone/org/springframework/boot/spring-boot-maven-plugin/4.1.0/spring-boot-maven-plugin-4.1.0.pom
2026-10-04T12:35:33.4592798Z [INFO] Downloading from central: https://repo.maven.apache.org/maven2/org/springframework/boot/spring-boot-maven-plugin/4.1.0/spring-boot-maven-plugin-4.1.0.pom
2026-10-04T12:35:33.4836811Z [INFO] Downloaded from central: https://repo.maven.apache.org/maven2/org/springframework/boot/spring-boot-maven-plugin/4.1.0/spring-boot-maven-plugin-4.1.0.pom (4.0 kB at 167 kB/s)
2026-10-04T12:35:33.4897814Z [INFO] Downloading from spring-milestones: https://repo.spring.io/milestone/org/springframework/boot/spring-boot-maven-plugin/4.1.0/spring-boot-maven-plugin-4.1.0.jar
2026-10-04T12:35:33.5648126Z [INFO] Downloading from central: https://repo.maven.apache.org/maven2/org/springframework/boot/spring-boot-maven-plugin/4.1.0/spring-boot-maven-plugin-4.1.0.jar
2026-10-04T12:35:33.5947342Z [INFO] Downloaded from central: https://repo.maven.apache.org/maven2/org/springframework/boot/spring-boot-maven-plugin/4.1.0/spring-boot-maven-plugin-4.1.0.jar (141 kB at 4.7 MB/s)
2026-10-04T12:35:33.6018752Z [INFO] Downloading from spring-milestones: https://repo.spring.io/milestone/org/apache/maven/plugins/maven-resources-plugin/3.5.0/maven-resources-plugin-3.5.0.pom
2026-10-04T12:35:33.6759401Z [INFO] Downloading from central: https://repo.maven.apache.org/maven2/org/apache/maven/plugins/maven-resources-plugin/3.5.0/maven-resources-plugin-3.5.0.pom
2026-10-04T12:35:33.7139765Z [INFO] Downloaded from central: https://repo.maven.apache.org/maven2/org/apache/maven/plugins/maven-resources-plugin/3.5.0/maven-resources-plugin-3.5.0.pom (7.7 kB at 201 kB/s)
2026-10-04T12:35:33.7157538Z [INFO] Downloading from spring-milestones: https://repo.spring.io/milestone/org/apache/maven/plugins/maven-plugins/47/maven-plugins-47.pom
2026-10-04T12:35:33.7903459Z [INFO] Downloading from central: https://repo.maven.apache.org/maven2/org/apache/maven/plugins/maven-plugins/47/maven-plugins-47.pom
2026-10-04T12:35:33.8403352Z [INFO] Downloaded from central: https://repo.maven.apache.org/maven2/org/apache/maven/plugins/maven-plugins/47/maven-plugins-47.pom (7.2 kB at 144 kB/s)
2026-10-04T12:35:33.8418927Z [INFO] Downloading from spring-milestones: https://repo.spring.io/milestone/org/apache/maven/maven-parent/47/maven-parent-47.pom
2026-10-04T12:35:33.9170822Z [INFO] Downloading from central: https://repo.maven.apache.org/maven2/org/apache/maven/maven-parent/47/maven-parent-47.pom
2026-10-04T12:35:33.9403811Z [INFO] Downloaded from central: https://repo.maven.apache.org/maven2/org/apache/maven/maven-parent/47/maven-parent-47.pom (54 kB at 2.2 MB/s)
2026-10-04T12:35:33.9445546Z [INFO] Downloading from spring-milestones: https://repo.spring.io/milestone/org/junit/junit-bom/5.14.2/junit-bom-5.14.2.pom
2026-10-04T12:35:34.0192667Z [INFO] Downloading from central: https://repo.maven.apache.org/maven2/org/junit/junit-bom/5.14.2/junit-bom-5.14.2.pom
2026-10-04T12:35:34.0393106Z [INFO] Downloaded from central: https://repo.maven.apache.org/maven2/org/junit/junit-bom/5.14.2/junit-bom-5.14.2.pom (5.7 kB at 283 kB/s)
2026-10-04T12:35:34.0411214Z [INFO] Downloading from spring-milestones: https://repo.spring.io/milestone/org/apache/maven/plugins/maven-resources-plugin/3.5.0/maven-resources-plugin-3.5.0.jar
2026-10-04T12:35:34.1225880Z [INFO] Downloading from central: https://repo.maven.apache.org/maven2/org/apache/maven/plugins/maven-resources-plugin/3.5.0/maven-resources-plugin-3.5.0.jar
2026-10-04T12:35:34.1773053Z [INFO] Downloaded from central: https://repo.maven.apache.org/maven2/org/apache/maven/plugins/maven-resources-plugin/3.5.0/maven-resources-plugin-3.5.0.jar (32 kB at 584 kB/s)
2026-10-04T12:35:34.1813478Z [INFO] Downloading from spring-milestones: https://repo.spring.io/milestone/org/apache/maven/plugins/maven-compiler-plugin/3.15.0/maven-compiler-plugin-3.15.0.pom
2026-10-04T12:35:34.2561734Z [INFO] Downloading from central: https://repo.maven.apache.org/maven2/org/apache/maven/plugins/maven-compiler-plugin/3.15.0/maven-compiler-plugin-3.15.0.pom
2026-10-04T12:35:34.2785557Z [INFO] Downloaded from central: https://repo.maven.apache.org/maven2/org/apache/maven/plugins/maven-compiler-plugin/3.15.0/maven-compiler-plugin-3.15.0.pom (9.5 kB at 415 kB/s)
2026-10-04T12:35:34.2825929Z [INFO] Downloading from spring-milestones: https://repo.spring.io/milestone/org/apache/maven/plugins/maven-compiler-plugin/3.15.0/maven-compiler-plugin-3.15.0.jar
2026-10-04T12:35:34.3582830Z [INFO] Downloading from central: https://repo.maven.apache.org/maven2/org/apache/maven/plugins/maven-compiler-plugin/3.15.0/maven-compiler-plugin-3.15.0.jar
2026-10-04T12:35:34.3797813Z [INFO] Downloaded from central: https://repo.maven.apache.org/maven2/org/apache/maven/plugins/maven-compiler-plugin/3.15.0/maven-compiler-plugin-3.15.0.jar (84 kB at 4.0 MB/s)
2026-10-04T12:35:34.3843017Z [INFO] Downloading from spring-milestones: https://repo.spring.io/milestone/org/apache/maven/plugins/maven-surefire-plugin/3.5.6/maven-surefire-plugin-3.5.6.pom
2026-10-04T12:35:34.4591598Z [INFO] Downloading from central: https://repo.maven.apache.org/maven2/org/apache/maven/plugins/maven-surefire-plugin/3.5.6/maven-surefire-plugin-3.5.6.pom
2026-10-04T12:35:34.4867890Z [INFO] Downloaded from central: https://repo.maven.apache.org/maven2/org/apache/maven/plugins/maven-surefire-plugin/3.5.6/maven-surefire-plugin-3.5.6.pom (4.9 kB at 174 kB/s)
2026-10-04T12:35:34.4881506Z [INFO] Downloading from spring-milestones: https://repo.spring.io/milestone/org/apache/maven/surefire/surefire/3.5.6/surefire-3.5.6.pom
2026-10-04T12:35:34.5616140Z [INFO] Downloading from central: https://repo.maven.apache.org/maven2/org/apache/maven/surefire/surefire/3.5.6/surefire-3.5.6.pom
2026-10-04T12:35:34.5856016Z [INFO] Downloaded from central: https://repo.maven.apache.org/maven2/org/apache/maven/surefire/surefire/3.5.6/surefire-3.5.6.pom (19 kB at 800 kB/s)
2026-10-04T12:35:34.5897696Z [INFO] Downloading from spring-milestones: https://repo.spring.io/milestone/org/junit/junit-bom/5.12.2/junit-bom-5.12.2.pom
2026-10-04T12:35:34.6645339Z [INFO] Downloading from central: https://repo.maven.apache.org/maven2/org/junit/junit-bom/5.12.2/junit-bom-5.12.2.pom
2026-10-04T12:35:34.6856538Z [INFO] Downloaded from central: https://repo.maven.apache.org/maven2/org/junit/junit-bom/5.12.2/junit-bom-5.12.2.pom (5.6 kB at 269 kB/s)
2026-10-04T12:35:34.6878831Z [INFO] Downloading from spring-milestones: https://repo.spring.io/milestone/org/apache/maven/plugins/maven-surefire-plugin/3.5.6/maven-surefire-plugin-3.5.6.jar
2026-10-04T12:35:34.7721189Z [INFO] Downloading from central: https://repo.maven.apache.org/maven2/org/apache/maven/plugins/maven-surefire-plugin/3.5.6/maven-surefire-plugin-3.5.6.jar
2026-10-04T12:35:34.7954673Z [INFO] Downloaded from central: https://repo.maven.apache.org/maven2/org/apache/maven/plugins/maven-surefire-plugin/3.5.6/maven-surefire-plugin-3.5.6.jar (47 kB at 1.9 MB/s)
2026-10-04T12:35:34.8181256Z [INFO] Downloading from spring-milestones: https://repo.spring.io/milestone/org/springframework/boot/spring-boot-starter-webflux/4.1.0/spring-boot-starter-webflux-4.1.0.pom
2026-10-04T12:35:34.9013114Z [INFO] Downloading from central: https://repo.maven.apache.org/maven2/org/springframework/boot/spring-boot-starter-webflux/4.1.0/spring-boot-starter-webflux-4.1.0.pom
2026-10-04T12:35:34.9213972Z [INFO] Downloaded from central: https://repo.maven.apache.org/maven2/org/springframework/boot/spring-boot-starter-webflux/4.1.0/spring-boot-starter-webflux-4.1.0.pom (2.9 kB at 145 kB/s)
2026-10-04T12:35:34.9253242Z [INFO] Downloading from spring-milestones: https://repo.spring.io/milestone/org/springframework/boot/spring-boot-starter/4.1.0/spring-boot-starter-4.1.0.pom
2026-10-04T12:35:35.0064567Z [INFO] Downloading from central: https://repo.maven.apache.org/maven2/org/springframework/boot/spring-boot-starter/4.1.0/spring-boot-starter-4.1.0.pom
2026-10-04T12:35:35.0287577Z [INFO] Downloaded from central: https://repo.maven.apache.org/maven2/org/springframework/boot/spring-boot-starter/4.1.0/spring-boot-starter-4.1.0.pom (2.7 kB at 121 kB/s)
2026-10-04T12:35:35.0303667Z [INFO] Downloading from spring-milestones: https://repo.spring.io/milestone/org/springframework/boot/spring-boot-starter-logging/4.1.0/spring-boot-starter-logging-4.1.0.pom
2026-10-04T12:35:35.1111924Z [INFO] Downloading from central: https://repo.maven.apache.org/maven2/org/springframework/boot/spring-boot-starter-logging/4.1.0/spring-boot-starter-logging-4.1.0.pom
2026-10-04T12:35:35.1318136Z [INFO] Downloaded from central: https://repo.maven.apache.org/maven2/org/springframework/boot/spring-boot-starter-logging/4.1.0/spring-boot-starter-logging-4.1.0.pom (2.4 kB at 116 kB/s)
2026-10-04T12:35:35.1333547Z [INFO] Downloading from spring-milestones: https://repo.spring.io/milestone/ch/qos/logback/logback-classic/1.5.34/logback-classic-1.5.34.pom
2026-10-04T12:35:35.2110228Z [INFO] Downloading from central: https://repo.maven.apache.org/maven2/ch/qos/logback/logback-classic/1.5.34/logback-classic-1.5.34.pom
2026-10-04T12:35:35.2339944Z [INFO] Downloaded from central: https://repo.maven.apache.org/maven2/ch/qos/logback/logback-classic/1.5.34/logback-classic-1.5.34.pom (16 kB at 690 kB/s)
2026-10-04T12:35:35.2358818Z [INFO] Downloading from spring-milestones: https://repo.spring.io/milestone/ch/qos/logback/logback-parent/1.5.34/logback-parent-1.5.34.pom
2026-10-04T12:35:35.3123405Z [INFO] Downloading from central: https://repo.maven.apache.org/maven2/ch/qos/logback/logback-parent/1.5.34/logback-parent-1.5.34.pom
2026-10-04T12:35:35.3388924Z [INFO] Downloaded from central: https://repo.maven.apache.org/maven2/ch/qos/logback/logback-parent/1.5.34/logback-parent-1.5.34.pom (20 kB at 770 kB/s)
2026-10-04T12:35:35.3437545Z [INFO] Downloading from spring-milestones: https://repo.spring.io/milestone/ch/qos/logback/logback-core/1.5.34/logback-core-1.5.34.pom
2026-10-04T12:35:35.4189381Z [INFO] Downloading from central: https://repo.maven.apache.org/maven2/ch/qos/logback/logback-core/1.5.34/logback-core-1.5.34.pom
2026-10-04T12:35:35.4383348Z [INFO] Downloaded from central: https://repo.maven.apache.org/maven2/ch/qos/logback/logback-core/1.5.34/logback-core-1.5.34.pom (9.4 kB at 471 kB/s)
2026-10-04T12:35:35.4417198Z [INFO] Downloading from spring-milestones: https://repo.spring.io/milestone/org/slf4j/slf4j-api/2.0.18/slf4j-api-2.0.18.pom
2026-10-04T12:35:35.5164754Z [INFO] Downloading from central: https://repo.maven.apache.org/maven2/org/slf4j/slf4j-api/2.0.18/slf4j-api-2.0.18.pom
2026-10-04T12:35:35.5373336Z [INFO] Downloaded from central: https://repo.maven.apache.org/maven2/org/slf4j/slf4j-api/2.0.18/slf4j-api-2.0.18.pom (2.8 kB at 135 kB/s)
2026-10-04T12:35:35.5386651Z [INFO] Downloading from spring-milestones: https://repo.spring.io/milestone/org/slf4j/slf4j-parent/2.0.18/slf4j-parent-2.0.18.pom
2026-10-04T12:35:35.6127156Z [INFO] Downloading from central: https://repo.maven.apache.org/maven2/org/slf4j/slf4j-parent/2.0.18/slf4j-parent-2.0.18.pom
2026-10-04T12:35:35.6352230Z [INFO] Downloaded from central: https://repo.maven.apache.org/maven2/org/slf4j/slf4j-parent/2.0.18/slf4j-parent-2.0.18.pom (13 kB at 581 kB/s)
2026-10-04T12:35:35.6373804Z [INFO] Downloading from spring-milestones: https://repo.spring.io/milestone/org/slf4j/slf4j-bom/2.0.18/slf4j-bom-2.0.18.pom
2026-10-04T12:35:35.7133252Z [INFO] Downloading from central: https://repo.maven.apache.org/maven2/org/slf4j/slf4j-bom/2.0.18/slf4j-bom-2.0.18.pom
2026-10-04T12:35:35.7352281Z [INFO] Downloaded from central: https://repo.maven.apache.org/maven2/org/slf4j/slf4j-bom/2.0.18/slf4j-bom-2.0.18.pom (7.9 kB at 375 kB/s)
2026-10-04T12:35:35.7375219Z [INFO] Downloading from spring-milestones: https://repo.spring.io/milestone/org/apache/logging/log4j/log4j-to-slf4j/2.25.4/log4j-to-slf4j-2.25.4.pom
2026-10-04T12:35:35.8166664Z [INFO] Downloading from central: https://repo.maven.apache.org/maven2/org/apache/logging/log4j/log4j-to-slf4j/2.25.4/log4j-to-slf4j-2.25.4.pom
2026-10-04T12:35:35.8393116Z [INFO] Downloaded from central: https://repo.maven.apache.org/maven2/org/apache/logging/log4j/log4j-to-slf4j/2.25.4/log4j-to-slf4j-2.25.4.pom (5.5 kB at 238 kB/s)
2026-10-04T12:35:35.8407959Z [INFO] Downloading from spring-milestones: https://repo.spring.io/milestone/org/apache/logging/log4j/log4j/2.25.4/log4j-2.25.4.pom
2026-10-04T12:35:35.9153075Z [INFO] Downloading from central: https://repo.maven.apache.org/maven2/org/apache/logging/log4j/log4j/2.25.4/log4j-2.25.4.pom
2026-10-04T12:35:35.9443235Z [INFO] Downloaded from central: https://repo.maven.apache.org/maven2/org/apache/logging/log4j/log4j/2.25.4/log4j-2.25.4.pom (41 kB at 1.4 MB/s)
2026-10-04T12:35:35.9477672Z [INFO] Downloading from spring-milestones: https://repo.spring.io/milestone/org/apache/groovy/groovy-bom/4.0.27/groovy-bom-4.0.27.pom
2026-10-04T12:35:36.0229136Z [INFO] Downloading from central: https://repo.maven.apache.org/maven2/org/apache/groovy/groovy-bom/4.0.27/groovy-bom-4.0.27.pom
2026-10-04T12:35:36.0464002Z [INFO] Downloaded from central: https://repo.maven.apache.org/maven2/org/apache/groovy/groovy-bom/4.0.27/groovy-bom-4.0.27.pom (27 kB at 1.1 MB/s)
2026-10-04T12:35:36.0489048Z [INFO] Downloading from spring-milestones: https://repo.spring.io/milestone/com/fasterxml/jackson/jackson-bom/2.19.1/jackson-bom-2.19.1.pom
2026-10-04T12:35:36.1236854Z [INFO] Downloading from central: https://repo.maven.apache.org/maven2/com/fasterxml/jackson/jackson-bom/2.19.1/jackson-bom-2.19.1.pom
2026-10-04T12:35:36.1450342Z [INFO] Downloaded from central: https://repo.maven.apache.org/maven2/com/fasterxml/jackson/jackson-bom/2.19.1/jackson-bom-2.19.1.pom (20 kB at 964 kB/s)
2026-10-04T12:35:36.1468335Z [INFO] Downloading from spring-milestones: https://repo.spring.io/milestone/com/fasterxml/jackson/jackson-parent/2.19.2/jackson-parent-2.19.2.pom
2026-10-04T12:35:36.2212443Z [INFO] Downloading from central: https://repo.maven.apache.org/maven2/com/fasterxml/jackson/jackson-parent/2.19.2/jackson-parent-2.19.2.pom
2026-10-04T12:35:36.2622968Z [INFO] Downloaded from central: https://repo.maven.apache.org/maven2/com/fasterxml/jackson/jackson-parent/2.19.2/jackson-parent-2.19.2.pom (7.2 kB at 171 kB/s)
2026-10-04T12:35:36.2639014Z [INFO] Downloading from spring-milestones: https://repo.spring.io/milestone/com/fasterxml/oss-parent/68/oss-parent-68.pom
2026-10-04T12:35:36.3381178Z [INFO] Downloading from central: https://repo.maven.apache.org/maven2/com/fasterxml/oss-parent/68/oss-parent-68.pom
2026-10-04T12:35:36.3596880Z [INFO] Downloaded from central: https://repo.maven.apache.org/maven2/com/fasterxml/oss-parent/68/oss-parent-68.pom (24 kB at 1.1 MB/s)
2026-10-04T12:35:36.3622516Z [INFO] Downloading from spring-milestones: https://repo.spring.io/milestone/jakarta/platform/jakarta.jakartaee-bom/9.1.0/jakarta.jakartaee-bom-9.1.0.pom
2026-10-04T12:35:36.4378132Z [INFO] Downloading from central: https://repo.maven.apache.org/maven2/jakarta/platform/jakarta.jakartaee-bom/9.1.0/jakarta.jakartaee-bom-9.1.0.pom
2026-10-04T12:35:36.4612853Z [INFO] Downloaded from central: https://repo.maven.apache.org/maven2/jakarta/platform/jakarta.jakartaee-bom/9.1.0/jakarta.jakartaee-bom-9.1.0.pom (9.6 kB at 398 kB/s)
2026-10-04T12:35:36.4626177Z [INFO] Downloading from spring-milestones: https://repo.spring.io/milestone/jakarta/platform/jakartaee-api-parent/9.1.0/jakartaee-api-parent-9.1.0.pom
2026-10-04T12:35:36.5475979Z [INFO] Downloading from central: https://repo.maven.apache.org/maven2/jakarta/platform/jakartaee-api-parent/9.1.0/jakartaee-api-parent-9.1.0.pom
2026-10-04T12:35:36.5702235Z [INFO] Downloaded from central: https://repo.maven.apache.org/maven2/jakarta/platform/jakartaee-api-parent/9.1.0/jakartaee-api-parent-9.1.0.pom (15 kB at 675 kB/s)
2026-10-04T12:35:36.5722846Z [INFO] Downloading from spring-milestones: https://repo.spring.io/milestone/org/eclipse/ee4j/project/1.0.7/project-1.0.7.pom
2026-10-04T12:35:36.6465502Z [INFO] Downloading from central: https://repo.maven.apache.org/maven2/org/eclipse/ee4j/project/1.0.7/project-1.0.7.pom
2026-10-04T12:35:36.6705273Z [INFO] Downloaded from central: https://repo.maven.apache.org/maven2/org/eclipse/ee4j/project/1.0.7/project-1.0.7.pom (14 kB at 591 kB/s)
2026-10-04T12:35:36.6731593Z [INFO] Downloading from spring-milestones: https://repo.spring.io/milestone/org/junit/junit-bom/5.13.2/junit-bom-5.13.2.pom
2026-10-04T12:35:36.7469478Z [INFO] Downloading from central: https://repo.maven.apache.org/maven2/org/junit/junit-bom/5.13.2/junit-bom-5.13.2.pom
2026-10-04T12:35:36.7693873Z [INFO] Downloaded from central: https://repo.maven.apache.org/maven2/org/junit/junit-bom/5.13.2/junit-bom-5.13.2.pom (5.7 kB at 246 kB/s)
2026-10-04T12:35:36.7713953Z [INFO] Downloading from spring-milestones: https://repo.spring.io/milestone/org/mockito/mockito-bom/4.11.0/mockito-bom-4.11.0.pom
2026-10-04T12:35:36.8457115Z [INFO] Downloading from central: https://repo.maven.apache.org/maven2/org/mockito/mockito-bom/4.11.0/mockito-bom-4.11.0.pom
2026-10-04T12:35:36.8703622Z [INFO] Downloaded from central: https://repo.maven.apache.org/maven2/org/mockito/mockito-bom/4.11.0/mockito-bom-4.11.0.pom (3.2 kB at 126 kB/s)
2026-10-04T12:35:36.8722131Z [INFO] Downloading from spring-milestones: https://repo.spring.io/milestone/org/springframework/spring-framework-bom/5.3.39/spring-framework-bom-5.3.39.pom
2026-10-04T12:35:36.9493810Z [INFO] Downloading from central: https://repo.maven.apache.org/maven2/org/springframework/spring-framework-bom/5.3.39/spring-framework-bom-5.3.39.pom
2026-10-04T12:35:36.9688299Z [INFO] Downloaded from central: https://repo.maven.apache.org/maven2/org/springframework/spring-framework-bom/5.3.39/spring-framework-bom-5.3.39.pom (5.7 kB at 298 kB/s)
2026-10-04T12:35:36.9712229Z [INFO] Downloading from spring-milestones: https://repo.spring.io/milestone/org/apache/logging/log4j/log4j-api/2.25.4/log4j-api-2.25.4.pom
2026-10-04T12:35:37.0457585Z [INFO] Downloading from central: https://repo.maven.apache.org/maven2/org/apache/logging/log4j/log4j-api/2.25.4/log4j-api-2.25.4.pom
2026-10-04T12:35:37.0691978Z [INFO] Downloaded from central: https://repo.maven.apache.org/maven2/org/apache/logging/log4j/log4j-api/2.25.4/log4j-api-2.25.4.pom (4.5 kB at 196 kB/s)
2026-10-04T12:35:37.0722559Z [INFO] Downloading from spring-milestones: https://repo.spring.io/milestone/org/slf4j/jul-to-slf4j/2.0.18/jul-to-slf4j-2.0.18.pom
2026-10-04T12:35:37.1482354Z [INFO] Downloading from central: https://repo.maven.apache.org/maven2/org/slf4j/jul-to-slf4j/2.0.18/jul-to-slf4j-2.0.18.pom
2026-10-04T12:35:37.1701238Z [INFO] Downloaded from central: https://repo.maven.apache.org/maven2/org/slf4j/jul-to-slf4j/2.0.18/jul-to-slf4j-2.0.18.pom (1.1 kB at 50 kB/s)
2026-10-04T12:35:37.1725785Z [INFO] Downloading from spring-milestones: https://repo.spring.io/milestone/org/springframework/boot/spring-boot-autoconfigure/4.1.0/spring-boot-autoconfigure-4.1.0.pom
2026-10-04T12:35:37.2486145Z [INFO] Downloading from central: https://repo.maven.apache.org/maven2/org/springframework/boot/spring-boot-autoconfigure/4.1.0/spring-boot-autoconfigure-4.1.0.pom
2026-10-04T12:35:37.2684162Z [INFO] Downloaded from central: https://repo.maven.apache.org/maven2/org/springframework/boot/spring-boot-autoconfigure/4.1.0/spring-boot-autoconfigure-4.1.0.pom (2.1 kB at 103 kB/s)
2026-10-04T12:35:37.2702823Z [INFO] Downloading from spring-milestones: https://repo.spring.io/milestone/org/springframework/boot/spring-boot/4.1.0/spring-boot-4.1.0.pom
2026-10-04T12:35:37.3463186Z [INFO] Downloading from central: https://repo.maven.apache.org/maven2/org/springframework/boot/spring-boot/4.1.0/spring-boot-4.1.0.pom
2026-10-04T12:35:37.3673236Z [INFO] Downloaded from central: https://repo.maven.apache.org/maven2/org/springframework/boot/spring-boot/4.1.0/spring-boot-4.1.0.pom (2.2 kB at 105 kB/s)
2026-10-04T12:35:37.3695237Z [INFO] Downloading from spring-milestones: https://repo.spring.io/milestone/org/springframework/spring-core/7.0.8/spring-core-7.0.8.pom
2026-10-04T12:35:37.4563744Z [INFO] Downloading from central: https://repo.maven.apache.org/maven2/org/springframework/spring-core/7.0.8/spring-core-7.0.8.pom
2026-10-04T12:35:37.4871826Z [INFO] Downloaded from central: https://repo.maven.apache.org/maven2/org/springframework/spring-core/7.0.8/spring-core-7.0.8.pom (2.2 kB at 73 kB/s)
2026-10-04T12:35:37.4887859Z [INFO] Downloading from spring-milestones: https://repo.spring.io/milestone/commons-logging/commons-logging/1.3.6/commons-logging-1.3.6.pom
2026-10-04T12:35:37.5639785Z [INFO] Downloading from central: https://repo.maven.apache.org/maven2/commons-logging/commons-logging/1.3.6/commons-logging-1.3.6.pom
2026-10-04T12:35:37.5846936Z [INFO] Downloaded from central: https://repo.maven.apache.org/maven2/commons-logging/commons-logging/1.3.6/commons-logging-1.3.6.pom (32 kB at 1.5 MB/s)
2026-10-04T12:35:37.5864347Z [INFO] Downloading from spring-milestones: https://repo.spring.io/milestone/org/apache/commons/commons-parent/97/commons-parent-97.pom
2026-10-04T12:35:37.6606203Z [INFO] Downloading from central: https://repo.maven.apache.org/maven2/org/apache/commons/commons-parent/97/commons-parent-97.pom
2026-10-04T12:35:37.6864364Z [INFO] Downloaded from central: https://repo.maven.apache.org/maven2/org/apache/commons/commons-parent/97/commons-parent-97.pom (80 kB at 3.2 MB/s)
2026-10-04T12:35:37.6917874Z [INFO] Downloading from spring-milestones: https://repo.spring.io/milestone/org/jspecify/jspecify/1.0.0/jspecify-1.0.0.pom
2026-10-04T12:35:37.7657853Z [INFO] Downloading from central: https://repo.maven.apache.org/maven2/org/jspecify/jspecify/1.0.0/jspecify-1.0.0.pom
2026-10-04T12:35:37.7925073Z [INFO] Downloaded from central: https://repo.maven.apache.org/maven2/org/jspecify/jspecify/1.0.0/jspecify-1.0.0.pom (1.5 kB at 56 kB/s)
2026-10-04T12:35:37.7948280Z [INFO] Downloading from spring-milestones: https://repo.spring.io/milestone/org/springframework/spring-context/7.0.8/spring-context-7.0.8.pom
2026-10-04T12:35:37.8822905Z [INFO] Downloading from central: https://repo.maven.apache.org/maven2/org/springframework/spring-context/7.0.8/spring-context-7.0.8.pom
2026-10-04T12:35:37.9046591Z [INFO] Downloaded from central: https://repo.maven.apache.org/maven2/org/springframework/spring-context/7.0.8/spring-context-7.0.8.pom (2.8 kB at 121 kB/s)
2026-10-04T12:35:37.9068449Z [INFO] Downloading from spring-milestones: https://repo.spring.io/milestone/org/springframework/spring-aop/7.0.8/spring-aop-7.0.8.pom
2026-10-04T12:35:37.9842480Z [INFO] Downloading from central: https://repo.maven.apache.org/maven2/org/springframework/spring-aop/7.0.8/spring-aop-7.0.8.pom
2026-10-04T12:35:38.0050870Z [INFO] Downloaded from central: https://repo.maven.apache.org/maven2/org/springframework/spring-aop/7.0.8/spring-aop-7.0.8.pom (2.2 kB at 110 kB/s)
2026-10-04T12:35:38.0067631Z [INFO] Downloading from spring-milestones: https://repo.spring.io/milestone/org/springframework/spring-beans/7.0.8/spring-beans-7.0.8.pom
2026-10-04T12:35:38.0832616Z [INFO] Downloading from central: https://repo.maven.apache.org/maven2/org/springframework/spring-beans/7.0.8/spring-beans-7.0.8.pom
2026-10-04T12:35:38.1234137Z [INFO] Downloaded from central: https://repo.maven.apache.org/maven2/org/springframework/spring-beans/7.0.8/spring-beans-7.0.8.pom (2.0 kB at 51 kB/s)
2026-10-04T12:35:38.1295584Z [INFO] Downloading from spring-milestones: https://repo.spring.io/milestone/org/springframework/spring-expression/7.0.8/spring-expression-7.0.8.pom
2026-10-04T12:35:38.2063730Z [INFO] Downloading from central: https://repo.maven.apache.org/maven2/org/springframework/spring-expression/7.0.8/spring-expression-7.0.8.pom
2026-10-04T12:35:38.2282290Z [INFO] Downloaded from central: https://repo.maven.apache.org/maven2/org/springframework/spring-expression/7.0.8/spring-expression-7.0.8.pom (2.1 kB at 90 kB/s)
2026-10-04T12:35:38.2299626Z [INFO] Downloading from spring-milestones: https://repo.spring.io/milestone/io/micrometer/micrometer-observation/1.17.0/micrometer-observation-1.17.0.pom
2026-10-04T12:35:38.3188182Z [INFO] Downloading from central: https://repo.maven.apache.org/maven2/io/micrometer/micrometer-observation/1.17.0/micrometer-observation-1.17.0.pom
2026-10-04T12:35:38.3680047Z [INFO] Downloaded from central: https://repo.maven.apache.org/maven2/io/micrometer/micrometer-observation/1.17.0/micrometer-observation-1.17.0.pom (4.0 kB at 81 kB/s)
2026-10-04T12:35:38.3699061Z [INFO] Downloading from spring-milestones: https://repo.spring.io/milestone/io/micrometer/micrometer-commons/1.17.0/micrometer-commons-1.17.0.pom
2026-10-04T12:35:38.4451610Z [INFO] Downloading from central: https://repo.maven.apache.org/maven2/io/micrometer/micrometer-commons/1.17.0/micrometer-commons-1.17.0.pom
2026-10-04T12:35:38.4658056Z [INFO] Downloaded from central: https://repo.maven.apache.org/maven2/io/micrometer/micrometer-commons/1.17.0/micrometer-commons-1.17.0.pom (3.7 kB at 178 kB/s)
2026-10-04T12:35:38.4673646Z [INFO] Downloading from spring-milestones: https://repo.spring.io/milestone/jakarta/annotation/jakarta.annotation-api/3.0.0/jakarta.annotation-api-3.0.0.pom
2026-10-04T12:35:38.5428714Z [INFO] Downloading from central: https://repo.maven.apache.org/maven2/jakarta/annotation/jakarta.annotation-api/3.0.0/jakarta.annotation-api-3.0.0.pom
2026-10-04T12:35:38.5779460Z [INFO] Downloaded from central: https://repo.maven.apache.org/maven2/jakarta/annotation/jakarta.annotation-api/3.0.0/jakarta.annotation-api-3.0.0.pom (15 kB at 432 kB/s)
2026-10-04T12:35:38.5800659Z [INFO] Downloading from spring-milestones: https://repo.spring.io/milestone/org/yaml/snakeyaml/2.6/snakeyaml-2.6.pom
2026-10-04T12:35:38.6548715Z [INFO] Downloading from central: https://repo.maven.apache.org/maven2/org/yaml/snakeyaml/2.6/snakeyaml-2.6.pom
2026-10-04T12:35:38.6774619Z [INFO] Downloaded from central: https://repo.maven.apache.org/maven2/org/yaml/snakeyaml/2.6/snakeyaml-2.6.pom (21 kB at 925 kB/s)
2026-10-04T12:35:38.6794060Z [INFO] Downloading from spring-milestones: https://repo.spring.io/milestone/org/springframework/boot/spring-boot-starter-jackson/4.1.0/spring-boot-starter-jackson-4.1.0.pom
2026-10-04T12:35:38.7633444Z [INFO] Downloading from central: https://repo.maven.apache.org/maven2/org/springframework/boot/spring-boot-starter-jackson/4.1.0/spring-boot-starter-jackson-4.1.0.pom
2026-10-04T12:35:38.7832770Z [INFO] Downloaded from central: https://repo.maven.apache.org/maven2/org/springframework/boot/spring-boot-starter-jackson/4.1.0/spring-boot-starter-jackson-4.1.0.pom (2.3 kB at 119 kB/s)
2026-10-04T12:35:38.7852681Z [INFO] Downloading from spring-milestones: https://repo.spring.io/milestone/org/springframework/boot/spring-boot-jackson/4.1.0/spring-boot-jackson-4.1.0.pom
2026-10-04T12:35:38.8598073Z [INFO] Downloading from central: https://repo.maven.apache.org/maven2/org/springframework/boot/spring-boot-jackson/4.1.0/spring-boot-jackson-4.1.0.pom
2026-10-04T12:35:38.8900036Z [INFO] Downloaded from central: https://repo.maven.apache.org/maven2/org/springframework/boot/spring-boot-jackson/4.1.0/spring-boot-jackson-4.1.0.pom (2.2 kB at 74 kB/s)
2026-10-04T12:35:38.8915354Z [INFO] Downloading from spring-milestones: https://repo.spring.io/milestone/tools/jackson/core/jackson-databind/3.1.4/jackson-databind-3.1.4.pom
2026-10-04T12:35:38.9720135Z [INFO] Downloading from central: https://repo.maven.apache.org/maven2/tools/jackson/core/jackson-databind/3.1.4/jackson-databind-3.1.4.pom
2026-10-04T12:35:38.9970059Z [INFO] Downloaded from central: https://repo.maven.apache.org/maven2/tools/jackson/core/jackson-databind/3.1.4/jackson-databind-3.1.4.pom (18 kB at 721 kB/s)
2026-10-04T12:35:38.9991226Z [INFO] Downloading from spring-milestones: https://repo.spring.io/milestone/tools/jackson/jackson-base/3.1.4/jackson-base-3.1.4.pom
2026-10-04T12:35:39.0731339Z [INFO] Downloading from central: https://repo.maven.apache.org/maven2/tools/jackson/jackson-base/3.1.4/jackson-base-3.1.4.pom
2026-10-04T12:35:39.0992143Z [INFO] Downloaded from central: https://repo.maven.apache.org/maven2/tools/jackson/jackson-base/3.1.4/jackson-base-3.1.4.pom (16 kB at 596 kB/s)
2026-10-04T12:35:39.1032396Z [INFO] Downloading from spring-milestones: https://repo.spring.io/milestone/com/fasterxml/jackson/core/jackson-annotations/2.21/jackson-annotations-2.21.pom
2026-10-04T12:35:39.1772564Z [INFO] Downloading from central: https://repo.maven.apache.org/maven2/com/fasterxml/jackson/core/jackson-annotations/2.21/jackson-annotations-2.21.pom
2026-10-04T12:35:39.1978124Z [INFO] Downloaded from central: https://repo.maven.apache.org/maven2/com/fasterxml/jackson/core/jackson-annotations/2.21/jackson-annotations-2.21.pom (7.4 kB at 352 kB/s)
2026-10-04T12:35:39.2002423Z [INFO] Downloading from spring-milestones: https://repo.spring.io/milestone/tools/jackson/core/jackson-core/3.1.4/jackson-core-3.1.4.pom
2026-10-04T12:35:39.2748907Z [INFO] Downloading from central: https://repo.maven.apache.org/maven2/tools/jackson/core/jackson-core/3.1.4/jackson-core-3.1.4.pom
2026-10-04T12:35:39.2973096Z [INFO] Downloaded from central: https://repo.maven.apache.org/maven2/tools/jackson/core/jackson-core/3.1.4/jackson-core-3.1.4.pom (11 kB at 483 kB/s)
2026-10-04T12:35:39.3001771Z [INFO] Downloading from spring-milestones: https://repo.spring.io/milestone/org/springframework/boot/spring-boot-starter-reactor-netty/4.1.0/spring-boot-starter-reactor-netty-4.1.0.pom
2026-10-04T12:35:39.3774412Z [INFO] Downloading from central: https://repo.maven.apache.org/maven2/org/springframework/boot/spring-boot-starter-reactor-netty/4.1.0/spring-boot-starter-reactor-netty-4.1.0.pom
2026-10-04T12:35:39.4006213Z [INFO] Downloaded from central: https://repo.maven.apache.org/maven2/org/springframework/boot/spring-boot-starter-reactor-netty/4.1.0/spring-boot-starter-reactor-netty-4.1.0.pom (2.5 kB at 108 kB/s)
2026-10-04T12:35:39.4026329Z [INFO] Downloading from spring-milestones: https://repo.spring.io/milestone/org/springframework/boot/spring-boot-reactor/4.1.0/spring-boot-reactor-4.1.0.pom
2026-10-04T12:35:39.4778973Z [INFO] Downloading from central: https://repo.maven.apache.org/maven2/org/springframework/boot/spring-boot-reactor/4.1.0/spring-boot-reactor-4.1.0.pom
2026-10-04T12:35:39.5008099Z [INFO] Downloaded from central: https://repo.maven.apache.org/maven2/org/springframework/boot/spring-boot-reactor/4.1.0/spring-boot-reactor-4.1.0.pom (2.2 kB at 97 kB/s)
2026-10-04T12:35:39.5027475Z [INFO] Downloading from spring-milestones: https://repo.spring.io/milestone/io/projectreactor/reactor-core/3.8.6/reactor-core-3.8.6.pom
2026-10-04T12:35:39.5908835Z [INFO] Downloading from central: https://repo.maven.apache.org/maven2/io/projectreactor/reactor-core/3.8.6/reactor-core-3.8.6.pom
2026-10-04T12:35:39.6145137Z [INFO] Downloaded from central: https://repo.maven.apache.org/maven2/io/projectreactor/reactor-core/3.8.6/reactor-core-3.8.6.pom (2.3 kB at 97 kB/s)
2026-10-04T12:35:39.6163903Z [INFO] Downloading from spring-milestones: https://repo.spring.io/milestone/org/reactivestreams/reactive-streams/1.0.4/reactive-streams-1.0.4.pom
2026-10-04T12:35:39.6897262Z [INFO] Downloading from central: https://repo.maven.apache.org/maven2/org/reactivestreams/reactive-streams/1.0.4/reactive-streams-1.0.4.pom
2026-10-04T12:35:39.7092780Z [INFO] Downloaded from central: https://repo.maven.apache.org/maven2/org/reactivestreams/reactive-streams/1.0.4/reactive-streams-1.0.4.pom (1.1 kB at 57 kB/s)
2026-10-04T12:35:39.7111978Z [INFO] Downloading from spring-milestones: https://repo.spring.io/milestone/org/springframework/boot/spring-boot-reactor-netty/4.1.0/spring-boot-reactor-netty-4.1.0.pom
2026-10-04T12:35:39.7864468Z [INFO] Downloading from central: https://repo.maven.apache.org/maven2/org/springframework/boot/spring-boot-reactor-netty/4.1.0/spring-boot-reactor-netty-4.1.0.pom
2026-10-04T12:35:39.8067404Z [INFO] Downloaded from central: https://repo.maven.apache.org/maven2/org/springframework/boot/spring-boot-reactor-netty/4.1.0/spring-boot-reactor-netty-4.1.0.pom (2.6 kB at 132 kB/s)
2026-10-04T12:35:39.8087915Z [INFO] Downloading from spring-milestones: https://repo.spring.io/milestone/org/springframework/boot/spring-boot-web-server/4.1.0/spring-boot-web-server-4.1.0.pom
2026-10-04T12:35:39.8844469Z [INFO] Downloading from central: https://repo.maven.apache.org/maven2/org/springframework/boot/spring-boot-web-server/4.1.0/spring-boot-web-server-4.1.0.pom
2026-10-04T12:35:39.9038002Z [INFO] Downloaded from central: https://repo.maven.apache.org/maven2/org/springframework/boot/spring-boot-web-server/4.1.0/spring-boot-web-server-4.1.0.pom (2.2 kB at 118 kB/s)
2026-10-04T12:35:39.9059042Z [INFO] Downloading from spring-milestones: https://repo.spring.io/milestone/org/springframework/spring-web/7.0.8/spring-web-7.0.8.pom
2026-10-04T12:35:39.9995702Z [INFO] Downloading from central: https://repo.maven.apache.org/maven2/org/springframework/spring-web/7.0.8/spring-web-7.0.8.pom
2026-10-04T12:35:40.0195530Z [INFO] Downloaded from central: https://repo.maven.apache.org/maven2/org/springframework/spring-web/7.0.8/spring-web-7.0.8.pom (2.4 kB at 120 kB/s)
2026-10-04T12:35:40.0218765Z [INFO] Downloading from spring-milestones: https://repo.spring.io/milestone/io/projectreactor/netty/reactor-netty-http/1.3.6/reactor-netty-http-1.3.6.pom
2026-10-04T12:35:40.1125689Z [INFO] Downloading from central: https://repo.maven.apache.org/maven2/io/projectreactor/netty/reactor-netty-http/1.3.6/reactor-netty-http-1.3.6.pom
2026-10-04T12:35:40.1337450Z [INFO] Downloaded from central: https://repo.maven.apache.org/maven2/io/projectreactor/netty/reactor-netty-http/1.3.6/reactor-netty-http-1.3.6.pom (3.4 kB at 163 kB/s)
2026-10-04T12:35:40.1357472Z [INFO] Downloading from spring-milestones: https://repo.spring.io/milestone/io/netty/netty-codec-http/4.2.15.Final/netty-codec-http-4.2.15.Final.pom
2026-10-04T12:35:40.2097607Z [INFO] Downloading from central: https://repo.maven.apache.org/maven2/io/netty/netty-codec-http/4.2.15.Final/netty-codec-http-4.2.15.Final.pom
2026-10-04T12:35:40.2290278Z [INFO] Downloaded from central: https://repo.maven.apache.org/maven2/io/netty/netty-codec-http/4.2.15.Final/netty-codec-http-4.2.15.Final.pom (5.7 kB at 298 kB/s)
2026-10-04T12:35:40.2308138Z [INFO] Downloading from spring-milestones: https://repo.spring.io/milestone/io/netty/netty-parent/4.2.15.Final/netty-parent-4.2.15.Final.pom
2026-10-04T12:35:40.3110322Z [INFO] Downloading from central: https://repo.maven.apache.org/maven2/io/netty/netty-parent/4.2.15.Final/netty-parent-4.2.15.Final.pom
2026-10-04T12:35:40.3368447Z [INFO] Downloaded from central: https://repo.maven.apache.org/maven2/io/netty/netty-parent/4.2.15.Final/netty-parent-4.2.15.Final.pom (86 kB at 3.3 MB/s)
2026-10-04T12:35:40.3409351Z [INFO] Downloading from spring-milestones: https://repo.spring.io/milestone/org/sonatype/oss/oss-parent/9/oss-parent-9.pom
2026-10-04T12:35:40.4176148Z [INFO] Downloading from central: https://repo.maven.apache.org/maven2/org/sonatype/oss/oss-parent/9/oss-parent-9.pom
2026-10-04T12:35:40.4381177Z [INFO] Downloaded from central: https://repo.maven.apache.org/maven2/org/sonatype/oss/oss-parent/9/oss-parent-9.pom (6.6 kB at 328 kB/s)
2026-10-04T12:35:40.4411389Z [INFO] Downloading from spring-milestones: https://repo.spring.io/milestone/org/bouncycastle/bc-jdk18on-bom/1.84/bc-jdk18on-bom-1.84.pom
2026-10-04T12:35:40.5181835Z [INFO] Downloading from central: https://repo.maven.apache.org/maven2/org/bouncycastle/bc-jdk18on-bom/1.84/bc-jdk18on-bom-1.84.pom
2026-10-04T12:35:40.5398265Z [INFO] Downloaded from central: https://repo.maven.apache.org/maven2/org/bouncycastle/bc-jdk18on-bom/1.84/bc-jdk18on-bom-1.84.pom (3.1 kB at 140 kB/s)
2026-10-04T12:35:40.5427760Z [INFO] Downloading from spring-milestones: https://repo.spring.io/milestone/io/netty/netty-common/4.2.15.Final/netty-common-4.2.15.Final.pom
2026-10-04T12:35:40.6209171Z [INFO] Downloading from central: https://repo.maven.apache.org/maven2/io/netty/netty-common/4.2.15.Final/netty-common-4.2.15.Final.pom
2026-10-04T12:35:40.6596684Z [INFO] Downloaded from central: https://repo.maven.apache.org/maven2/io/netty/netty-common/4.2.15.Final/netty-common-4.2.15.Final.pom (12 kB at 304 kB/s)
2026-10-04T12:35:40.6635366Z [INFO] Downloading from spring-milestones: https://repo.spring.io/milestone/io/netty/netty-buffer/4.2.15.Final/netty-buffer-4.2.15.Final.pom
2026-10-04T12:35:40.7385926Z [INFO] Downloading from central: https://repo.maven.apache.org/maven2/io/netty/netty-buffer/4.2.15.Final/netty-buffer-4.2.15.Final.pom
2026-10-04T12:35:40.7604214Z [INFO] Downloaded from central: https://repo.maven.apache.org/maven2/io/netty/netty-buffer/4.2.15.Final/netty-buffer-4.2.15.Final.pom (5.5 kB at 251 kB/s)
2026-10-04T12:35:40.7644720Z [INFO] Downloading from spring-milestones: https://repo.spring.io/milestone/io/netty/netty-transport/4.2.15.Final/netty-transport-4.2.15.Final.pom
2026-10-04T12:35:40.8384951Z [INFO] Downloading from central: https://repo.maven.apache.org/maven2/io/netty/netty-transport/4.2.15.Final/netty-transport-4.2.15.Final.pom
2026-10-04T12:35:40.8583582Z [INFO] Downloaded from central: https://repo.maven.apache.org/maven2/io/netty/netty-transport/4.2.15.Final/netty-transport-4.2.15.Final.pom (3.4 kB at 171 kB/s)
2026-10-04T12:35:40.8632634Z [INFO] Downloading from spring-milestones: https://repo.spring.io/milestone/io/netty/netty-resolver/4.2.15.Final/netty-resolver-4.2.15.Final.pom
2026-10-04T12:35:40.9435677Z [INFO] Downloading from central: https://repo.maven.apache.org/maven2/io/netty/netty-resolver/4.2.15.Final/netty-resolver-4.2.15.Final.pom
2026-10-04T12:35:40.9646052Z [INFO] Downloaded from central: https://repo.maven.apache.org/maven2/io/netty/netty-resolver/4.2.15.Final/netty-resolver-4.2.15.Final.pom (2.7 kB at 129 kB/s)
2026-10-04T12:35:40.9677325Z [INFO] Downloading from spring-milestones: https://repo.spring.io/milestone/io/netty/netty-codec-base/4.2.15.Final/netty-codec-base-4.2.15.Final.pom
2026-10-04T12:35:41.0478866Z [INFO] Downloading from central: https://repo.maven.apache.org/maven2/io/netty/netty-codec-base/4.2.15.Final/netty-codec-base-4.2.15.Final.pom
2026-10-04T12:35:41.0719114Z [INFO] Downloaded from central: https://repo.maven.apache.org/maven2/io/netty/netty-codec-base/4.2.15.Final/netty-codec-base-4.2.15.Final.pom (3.6 kB at 150 kB/s)
2026-10-04T12:35:41.0749346Z [INFO] Downloading from spring-milestones: https://repo.spring.io/milestone/io/netty/netty-codec-compression/4.2.15.Final/netty-codec-compression-4.2.15.Final.pom
2026-10-04T12:35:41.1489894Z [INFO] Downloading from central: https://repo.maven.apache.org/maven2/io/netty/netty-codec-compression/4.2.15.Final/netty-codec-compression-4.2.15.Final.pom
2026-10-04T12:35:41.1705727Z [INFO] Downloaded from central: https://repo.maven.apache.org/maven2/io/netty/netty-codec-compression/4.2.15.Final/netty-codec-compression-4.2.15.Final.pom (5.9 kB at 269 kB/s)
2026-10-04T12:35:41.1738417Z [INFO] Downloading from spring-milestones: https://repo.spring.io/milestone/io/netty/netty-handler/4.2.15.Final/netty-handler-4.2.15.Final.pom
2026-10-04T12:35:41.2526984Z [INFO] Downloading from central: https://repo.maven.apache.org/maven2/io/netty/netty-handler/4.2.15.Final/netty-handler-4.2.15.Final.pom
2026-10-04T12:35:41.2722221Z [INFO] Downloaded from central: https://repo.maven.apache.org/maven2/io/netty/netty-handler/4.2.15.Final/netty-handler-4.2.15.Final.pom (7.0 kB at 349 kB/s)
2026-10-04T12:35:41.2754655Z [INFO] Downloading from spring-milestones: https://repo.spring.io/milestone/io/netty/netty-transport-native-unix-common/4.2.15.Final/netty-transport-native-unix-common-4.2.15.Final.pom
2026-10-04T12:35:41.3518339Z [INFO] Downloading from central: https://repo.maven.apache.org/maven2/io/netty/netty-transport-native-unix-common/4.2.15.Final/netty-transport-native-unix-common-4.2.15.Final.pom
2026-10-04T12:35:41.3812405Z [INFO] Downloaded from central: https://repo.maven.apache.org/maven2/io/netty/netty-transport-native-unix-common/4.2.15.Final/netty-transport-native-unix-common-4.2.15.Final.pom (34 kB at 1.1 MB/s)
2026-10-04T12:35:41.3851083Z [INFO] Downloading from spring-milestones: https://repo.spring.io/milestone/io/netty/netty-codec-http2/4.2.15.Final/netty-codec-http2-4.2.15.Final.pom
2026-10-04T12:35:41.4600129Z [INFO] Downloading from central: https://repo.maven.apache.org/maven2/io/netty/netty-codec-http2/4.2.15.Final/netty-codec-http2-4.2.15.Final.pom
2026-10-04T12:35:41.4790206Z [INFO] Downloaded from central: https://repo.maven.apache.org/maven2/io/netty/netty-codec-http2/4.2.15.Final/netty-codec-http2-4.2.15.Final.pom (7.5 kB at 392 kB/s)
2026-10-04T12:35:41.4823076Z [INFO] Downloading from spring-milestones: https://repo.spring.io/milestone/io/netty/netty-codec-http3/4.2.15.Final/netty-codec-http3-4.2.15.Final.pom
2026-10-04T12:35:41.5572665Z [INFO] Downloading from central: https://repo.maven.apache.org/maven2/io/netty/netty-codec-http3/4.2.15.Final/netty-codec-http3-4.2.15.Final.pom
2026-10-04T12:35:41.6041188Z [INFO] Downloaded from central: https://repo.maven.apache.org/maven2/io/netty/netty-codec-http3/4.2.15.Final/netty-codec-http3-4.2.15.Final.pom (19 kB at 422 kB/s)
2026-10-04T12:35:41.6073889Z [INFO] Downloading from spring-milestones: https://repo.spring.io/milestone/io/netty/netty-codec-classes-quic/4.2.15.Final/netty-codec-classes-quic-4.2.15.Final.pom
2026-10-04T12:35:41.6817077Z [INFO] Downloading from central: https://repo.maven.apache.org/maven2/io/netty/netty-codec-classes-quic/4.2.15.Final/netty-codec-classes-quic-4.2.15.Final.pom
2026-10-04T12:35:41.7018633Z [INFO] Downloaded from central: https://repo.maven.apache.org/maven2/io/netty/netty-codec-classes-quic/4.2.15.Final/netty-codec-classes-quic-4.2.15.Final.pom (2.9 kB at 144 kB/s)
2026-10-04T12:35:41.7045942Z [INFO] Downloading from spring-milestones: https://repo.spring.io/milestone/io/netty/netty-codec-native-quic/4.2.15.Final/netty-codec-native-quic-4.2.15.Final.pom
2026-10-04T12:35:41.7802259Z [INFO] Downloading from central: https://repo.maven.apache.org/maven2/io/netty/netty-codec-native-quic/4.2.15.Final/netty-codec-native-quic-4.2.15.Final.pom
2026-10-04T12:35:41.8085129Z [INFO] Downloaded from central: https://repo.maven.apache.org/maven2/io/netty/netty-codec-native-quic/4.2.15.Final/netty-codec-native-quic-4.2.15.Final.pom (61 kB at 2.2 MB/s)
2026-10-04T12:35:41.8222470Z [INFO] Downloading from spring-milestones: https://repo.spring.io/milestone/io/netty/netty-resolver-dns/4.2.15.Final/netty-resolver-dns-4.2.15.Final.pom
2026-10-04T12:35:41.8954347Z [INFO] Downloading from central: https://repo.maven.apache.org/maven2/io/netty/netty-resolver-dns/4.2.15.Final/netty-resolver-dns-4.2.15.Final.pom
2026-10-04T12:35:41.9155529Z [INFO] Downloaded from central: https://repo.maven.apache.org/maven2/io/netty/netty-resolver-dns/4.2.15.Final/netty-resolver-dns-4.2.15.Final.pom (4.3 kB at 217 kB/s)
2026-10-04T12:35:41.9186907Z [INFO] Downloading from spring-milestones: https://repo.spring.io/milestone/io/netty/netty-codec-dns/4.2.15.Final/netty-codec-dns-4.2.15.Final.pom
2026-10-04T12:35:41.9979760Z [INFO] Downloading from central: https://repo.maven.apache.org/maven2/io/netty/netty-codec-dns/4.2.15.Final/netty-codec-dns-4.2.15.Final.pom
2026-10-04T12:35:42.0173959Z [INFO] Downloaded from central: https://repo.maven.apache.org/maven2/io/netty/netty-codec-dns/4.2.15.Final/netty-codec-dns-4.2.15.Final.pom (3.8 kB at 191 kB/s)
2026-10-04T12:35:42.0198239Z [INFO] Downloading from spring-milestones: https://repo.spring.io/milestone/io/netty/netty-resolver-dns-native-macos/4.2.15.Final/netty-resolver-dns-native-macos-4.2.15.Final.pom
2026-10-04T12:35:42.0928424Z [INFO] Downloading from central: https://repo.maven.apache.org/maven2/io/netty/netty-resolver-dns-native-macos/4.2.15.Final/netty-resolver-dns-native-macos-4.2.15.Final.pom
2026-10-04T12:35:42.1178282Z [INFO] Downloaded from central: https://repo.maven.apache.org/maven2/io/netty/netty-resolver-dns-native-macos/4.2.15.Final/netty-resolver-dns-native-macos-4.2.15.Final.pom (22 kB at 900 kB/s)
2026-10-04T12:35:42.1208283Z [INFO] Downloading from spring-milestones: https://repo.spring.io/milestone/io/netty/netty-resolver-dns-classes-macos/4.2.15.Final/netty-resolver-dns-classes-macos-4.2.15.Final.pom
2026-10-04T12:35:42.1953518Z [INFO] Downloading from central: https://repo.maven.apache.org/maven2/io/netty/netty-resolver-dns-classes-macos/4.2.15.Final/netty-resolver-dns-classes-macos-4.2.15.Final.pom
2026-10-04T12:35:42.2146956Z [INFO] Downloaded from central: https://repo.maven.apache.org/maven2/io/netty/netty-resolver-dns-classes-macos/4.2.15.Final/netty-resolver-dns-classes-macos-4.2.15.Final.pom (2.8 kB at 150 kB/s)
2026-10-04T12:35:42.2174603Z [INFO] Downloading from spring-milestones: https://repo.spring.io/milestone/io/netty/netty-transport-native-epoll/4.2.15.Final/netty-transport-native-epoll-4.2.15.Final.pom
2026-10-04T12:35:42.2915840Z [INFO] Downloading from central: https://repo.maven.apache.org/maven2/io/netty/netty-transport-native-epoll/4.2.15.Final/netty-transport-native-epoll-4.2.15.Final.pom
2026-10-04T12:35:42.3122969Z [INFO] Downloaded from central: https://repo.maven.apache.org/maven2/io/netty/netty-transport-native-epoll/4.2.15.Final/netty-transport-native-epoll-4.2.15.Final.pom (32 kB at 1.5 MB/s)
2026-10-04T12:35:42.3158875Z [INFO] Downloading from spring-milestones: https://repo.spring.io/milestone/io/netty/netty-transport-classes-epoll/4.2.15.Final/netty-transport-classes-epoll-4.2.15.Final.pom
2026-10-04T12:35:42.3920380Z [INFO] Downloading from central: https://repo.maven.apache.org/maven2/io/netty/netty-transport-classes-epoll/4.2.15.Final/netty-transport-classes-epoll-4.2.15.Final.pom
2026-10-04T12:35:42.4131714Z [INFO] Downloaded from central: https://repo.maven.apache.org/maven2/io/netty/netty-transport-classes-epoll/4.2.15.Final/netty-transport-classes-epoll-4.2.15.Final.pom (2.9 kB at 130 kB/s)
2026-10-04T12:35:42.4157605Z [INFO] Downloading from spring-milestones: https://repo.spring.io/milestone/io/projectreactor/netty/reactor-netty-core/1.3.6/reactor-netty-core-1.3.6.pom
2026-10-04T12:35:42.5001439Z [INFO] Downloading from central: https://repo.maven.apache.org/maven2/io/projectreactor/netty/reactor-netty-core/1.3.6/reactor-netty-core-1.3.6.pom
2026-10-04T12:35:42.5305142Z [INFO] Downloaded from central: https://repo.maven.apache.org/maven2/io/projectreactor/netty/reactor-netty-core/1.3.6/reactor-netty-core-1.3.6.pom (3.0 kB at 105 kB/s)
2026-10-04T12:35:42.5306277Z [INFO] Downloading from spring-milestones: https://repo.spring.io/milestone/io/netty/netty-handler-proxy/4.2.15.Final/netty-handler-proxy-4.2.15.Final.pom
2026-10-04T12:35:42.6031472Z [INFO] Downloading from central: https://repo.maven.apache.org/maven2/io/netty/netty-handler-proxy/4.2.15.Final/netty-handler-proxy-4.2.15.Final.pom
2026-10-04T12:35:42.6282759Z [INFO] Downloaded from central: https://repo.maven.apache.org/maven2/io/netty/netty-handler-proxy/4.2.15.Final/netty-handler-proxy-4.2.15.Final.pom (4.8 kB at 186 kB/s)
2026-10-04T12:35:42.6307085Z [INFO] Downloading from spring-milestones: https://repo.spring.io/milestone/io/netty/netty-codec-socks/4.2.15.Final/netty-codec-socks-4.2.15.Final.pom
2026-10-04T12:35:42.7047132Z [INFO] Downloading from central: https://repo.maven.apache.org/maven2/io/netty/netty-codec-socks/4.2.15.Final/netty-codec-socks-4.2.15.Final.pom
2026-10-04T12:35:42.7255493Z [INFO] Downloaded from central: https://repo.maven.apache.org/maven2/io/netty/netty-codec-socks/4.2.15.Final/netty-codec-socks-4.2.15.Final.pom (3.7 kB at 174 kB/s)
2026-10-04T12:35:42.7279701Z [INFO] Downloading from spring-milestones: https://repo.spring.io/milestone/org/springframework/boot/spring-boot-netty/4.1.0/spring-boot-netty-4.1.0.pom
2026-10-04T12:35:42.8138707Z [INFO] Downloading from central: https://repo.maven.apache.org/maven2/org/springframework/boot/spring-boot-netty/4.1.0/spring-boot-netty-4.1.0.pom
2026-10-04T12:35:42.8326497Z [INFO] Downloaded from central: https://repo.maven.apache.org/maven2/org/springframework/boot/spring-boot-netty/4.1.0/spring-boot-netty-4.1.0.pom (2.2 kB at 117 kB/s)
2026-10-04T12:35:42.8344230Z [INFO] Downloading from spring-milestones: https://repo.spring.io/milestone/org/springframework/boot/spring-boot-webflux/4.1.0/spring-boot-webflux-4.1.0.pom
2026-10-04T12:35:42.9096226Z [INFO] Downloading from central: https://repo.maven.apache.org/maven2/org/springframework/boot/spring-boot-webflux/4.1.0/spring-boot-webflux-4.1.0.pom
2026-10-04T12:35:42.9284812Z [INFO] Downloaded from central: https://repo.maven.apache.org/maven2/org/springframework/boot/spring-boot-webflux/4.1.0/spring-boot-webflux-4.1.0.pom (2.6 kB at 138 kB/s)
2026-10-04T12:35:42.9298043Z [INFO] Downloading from spring-milestones: https://repo.spring.io/milestone/org/springframework/boot/spring-boot-http-codec/4.1.0/spring-boot-http-codec-4.1.0.pom
2026-10-04T12:35:43.0132992Z [INFO] Downloading from central: https://repo.maven.apache.org/maven2/org/springframework/boot/spring-boot-http-codec/4.1.0/spring-boot-http-codec-4.1.0.pom
2026-10-04T12:35:43.0371119Z [INFO] Downloaded from central: https://repo.maven.apache.org/maven2/org/springframework/boot/spring-boot-http-codec/4.1.0/spring-boot-http-codec-4.1.0.pom (2.2 kB at 97 kB/s)
2026-10-04T12:35:43.0388853Z [INFO] Downloading from spring-milestones: https://repo.spring.io/milestone/org/springframework/spring-webflux/7.0.8/spring-webflux-7.0.8.pom
2026-10-04T12:35:43.1386691Z [INFO] Downloading from central: https://repo.maven.apache.org/maven2/org/springframework/spring-webflux/7.0.8/spring-webflux-7.0.8.pom
2026-10-04T12:35:43.1585271Z [INFO] Downloaded from central: https://repo.maven.apache.org/maven2/org/springframework/spring-webflux/7.0.8/spring-webflux-7.0.8.pom (2.6 kB at 129 kB/s)
2026-10-04T12:35:43.1599937Z [INFO] Downloading from spring-milestones: https://repo.spring.io/milestone/org/springframework/boot/spring-boot-starter-oauth2-resource-server/4.1.0/spring-boot-starter-oauth2-resource-server-4.1.0.pom
2026-10-04T12:35:43.2334843Z [INFO] Downloading from central: https://repo.maven.apache.org/maven2/org/springframework/boot/spring-boot-starter-oauth2-resource-server/4.1.0/spring-boot-starter-oauth2-resource-server-4.1.0.pom
2026-10-04T12:35:43.2601904Z [INFO] Downloaded from central: https://repo.maven.apache.org/maven2/org/springframework/boot/spring-boot-starter-oauth2-resource-server/4.1.0/spring-boot-starter-oauth2-resource-server-4.1.0.pom (2.6 kB at 102 kB/s)
2026-10-04T12:35:43.2616490Z [INFO] Downloading from spring-milestones: https://repo.spring.io/milestone/org/springframework/boot/spring-boot-starter-security/4.1.0/spring-boot-starter-security-4.1.0.pom
2026-10-04T12:35:43.3462385Z [INFO] Downloading from central: https://repo.maven.apache.org/maven2/org/springframework/boot/spring-boot-starter-security/4.1.0/spring-boot-starter-security-4.1.0.pom
2026-10-04T12:35:43.3681953Z [INFO] Downloaded from central: https://repo.maven.apache.org/maven2/org/springframework/boot/spring-boot-starter-security/4.1.0/spring-boot-starter-security-4.1.0.pom (2.5 kB at 112 kB/s)
2026-10-04T12:35:43.3694935Z [INFO] Downloading from spring-milestones: https://repo.spring.io/milestone/org/springframework/boot/spring-boot-security/4.1.0/spring-boot-security-4.1.0.pom
2026-10-04T12:35:43.4556925Z [INFO] Downloading from central: https://repo.maven.apache.org/maven2/org/springframework/boot/spring-boot-security/4.1.0/spring-boot-security-4.1.0.pom
2026-10-04T12:35:43.4777661Z [INFO] Downloaded from central: https://repo.maven.apache.org/maven2/org/springframework/boot/spring-boot-security/4.1.0/spring-boot-security-4.1.0.pom (2.4 kB at 111 kB/s)
2026-10-04T12:35:43.4791281Z [INFO] Downloading from spring-milestones: https://repo.spring.io/milestone/org/springframework/security/spring-security-config/7.1.0/spring-security-config-7.1.0.pom
2026-10-04T12:35:43.5600350Z [INFO] Downloading from central: https://repo.maven.apache.org/maven2/org/springframework/security/spring-security-config/7.1.0/spring-security-config-7.1.0.pom
2026-10-04T12:35:43.5815197Z [INFO] Downloaded from central: https://repo.maven.apache.org/maven2/org/springframework/security/spring-security-config/7.1.0/spring-security-config-7.1.0.pom (2.8 kB at 129 kB/s)
2026-10-04T12:35:43.5832649Z [INFO] Downloading from spring-milestones: https://repo.spring.io/milestone/org/springframework/security/spring-security-core/7.1.0/spring-security-core-7.1.0.pom
2026-10-04T12:35:43.6595809Z [INFO] Downloading from central: https://repo.maven.apache.org/maven2/org/springframework/security/spring-security-core/7.1.0/spring-security-core-7.1.0.pom
2026-10-04T12:35:43.6803927Z [INFO] Downloaded from central: https://repo.maven.apache.org/maven2/org/springframework/security/spring-security-core/7.1.0/spring-security-core-7.1.0.pom (3.2 kB at 153 kB/s)
2026-10-04T12:35:43.6821538Z [INFO] Downloading from spring-milestones: https://repo.spring.io/milestone/org/springframework/security/spring-security-crypto/7.1.0/spring-security-crypto-7.1.0.pom
2026-10-04T12:35:43.7593042Z [INFO] Downloading from central: https://repo.maven.apache.org/maven2/org/springframework/security/spring-security-crypto/7.1.0/spring-security-crypto-7.1.0.pom
2026-10-04T12:35:43.7798810Z [INFO] Downloaded from central: https://repo.maven.apache.org/maven2/org/springframework/security/spring-security-crypto/7.1.0/spring-security-crypto-7.1.0.pom (2.1 kB at 106 kB/s)
2026-10-04T12:35:43.7816877Z [INFO] Downloading from spring-milestones: https://repo.spring.io/milestone/org/springframework/security/spring-security-web/7.1.0/spring-security-web-7.1.0.pom
2026-10-04T12:35:43.8564443Z [INFO] Downloading from central: https://repo.maven.apache.org/maven2/org/springframework/security/spring-security-web/7.1.0/spring-security-web-7.1.0.pom
2026-10-04T12:35:43.8902224Z [INFO] Downloaded from central: https://repo.maven.apache.org/maven2/org/springframework/security/spring-security-web/7.1.0/spring-security-web-7.1.0.pom (3.2 kB at 97 kB/s)
2026-10-04T12:35:43.8922464Z [INFO] Downloading from spring-milestones: https://repo.spring.io/milestone/org/springframework/boot/spring-boot-security-oauth2-resource-server/4.1.0/spring-boot-security-oauth2-resource-server-4.1.0.pom
2026-10-04T12:35:43.9682039Z [INFO] Downloading from central: https://repo.maven.apache.org/maven2/org/springframework/boot/spring-boot-security-oauth2-resource-server/4.1.0/spring-boot-security-oauth2-resource-server-4.1.0.pom
2026-10-04T12:35:43.9909453Z [INFO] Downloaded from central: https://repo.maven.apache.org/maven2/org/springframework/boot/spring-boot-security-oauth2-resource-server/4.1.0/spring-boot-security-oauth2-resource-server-4.1.0.pom (2.7 kB at 119 kB/s)
2026-10-04T12:35:43.9928533Z [INFO] Downloading from spring-milestones: https://repo.spring.io/milestone/org/springframework/security/spring-security-oauth2-jose/7.1.0/spring-security-oauth2-jose-7.1.0.pom
2026-10-04T12:35:44.0674472Z [INFO] Downloading from central: https://repo.maven.apache.org/maven2/org/springframework/security/spring-security-oauth2-jose/7.1.0/spring-security-oauth2-jose-7.1.0.pom
2026-10-04T12:35:44.0872882Z [INFO] Downloaded from central: https://repo.maven.apache.org/maven2/org/springframework/security/spring-security-oauth2-jose/7.1.0/spring-security-oauth2-jose-7.1.0.pom (2.7 kB at 134 kB/s)
2026-10-04T12:35:44.0888864Z [INFO] Downloading from spring-milestones: https://repo.spring.io/milestone/org/springframework/security/spring-security-oauth2-core/7.1.0/spring-security-oauth2-core-7.1.0.pom
2026-10-04T12:35:44.1706345Z [INFO] Downloading from central: https://repo.maven.apache.org/maven2/org/springframework/security/spring-security-oauth2-core/7.1.0/spring-security-oauth2-core-7.1.0.pom
2026-10-04T12:35:44.1914098Z [INFO] Downloaded from central: https://repo.maven.apache.org/maven2/org/springframework/security/spring-security-oauth2-core/7.1.0/spring-security-oauth2-core-7.1.0.pom (2.5 kB at 118 kB/s)
2026-10-04T12:35:44.1928924Z [INFO] Downloading from spring-milestones: https://repo.spring.io/milestone/com/nimbusds/nimbus-jose-jwt/10.9/nimbus-jose-jwt-10.9.pom
2026-10-04T12:35:44.2794097Z [INFO] Downloading from central: https://repo.maven.apache.org/maven2/com/nimbusds/nimbus-jose-jwt/10.9/nimbus-jose-jwt-10.9.pom
2026-10-04T12:35:44.3028689Z [INFO] Downloaded from central: https://repo.maven.apache.org/maven2/com/nimbusds/nimbus-jose-jwt/10.9/nimbus-jose-jwt-10.9.pom (14 kB at 605 kB/s)
2026-10-04T12:35:44.3043612Z [INFO] Downloading from spring-milestones: https://repo.spring.io/milestone/org/springframework/security/spring-security-oauth2-resource-server/7.1.0/spring-security-oauth2-resource-server-7.1.0.pom
2026-10-04T12:35:44.3786539Z [INFO] Downloading from central: https://repo.maven.apache.org/maven2/org/springframework/security/spring-security-oauth2-resource-server/7.1.0/spring-security-oauth2-resource-server-7.1.0.pom
2026-10-04T12:35:44.4034564Z [INFO] Downloaded from central: https://repo.maven.apache.org/maven2/org/springframework/security/spring-security-oauth2-resource-server/7.1.0/spring-security-oauth2-resource-server-7.1.0.pom (2.7 kB at 109 kB/s)
2026-10-04T12:35:44.4051090Z [INFO] Downloading from spring-milestones: https://repo.spring.io/milestone/org/springframework/boot/spring-boot-starter-validation/4.1.0/spring-boot-starter-validation-4.1.0.pom
2026-10-04T12:35:44.4789222Z [INFO] Downloading from central: https://repo.maven.apache.org/maven2/org/springframework/boot/spring-boot-starter-validation/4.1.0/spring-boot-starter-validation-4.1.0.pom
2026-10-04T12:35:44.5092410Z [INFO] Downloaded from central: https://repo.maven.apache.org/maven2/org/springframework/boot/spring-boot-starter-validation/4.1.0/spring-boot-starter-validation-4.1.0.pom (2.3 kB at 75 kB/s)
2026-10-04T12:35:44.5109004Z [INFO] Downloading from spring-milestones: https://repo.spring.io/milestone/org/springframework/boot/spring-boot-validation/4.1.0/spring-boot-validation-4.1.0.pom
2026-10-04T12:35:44.5856647Z [INFO] Downloading from central: https://repo.maven.apache.org/maven2/org/springframework/boot/spring-boot-validation/4.1.0/spring-boot-validation-4.1.0.pom
2026-10-04T12:35:44.6053500Z [INFO] Downloaded from central: https://repo.maven.apache.org/maven2/org/springframework/boot/spring-boot-validation/4.1.0/spring-boot-validation-4.1.0.pom (2.4 kB at 122 kB/s)
2026-10-04T12:35:44.6066075Z [INFO] Downloading from spring-milestones: https://repo.spring.io/milestone/org/apache/tomcat/embed/tomcat-embed-el/11.0.22/tomcat-embed-el-11.0.22.pom
2026-10-04T12:35:44.6813975Z [INFO] Downloading from central: https://repo.maven.apache.org/maven2/org/apache/tomcat/embed/tomcat-embed-el/11.0.22/tomcat-embed-el-11.0.22.pom
2026-10-04T12:35:44.7014658Z [INFO] Downloaded from central: https://repo.maven.apache.org/maven2/org/apache/tomcat/embed/tomcat-embed-el/11.0.22/tomcat-embed-el-11.0.22.pom (1.5 kB at 77 kB/s)
2026-10-04T12:35:44.7025298Z [INFO] Downloading from spring-milestones: https://repo.spring.io/milestone/org/hibernate/validator/hibernate-validator/9.1.0.Final/hibernate-validator-9.1.0.Final.pom
2026-10-04T12:35:44.7754683Z [INFO] Downloading from central: https://repo.maven.apache.org/maven2/org/hibernate/validator/hibernate-validator/9.1.0.Final/hibernate-validator-9.1.0.Final.pom
2026-10-04T12:35:44.7979606Z [INFO] Downloaded from central: https://repo.maven.apache.org/maven2/org/hibernate/validator/hibernate-validator/9.1.0.Final/hibernate-validator-9.1.0.Final.pom (5.0 kB at 230 kB/s)
2026-10-04T12:35:44.7990943Z [INFO] Downloading from spring-milestones: https://repo.spring.io/milestone/jakarta/validation/jakarta.validation-api/3.1.1/jakarta.validation-api-3.1.1.pom
2026-10-04T12:35:44.8722931Z [INFO] Downloading from central: https://repo.maven.apache.org/maven2/jakarta/validation/jakarta.validation-api/3.1.1/jakarta.validation-api-3.1.1.pom
2026-10-04T12:35:44.8970859Z [INFO] Downloaded from central: https://repo.maven.apache.org/maven2/jakarta/validation/jakarta.validation-api/3.1.1/jakarta.validation-api-3.1.1.pom (11 kB at 458 kB/s)
2026-10-04T12:35:44.8986395Z [INFO] Downloading from spring-milestones: https://repo.spring.io/milestone/org/jboss/logging/jboss-logging/3.6.3.Final/jboss-logging-3.6.3.Final.pom
2026-10-04T12:35:44.9934900Z [INFO] Downloading from central: https://repo.maven.apache.org/maven2/org/jboss/logging/jboss-logging/3.6.3.Final/jboss-logging-3.6.3.Final.pom
2026-10-04T12:35:45.0327616Z [INFO] Downloaded from central: https://repo.maven.apache.org/maven2/org/jboss/logging/jboss-logging/3.6.3.Final/jboss-logging-3.6.3.Final.pom (23 kB at 581 kB/s)
2026-10-04T12:35:45.0338758Z [INFO] Downloading from spring-milestones: https://repo.spring.io/milestone/org/jboss/jboss-parent/52/jboss-parent-52.pom
2026-10-04T12:35:45.1091441Z [INFO] Downloading from central: https://repo.maven.apache.org/maven2/org/jboss/jboss-parent/52/jboss-parent-52.pom
2026-10-04T12:35:45.1347910Z [INFO] Downloaded from central: https://repo.maven.apache.org/maven2/org/jboss/jboss-parent/52/jboss-parent-52.pom (102 kB at 3.9 MB/s)
2026-10-04T12:35:45.1389993Z [INFO] Downloading from spring-milestones: https://repo.spring.io/milestone/org/junit/junit-bom/5.13.4/junit-bom-5.13.4.pom
2026-10-04T12:35:45.2130453Z [INFO] Downloading from central: https://repo.maven.apache.org/maven2/org/junit/junit-bom/5.13.4/junit-bom-5.13.4.pom
2026-10-04T12:35:45.2303947Z [INFO] Downloaded from central: https://repo.maven.apache.org/maven2/org/junit/junit-bom/5.13.4/junit-bom-5.13.4.pom (5.7 kB at 315 kB/s)
2026-10-04T12:35:45.2316012Z [INFO] Downloading from spring-milestones: https://repo.spring.io/milestone/com/fasterxml/classmate/1.7.3/classmate-1.7.3.pom
2026-10-04T12:35:45.3109275Z [INFO] Downloading from central: https://repo.maven.apache.org/maven2/com/fasterxml/classmate/1.7.3/classmate-1.7.3.pom
2026-10-04T12:35:45.3320398Z [INFO] Downloaded from central: https://repo.maven.apache.org/maven2/com/fasterxml/classmate/1.7.3/classmate-1.7.3.pom (6.5 kB at 310 kB/s)
2026-10-04T12:35:45.3333257Z [INFO] Downloading from spring-milestones: https://repo.spring.io/milestone/com/fasterxml/oss-parent/74/oss-parent-74.pom
2026-10-04T12:35:45.4088385Z [INFO] Downloading from central: https://repo.maven.apache.org/maven2/com/fasterxml/oss-parent/74/oss-parent-74.pom
2026-10-04T12:35:45.4288210Z [INFO] Downloaded from central: https://repo.maven.apache.org/maven2/com/fasterxml/oss-parent/74/oss-parent-74.pom (24 kB at 1.2 MB/s)
2026-10-04T12:35:45.4308882Z [INFO] Downloading from spring-milestones: https://repo.spring.io/milestone/org/springframework/boot/spring-boot-starter-actuator/4.1.0/spring-boot-starter-actuator-4.1.0.pom
2026-10-04T12:35:45.5188264Z [INFO] Downloading from central: https://repo.maven.apache.org/maven2/org/springframework/boot/spring-boot-starter-actuator/4.1.0/spring-boot-starter-actuator-4.1.0.pom
2026-10-04T12:35:45.5405750Z [INFO] Downloaded from central: https://repo.maven.apache.org/maven2/org/springframework/boot/spring-boot-starter-actuator/4.1.0/spring-boot-starter-actuator-4.1.0.pom (3.2 kB at 144 kB/s)
2026-10-04T12:35:45.5427678Z [INFO] Downloading from spring-milestones: https://repo.spring.io/milestone/org/springframework/boot/spring-boot-starter-micrometer-metrics/4.1.0/spring-boot-starter-micrometer-metrics-4.1.0.pom
2026-10-04T12:35:45.6186167Z [INFO] Downloading from central: https://repo.maven.apache.org/maven2/org/springframework/boot/spring-boot-starter-micrometer-metrics/4.1.0/spring-boot-starter-micrometer-metrics-4.1.0.pom
2026-10-04T12:35:45.6550547Z [INFO] Downloaded from central: https://repo.maven.apache.org/maven2/org/springframework/boot/spring-boot-starter-micrometer-metrics/4.1.0/spring-boot-starter-micrometer-metrics-4.1.0.pom (2.3 kB at 64 kB/s)
2026-10-04T12:35:45.6568107Z [INFO] Downloading from spring-milestones: https://repo.spring.io/milestone/org/springframework/boot/spring-boot-micrometer-metrics/4.1.0/spring-boot-micrometer-metrics-4.1.0.pom
2026-10-04T12:35:45.7324256Z [INFO] Downloading from central: https://repo.maven.apache.org/maven2/org/springframework/boot/spring-boot-micrometer-metrics/4.1.0/spring-boot-micrometer-metrics-4.1.0.pom
2026-10-04T12:35:45.7521940Z [INFO] Downloaded from central: https://repo.maven.apache.org/maven2/org/springframework/boot/spring-boot-micrometer-metrics/4.1.0/spring-boot-micrometer-metrics-4.1.0.pom (2.5 kB at 129 kB/s)
2026-10-04T12:35:45.7539673Z [INFO] Downloading from spring-milestones: https://repo.spring.io/milestone/org/springframework/boot/spring-boot-micrometer-observation/4.1.0/spring-boot-micrometer-observation-4.1.0.pom
2026-10-04T12:35:45.8300414Z [INFO] Downloading from central: https://repo.maven.apache.org/maven2/org/springframework/boot/spring-boot-micrometer-observation/4.1.0/spring-boot-micrometer-observation-4.1.0.pom
2026-10-04T12:35:45.8503691Z [INFO] Downloaded from central: https://repo.maven.apache.org/maven2/org/springframework/boot/spring-boot-micrometer-observation/4.1.0/spring-boot-micrometer-observation-4.1.0.pom (2.3 kB at 108 kB/s)
2026-10-04T12:35:45.8518685Z [INFO] Downloading from spring-milestones: https://repo.spring.io/milestone/io/micrometer/micrometer-core/1.17.0/micrometer-core-1.17.0.pom
2026-10-04T12:35:45.9277741Z [INFO] Downloading from central: https://repo.maven.apache.org/maven2/io/micrometer/micrometer-core/1.17.0/micrometer-core-1.17.0.pom
2026-10-04T12:35:45.9504970Z [INFO] Downloaded from central: https://repo.maven.apache.org/maven2/io/micrometer/micrometer-core/1.17.0/micrometer-core-1.17.0.pom (11 kB at 460 kB/s)
2026-10-04T12:35:45.9523085Z [INFO] Downloading from spring-milestones: https://repo.spring.io/milestone/org/hdrhistogram/HdrHistogram/2.2.2/HdrHistogram-2.2.2.pom
2026-10-04T12:35:46.0276227Z [INFO] Downloading from central: https://repo.maven.apache.org/maven2/org/hdrhistogram/HdrHistogram/2.2.2/HdrHistogram-2.2.2.pom
2026-10-04T12:35:46.0488259Z [INFO] Downloaded from central: https://repo.maven.apache.org/maven2/org/hdrhistogram/HdrHistogram/2.2.2/HdrHistogram-2.2.2.pom (13 kB at 603 kB/s)
2026-10-04T12:35:46.0508968Z [INFO] Downloading from spring-milestones: https://repo.spring.io/milestone/org/springframework/boot/spring-boot-actuator-autoconfigure/4.1.0/spring-boot-actuator-autoconfigure-4.1.0.pom
2026-10-04T12:35:46.1276998Z [INFO] Downloading from central: https://repo.maven.apache.org/maven2/org/springframework/boot/spring-boot-actuator-autoconfigure/4.1.0/spring-boot-actuator-autoconfigure-4.1.0.pom
2026-10-04T12:35:46.1507161Z [INFO] Downloaded from central: https://repo.maven.apache.org/maven2/org/springframework/boot/spring-boot-actuator-autoconfigure/4.1.0/spring-boot-actuator-autoconfigure-4.1.0.pom (2.3 kB at 100 kB/s)
2026-10-04T12:35:46.1522958Z [INFO] Downloading from spring-milestones: https://repo.spring.io/milestone/org/springframework/boot/spring-boot-actuator/4.1.0/spring-boot-actuator-4.1.0.pom
2026-10-04T12:35:46.2296028Z [INFO] Downloading from central: https://repo.maven.apache.org/maven2/org/springframework/boot/spring-boot-actuator/4.1.0/spring-boot-actuator-4.1.0.pom
2026-10-04T12:35:46.2598547Z [INFO] Downloaded from central: https://repo.maven.apache.org/maven2/org/springframework/boot/spring-boot-actuator/4.1.0/spring-boot-actuator-4.1.0.pom (2.0 kB at 68 kB/s)
2026-10-04T12:35:46.2616606Z [INFO] Downloading from spring-milestones: https://repo.spring.io/milestone/org/springframework/boot/spring-boot-health/4.1.0/spring-boot-health-4.1.0.pom
2026-10-04T12:35:46.3363759Z [INFO] Downloading from central: https://repo.maven.apache.org/maven2/org/springframework/boot/spring-boot-health/4.1.0/spring-boot-health-4.1.0.pom
2026-10-04T12:35:46.3548873Z [INFO] Downloaded from central: https://repo.maven.apache.org/maven2/org/springframework/boot/spring-boot-health/4.1.0/spring-boot-health-4.1.0.pom (2.0 kB at 113 kB/s)
2026-10-04T12:35:46.3566730Z [INFO] Downloading from spring-milestones: https://repo.spring.io/milestone/io/micrometer/micrometer-jakarta9/1.17.0/micrometer-jakarta9-1.17.0.pom
2026-10-04T12:35:46.4313971Z [INFO] Downloading from central: https://repo.maven.apache.org/maven2/io/micrometer/micrometer-jakarta9/1.17.0/micrometer-jakarta9-1.17.0.pom
2026-10-04T12:35:46.4825719Z [INFO] Downloaded from central: https://repo.maven.apache.org/maven2/io/micrometer/micrometer-jakarta9/1.17.0/micrometer-jakarta9-1.17.0.pom (4.1 kB at 80 kB/s)
2026-10-04T12:35:46.4844157Z [INFO] Downloading from spring-milestones: https://repo.spring.io/milestone/org/springframework/boot/spring-boot-configuration-processor/4.1.0/spring-boot-configuration-processor-4.1.0.pom
2026-10-04T12:35:46.9475459Z [INFO] Downloading from central: https://repo.maven.apache.org/maven2/org/springframework/boot/spring-boot-configuration-processor/4.1.0/spring-boot-configuration-processor-4.1.0.pom
2026-10-04T12:35:46.9673959Z [INFO] Downloaded from central: https://repo.maven.apache.org/maven2/org/springframework/boot/spring-boot-configuration-processor/4.1.0/spring-boot-configuration-processor-4.1.0.pom (1.9 kB at 94 kB/s)
2026-10-04T12:35:46.9689581Z [INFO] Downloading from spring-milestones: https://repo.spring.io/milestone/org/springframework/boot/spring-boot-devtools/4.1.0/spring-boot-devtools-4.1.0.pom
2026-10-04T12:35:47.0452991Z [INFO] Downloading from central: https://repo.maven.apache.org/maven2/org/springframework/boot/spring-boot-devtools/4.1.0/spring-boot-devtools-4.1.0.pom
2026-10-04T12:35:47.0667134Z [INFO] Downloaded from central: https://repo.maven.apache.org/maven2/org/springframework/boot/spring-boot-devtools/4.1.0/spring-boot-devtools-4.1.0.pom (2.3 kB at 107 kB/s)
2026-10-04T12:35:47.0687400Z [INFO] Downloading from spring-milestones: https://repo.spring.io/milestone/org/springframework/boot/spring-boot-starter-data-r2dbc/4.1.0/spring-boot-starter-data-r2dbc-4.1.0.pom
2026-10-04T12:35:47.1436444Z [INFO] Downloading from central: https://repo.maven.apache.org/maven2/org/springframework/boot/spring-boot-starter-data-r2dbc/4.1.0/spring-boot-starter-data-r2dbc-4.1.0.pom
2026-10-04T12:35:47.1643511Z [INFO] Downloaded from central: https://repo.maven.apache.org/maven2/org/springframework/boot/spring-boot-starter-data-r2dbc/4.1.0/spring-boot-starter-data-r2dbc-4.1.0.pom (2.7 kB at 127 kB/s)
2026-10-04T12:35:47.1662004Z [INFO] Downloading from spring-milestones: https://repo.spring.io/milestone/org/springframework/boot/spring-boot-data-r2dbc/4.1.0/spring-boot-data-r2dbc-4.1.0.pom
2026-10-04T12:35:47.2414989Z [INFO] Downloading from central: https://repo.maven.apache.org/maven2/org/springframework/boot/spring-boot-data-r2dbc/4.1.0/spring-boot-data-r2dbc-4.1.0.pom
2026-10-04T12:35:47.2652064Z [INFO] Downloaded from central: https://repo.maven.apache.org/maven2/org/springframework/boot/spring-boot-data-r2dbc/4.1.0/spring-boot-data-r2dbc-4.1.0.pom (2.8 kB at 117 kB/s)
2026-10-04T12:35:47.2662083Z [INFO] Downloading from spring-milestones: https://repo.spring.io/milestone/org/springframework/boot/spring-boot-data-commons/4.1.0/spring-boot-data-commons-4.1.0.pom
2026-10-04T12:35:47.3420924Z [INFO] Downloading from central: https://repo.maven.apache.org/maven2/org/springframework/boot/spring-boot-data-commons/4.1.0/spring-boot-data-commons-4.1.0.pom
2026-10-04T12:35:47.3640068Z [INFO] Downloaded from central: https://repo.maven.apache.org/maven2/org/springframework/boot/spring-boot-data-commons/4.1.0/spring-boot-data-commons-4.1.0.pom (2.5 kB at 112 kB/s)
2026-10-04T12:35:47.3649902Z [INFO] Downloading from spring-milestones: https://repo.spring.io/milestone/org/springframework/boot/spring-boot-persistence/4.1.0/spring-boot-persistence-4.1.0.pom
2026-10-04T12:35:47.4388325Z [INFO] Downloading from central: https://repo.maven.apache.org/maven2/org/springframework/boot/spring-boot-persistence/4.1.0/spring-boot-persistence-4.1.0.pom
2026-10-04T12:35:47.4746506Z [INFO] Downloaded from central: https://repo.maven.apache.org/maven2/org/springframework/boot/spring-boot-persistence/4.1.0/spring-boot-persistence-4.1.0.pom (2.2 kB at 62 kB/s)
2026-10-04T12:35:47.4756536Z [INFO] Downloading from spring-milestones: https://repo.spring.io/milestone/org/springframework/spring-tx/7.0.8/spring-tx-7.0.8.pom
2026-10-04T12:35:47.5517365Z [INFO] Downloading from central: https://repo.maven.apache.org/maven2/org/springframework/spring-tx/7.0.8/spring-tx-7.0.8.pom
2026-10-04T12:35:47.5699519Z [INFO] Downloaded from central: https://repo.maven.apache.org/maven2/org/springframework/spring-tx/7.0.8/spring-tx-7.0.8.pom (2.2 kB at 123 kB/s)
2026-10-04T12:35:47.5713074Z [INFO] Downloading from spring-milestones: https://repo.spring.io/milestone/org/springframework/data/spring-data-commons/4.1.0/spring-data-commons-4.1.0.pom
2026-10-04T12:35:47.6455750Z [INFO] Downloading from central: https://repo.maven.apache.org/maven2/org/springframework/data/spring-data-commons/4.1.0/spring-data-commons-4.1.0.pom
2026-10-04T12:35:47.6675491Z [INFO] Downloaded from central: https://repo.maven.apache.org/maven2/org/springframework/data/spring-data-commons/4.1.0/spring-data-commons-4.1.0.pom (12 kB at 548 kB/s)
2026-10-04T12:35:47.6684479Z [INFO] Downloading from spring-milestones: https://repo.spring.io/milestone/org/springframework/data/build/spring-data-parent/4.1.0/spring-data-parent-4.1.0.pom
2026-10-04T12:35:47.8782763Z [INFO] Downloading from central: https://repo.maven.apache.org/maven2/org/springframework/data/build/spring-data-parent/4.1.0/spring-data-parent-4.1.0.pom
2026-10-04T12:35:47.9009369Z [INFO] Downloaded from central: https://repo.maven.apache.org/maven2/org/springframework/data/build/spring-data-parent/4.1.0/spring-data-parent-4.1.0.pom (49 kB at 2.2 MB/s)
2026-10-04T12:35:47.9026690Z [INFO] Downloading from spring-milestones: https://repo.spring.io/milestone/org/springframework/data/build/spring-data-build/4.1.0/spring-data-build-4.1.0.pom
2026-10-04T12:35:47.9759524Z [INFO] Downloading from central: https://repo.maven.apache.org/maven2/org/springframework/data/build/spring-data-build/4.1.0/spring-data-build-4.1.0.pom
2026-10-04T12:35:48.0123808Z [INFO] Downloaded from central: https://repo.maven.apache.org/maven2/org/springframework/data/build/spring-data-build/4.1.0/spring-data-build-4.1.0.pom (6.0 kB at 163 kB/s)
2026-10-04T12:35:48.0139120Z [INFO] Downloading from spring-milestones: https://repo.spring.io/milestone/org/jmolecules/jmolecules-bom/2025.0.2/jmolecules-bom-2025.0.2.pom
2026-10-04T12:35:48.0881521Z [INFO] Downloading from central: https://repo.maven.apache.org/maven2/org/jmolecules/jmolecules-bom/2025.0.2/jmolecules-bom-2025.0.2.pom
2026-10-04T12:35:48.1091958Z [INFO] Downloaded from central: https://repo.maven.apache.org/maven2/org/jmolecules/jmolecules-bom/2025.0.2/jmolecules-bom-2025.0.2.pom (4.9 kB at 235 kB/s)
2026-10-04T12:35:48.1112970Z [INFO] Downloading from spring-milestones: https://repo.spring.io/milestone/org/springframework/boot/spring-boot-r2dbc/4.1.0/spring-boot-r2dbc-4.1.0.pom
2026-10-04T12:35:48.1867487Z [INFO] Downloading from central: https://repo.maven.apache.org/maven2/org/springframework/boot/spring-boot-r2dbc/4.1.0/spring-boot-r2dbc-4.1.0.pom
2026-10-04T12:35:48.2112449Z [INFO] Downloaded from central: https://repo.maven.apache.org/maven2/org/springframework/boot/spring-boot-r2dbc/4.1.0/spring-boot-r2dbc-4.1.0.pom (2.6 kB at 109 kB/s)
2026-10-04T12:35:48.2128664Z [INFO] Downloading from spring-milestones: https://repo.spring.io/milestone/org/springframework/boot/spring-boot-sql/4.1.0/spring-boot-sql-4.1.0.pom
2026-10-04T12:35:48.2970234Z [INFO] Downloading from central: https://repo.maven.apache.org/maven2/org/springframework/boot/spring-boot-sql/4.1.0/spring-boot-sql-4.1.0.pom
2026-10-04T12:35:48.3175896Z [INFO] Downloaded from central: https://repo.maven.apache.org/maven2/org/springframework/boot/spring-boot-sql/4.1.0/spring-boot-sql-4.1.0.pom (2.0 kB at 97 kB/s)
2026-10-04T12:35:48.3191377Z [INFO] Downloading from spring-milestones: https://repo.spring.io/milestone/org/springframework/boot/spring-boot-transaction/4.1.0/spring-boot-transaction-4.1.0.pom
2026-10-04T12:35:48.3959032Z [INFO] Downloading from central: https://repo.maven.apache.org/maven2/org/springframework/boot/spring-boot-transaction/4.1.0/spring-boot-transaction-4.1.0.pom
2026-10-04T12:35:48.4236117Z [INFO] Downloaded from central: https://repo.maven.apache.org/maven2/org/springframework/boot/spring-boot-transaction/4.1.0/spring-boot-transaction-4.1.0.pom (2.4 kB at 87 kB/s)
2026-10-04T12:35:48.4255060Z [INFO] Downloading from spring-milestones: https://repo.spring.io/milestone/org/springframework/spring-r2dbc/7.0.8/spring-r2dbc-7.0.8.pom
2026-10-04T12:35:48.5032515Z [INFO] Downloading from central: https://repo.maven.apache.org/maven2/org/springframework/spring-r2dbc/7.0.8/spring-r2dbc-7.0.8.pom
2026-10-04T12:35:48.5230426Z [INFO] Downloaded from central: https://repo.maven.apache.org/maven2/org/springframework/spring-r2dbc/7.0.8/spring-r2dbc-7.0.8.pom (2.8 kB at 138 kB/s)
2026-10-04T12:35:48.5247448Z [INFO] Downloading from spring-milestones: https://repo.spring.io/milestone/io/r2dbc/r2dbc-spi/1.0.0.RELEASE/r2dbc-spi-1.0.0.RELEASE.pom
2026-10-04T12:35:48.6013196Z [INFO] Downloading from central: https://repo.maven.apache.org/maven2/io/r2dbc/r2dbc-spi/1.0.0.RELEASE/r2dbc-spi-1.0.0.RELEASE.pom
2026-10-04T12:35:48.6235318Z [INFO] Downloaded from central: https://repo.maven.apache.org/maven2/io/r2dbc/r2dbc-spi/1.0.0.RELEASE/r2dbc-spi-1.0.0.RELEASE.pom (2.6 kB at 117 kB/s)
2026-10-04T12:35:48.6247832Z [INFO] Downloading from spring-milestones: https://repo.spring.io/milestone/io/r2dbc/r2dbc-spi-parent/1.0.0.RELEASE/r2dbc-spi-parent-1.0.0.RELEASE.pom
2026-10-04T12:35:48.7020402Z [INFO] Downloading from central: https://repo.maven.apache.org/maven2/io/r2dbc/r2dbc-spi-parent/1.0.0.RELEASE/r2dbc-spi-parent-1.0.0.RELEASE.pom
2026-10-04T12:35:48.7567743Z [INFO] Downloaded from central: https://repo.maven.apache.org/maven2/io/r2dbc/r2dbc-spi-parent/1.0.0.RELEASE/r2dbc-spi-parent-1.0.0.RELEASE.pom (13 kB at 228 kB/s)
2026-10-04T12:35:48.7584590Z [INFO] Downloading from spring-milestones: https://repo.spring.io/milestone/org/junit/junit-bom/5.8.2/junit-bom-5.8.2.pom
2026-10-04T12:35:48.8330027Z [INFO] Downloading from central: https://repo.maven.apache.org/maven2/org/junit/junit-bom/5.8.2/junit-bom-5.8.2.pom
2026-10-04T12:35:48.8520187Z [INFO] Downloaded from central: https://repo.maven.apache.org/maven2/org/junit/junit-bom/5.8.2/junit-bom-5.8.2.pom (5.6 kB at 296 kB/s)
2026-10-04T12:35:48.8536790Z [INFO] Downloading from spring-milestones: https://repo.spring.io/milestone/io/r2dbc/r2dbc-pool/1.0.2.RELEASE/r2dbc-pool-1.0.2.RELEASE.pom
2026-10-04T12:35:48.9578179Z [INFO] Downloading from central: https://repo.maven.apache.org/maven2/io/r2dbc/r2dbc-pool/1.0.2.RELEASE/r2dbc-pool-1.0.2.RELEASE.pom
2026-10-04T12:35:48.9888660Z [INFO] Downloaded from central: https://repo.maven.apache.org/maven2/io/r2dbc/r2dbc-pool/1.0.2.RELEASE/r2dbc-pool-1.0.2.RELEASE.pom (2.6 kB at 85 kB/s)
2026-10-04T12:35:48.9905871Z [INFO] Downloading from spring-milestones: https://repo.spring.io/milestone/io/projectreactor/addons/reactor-pool/1.2.6/reactor-pool-1.2.6.pom
2026-10-04T12:35:49.0665017Z [INFO] Downloading from central: https://repo.maven.apache.org/maven2/io/projectreactor/addons/reactor-pool/1.2.6/reactor-pool-1.2.6.pom
2026-10-04T12:35:49.1615709Z [INFO] Downloaded from central: https://repo.maven.apache.org/maven2/io/projectreactor/addons/reactor-pool/1.2.6/reactor-pool-1.2.6.pom (2.3 kB at 24 kB/s)
2026-10-04T12:35:49.1633533Z [INFO] Downloading from spring-milestones: https://repo.spring.io/milestone/org/springframework/data/spring-data-r2dbc/4.1.0/spring-data-r2dbc-4.1.0.pom
2026-10-04T12:35:49.2376043Z [INFO] Downloading from central: https://repo.maven.apache.org/maven2/org/springframework/data/spring-data-r2dbc/4.1.0/spring-data-r2dbc-4.1.0.pom
2026-10-04T12:35:49.2593505Z [INFO] Downloaded from central: https://repo.maven.apache.org/maven2/org/springframework/data/spring-data-r2dbc/4.1.0/spring-data-r2dbc-4.1.0.pom (7.8 kB at 354 kB/s)
2026-10-04T12:35:49.2607096Z [INFO] Downloading from spring-milestones: https://repo.spring.io/milestone/org/springframework/data/spring-data-relational-parent/4.1.0/spring-data-relational-parent-4.1.0.pom
2026-10-04T12:35:49.3349768Z [INFO] Downloading from central: https://repo.maven.apache.org/maven2/org/springframework/data/spring-data-relational-parent/4.1.0/spring-data-relational-parent-4.1.0.pom
2026-10-04T12:35:49.3640071Z [INFO] Downloaded from central: https://repo.maven.apache.org/maven2/org/springframework/data/spring-data-relational-parent/4.1.0/spring-data-relational-parent-4.1.0.pom (7.1 kB at 246 kB/s)
2026-10-04T12:35:49.3663672Z [INFO] Downloading from spring-milestones: https://repo.spring.io/milestone/org/springframework/data/spring-data-relational/4.1.0/spring-data-relational-4.1.0.pom
2026-10-04T12:35:49.4423894Z [INFO] Downloading from central: https://repo.maven.apache.org/maven2/org/springframework/data/spring-data-relational/4.1.0/spring-data-relational-4.1.0.pom
2026-10-04T12:35:49.4646602Z [INFO] Downloaded from central: https://repo.maven.apache.org/maven2/org/springframework/data/spring-data-relational/4.1.0/spring-data-relational-4.1.0.pom (7.1 kB at 322 kB/s)
2026-10-04T12:35:49.4674277Z [INFO] Downloading from spring-milestones: https://repo.spring.io/milestone/org/springframework/spring-jdbc/7.0.8/spring-jdbc-7.0.8.pom
2026-10-04T12:35:49.5449324Z [INFO] Downloading from central: https://repo.maven.apache.org/maven2/org/springframework/spring-jdbc/7.0.8/spring-jdbc-7.0.8.pom
2026-10-04T12:35:49.5656281Z [INFO] Downloaded from central: https://repo.maven.apache.org/maven2/org/springframework/spring-jdbc/7.0.8/spring-jdbc-7.0.8.pom (2.4 kB at 114 kB/s)
2026-10-04T12:35:49.5673846Z [INFO] Downloading from spring-milestones: https://repo.spring.io/milestone/org/springframework/boot/spring-boot-starter-jdbc/4.1.0/spring-boot-starter-jdbc-4.1.0.pom
2026-10-04T12:35:49.6459377Z [INFO] Downloading from central: https://repo.maven.apache.org/maven2/org/springframework/boot/spring-boot-starter-jdbc/4.1.0/spring-boot-starter-jdbc-4.1.0.pom
2026-10-04T12:35:49.6677761Z [INFO] Downloaded from central: https://repo.maven.apache.org/maven2/org/springframework/boot/spring-boot-starter-jdbc/4.1.0/spring-boot-starter-jdbc-4.1.0.pom (2.5 kB at 112 kB/s)
2026-10-04T12:35:49.6703593Z [INFO] Downloading from spring-milestones: https://repo.spring.io/milestone/org/springframework/boot/spring-boot-jdbc/4.1.0/spring-boot-jdbc-4.1.0.pom
2026-10-04T12:35:49.7456446Z [INFO] Downloading from central: https://repo.maven.apache.org/maven2/org/springframework/boot/spring-boot-jdbc/4.1.0/spring-boot-jdbc-4.1.0.pom
2026-10-04T12:35:49.7699168Z [INFO] Downloaded from central: https://repo.maven.apache.org/maven2/org/springframework/boot/spring-boot-jdbc/4.1.0/spring-boot-jdbc-4.1.0.pom (2.6 kB at 109 kB/s)
2026-10-04T12:35:49.7716412Z [INFO] Downloading from spring-milestones: https://repo.spring.io/milestone/com/zaxxer/HikariCP/7.0.2/HikariCP-7.0.2.pom
2026-10-04T12:35:49.8447972Z [INFO] Downloading from central: https://repo.maven.apache.org/maven2/com/zaxxer/HikariCP/7.0.2/HikariCP-7.0.2.pom
2026-10-04T12:35:49.8671688Z [INFO] Downloaded from central: https://repo.maven.apache.org/maven2/com/zaxxer/HikariCP/7.0.2/HikariCP-7.0.2.pom (29 kB at 1.3 MB/s)
2026-10-04T12:35:49.8691329Z [INFO] Downloading from spring-milestones: https://repo.spring.io/milestone/org/postgresql/r2dbc-postgresql/1.1.1.RELEASE/r2dbc-postgresql-1.1.1.RELEASE.pom
2026-10-04T12:35:49.9429692Z [INFO] Downloading from central: https://repo.maven.apache.org/maven2/org/postgresql/r2dbc-postgresql/1.1.1.RELEASE/r2dbc-postgresql-1.1.1.RELEASE.pom
2026-10-04T12:35:49.9733223Z [INFO] Downloaded from central: https://repo.maven.apache.org/maven2/org/postgresql/r2dbc-postgresql/1.1.1.RELEASE/r2dbc-postgresql-1.1.1.RELEASE.pom (4.2 kB at 136 kB/s)
2026-10-04T12:35:49.9754845Z [INFO] Downloading from spring-milestones: https://repo.spring.io/milestone/com/ongres/scram/scram-client/3.2/scram-client-3.2.pom
2026-10-04T12:35:50.0485056Z [INFO] Downloading from central: https://repo.maven.apache.org/maven2/com/ongres/scram/scram-client/3.2/scram-client-3.2.pom
2026-10-04T12:35:50.0709079Z [INFO] Downloaded from central: https://repo.maven.apache.org/maven2/com/ongres/scram/scram-client/3.2/scram-client-3.2.pom (2.8 kB at 127 kB/s)
2026-10-04T12:35:50.0726884Z [INFO] Downloading from spring-milestones: https://repo.spring.io/milestone/com/ongres/scram/scram-common/3.2/scram-common-3.2.pom
2026-10-04T12:35:50.1482080Z [INFO] Downloading from central: https://repo.maven.apache.org/maven2/com/ongres/scram/scram-common/3.2/scram-common-3.2.pom
2026-10-04T12:35:50.1930448Z [INFO] Downloaded from central: https://repo.maven.apache.org/maven2/com/ongres/scram/scram-common/3.2/scram-common-3.2.pom (2.3 kB at 50 kB/s)
2026-10-04T12:35:50.1949423Z [INFO] Downloading from spring-milestones: https://repo.spring.io/milestone/com/ongres/stringprep/stringprep/2.2/stringprep-2.2.pom
2026-10-04T12:35:50.2681005Z [INFO] Downloading from central: https://repo.maven.apache.org/maven2/com/ongres/stringprep/stringprep/2.2/stringprep-2.2.pom
2026-10-04T12:35:50.2898033Z [INFO] Downloaded from central: https://repo.maven.apache.org/maven2/com/ongres/stringprep/stringprep/2.2/stringprep-2.2.pom (1.6 kB at 74 kB/s)
2026-10-04T12:35:50.2907855Z [INFO] Downloading from spring-milestones: https://repo.spring.io/milestone/com/ongres/stringprep/saslprep/2.2/saslprep-2.2.pom
2026-10-04T12:35:50.3640757Z [INFO] Downloading from central: https://repo.maven.apache.org/maven2/com/ongres/stringprep/saslprep/2.2/saslprep-2.2.pom
2026-10-04T12:35:50.3859326Z [INFO] Downloaded from central: https://repo.maven.apache.org/maven2/com/ongres/stringprep/saslprep/2.2/saslprep-2.2.pom (1.9 kB at 86 kB/s)
2026-10-04T12:35:50.3876722Z [INFO] Downloading from spring-milestones: https://repo.spring.io/milestone/org/postgresql/postgresql/42.7.11/postgresql-42.7.11.pom
2026-10-04T12:35:50.4615985Z [INFO] Downloading from central: https://repo.maven.apache.org/maven2/org/postgresql/postgresql/42.7.11/postgresql-42.7.11.pom
2026-10-04T12:35:50.4840022Z [INFO] Downloaded from central: https://repo.maven.apache.org/maven2/org/postgresql/postgresql/42.7.11/postgresql-42.7.11.pom (2.4 kB at 108 kB/s)
2026-10-04T12:35:50.4854579Z [INFO] Downloading from spring-milestones: https://repo.spring.io/milestone/org/flywaydb/flyway-core/13.1.0/flyway-core-13.1.0.pom
2026-10-04T12:35:50.5592425Z [INFO] Downloading from central: https://repo.maven.apache.org/maven2/org/flywaydb/flyway-core/13.1.0/flyway-core-13.1.0.pom
2026-10-04T12:35:50.6014748Z [INFO] Downloaded from central: https://repo.maven.apache.org/maven2/org/flywaydb/flyway-core/13.1.0/flyway-core-13.1.0.pom (4.7 kB at 108 kB/s)
2026-10-04T12:35:50.6027672Z [INFO] Downloading from spring-milestones: https://repo.spring.io/milestone/org/flywaydb/flyway-parent/13.1.0/flyway-parent-13.1.0.pom
2026-10-04T12:35:50.6764289Z [INFO] Downloading from central: https://repo.maven.apache.org/maven2/org/flywaydb/flyway-parent/13.1.0/flyway-parent-13.1.0.pom
2026-10-04T12:35:50.7009719Z [INFO] Downloaded from central: https://repo.maven.apache.org/maven2/org/flywaydb/flyway-parent/13.1.0/flyway-parent-13.1.0.pom (37 kB at 1.5 MB/s)
2026-10-04T12:35:50.7030427Z [INFO] Downloading from spring-milestones: https://repo.spring.io/milestone/io/netty/netty-bom/4.2.16.Final/netty-bom-4.2.16.Final.pom
2026-10-04T12:35:50.7769821Z [INFO] Downloading from central: https://repo.maven.apache.org/maven2/io/netty/netty-bom/4.2.16.Final/netty-bom-4.2.16.Final.pom
2026-10-04T12:35:50.8121927Z [INFO] Downloaded from central: https://repo.maven.apache.org/maven2/io/netty/netty-bom/4.2.16.Final/netty-bom-4.2.16.Final.pom (19 kB at 533 kB/s)
2026-10-04T12:35:50.8148572Z [INFO] Downloading from spring-milestones: https://repo.spring.io/milestone/org/flywaydb/flyway-database-postgresql/13.1.0/flyway-database-postgresql-13.1.0.pom
2026-10-04T12:35:50.8892063Z [INFO] Downloading from central: https://repo.maven.apache.org/maven2/org/flywaydb/flyway-database-postgresql/13.1.0/flyway-database-postgresql-13.1.0.pom
2026-10-04T12:35:50.9118101Z [INFO] Downloaded from central: https://repo.maven.apache.org/maven2/org/flywaydb/flyway-database-postgresql/13.1.0/flyway-database-postgresql-13.1.0.pom (1.9 kB at 82 kB/s)
2026-10-04T12:35:50.9147102Z [INFO] Downloading from spring-milestones: https://repo.spring.io/milestone/org/springframework/boot/spring-boot-starter-data-redis-reactive/4.1.0/spring-boot-starter-data-redis-reactive-4.1.0.pom
2026-10-04T12:35:50.9924990Z [INFO] Downloading from central: https://repo.maven.apache.org/maven2/org/springframework/boot/spring-boot-starter-data-redis-reactive/4.1.0/spring-boot-starter-data-redis-reactive-4.1.0.pom
2026-10-04T12:35:51.0149328Z [INFO] Downloaded from central: https://repo.maven.apache.org/maven2/org/springframework/boot/spring-boot-starter-data-redis-reactive/4.1.0/spring-boot-starter-data-redis-reactive-4.1.0.pom (2.6 kB at 117 kB/s)
2026-10-04T12:35:51.0171603Z [INFO] Downloading from spring-milestones: https://repo.spring.io/milestone/org/springframework/boot/spring-boot-data-redis/4.1.0/spring-boot-data-redis-4.1.0.pom
2026-10-04T12:35:51.0929414Z [INFO] Downloading from central: https://repo.maven.apache.org/maven2/org/springframework/boot/spring-boot-data-redis/4.1.0/spring-boot-data-redis-4.1.0.pom
2026-10-04T12:35:51.1124036Z [INFO] Downloaded from central: https://repo.maven.apache.org/maven2/org/springframework/boot/spring-boot-data-redis/4.1.0/spring-boot-data-redis-4.1.0.pom (3.0 kB at 151 kB/s)
2026-10-04T12:35:51.1140845Z [INFO] Downloading from spring-milestones: https://repo.spring.io/milestone/io/lettuce/lettuce-core/7.5.2.RELEASE/lettuce-core-7.5.2.RELEASE.pom
2026-10-04T12:35:51.1888238Z [INFO] Downloading from central: https://repo.maven.apache.org/maven2/io/lettuce/lettuce-core/7.5.2.RELEASE/lettuce-core-7.5.2.RELEASE.pom
2026-10-04T12:35:51.2113561Z [INFO] Downloaded from central: https://repo.maven.apache.org/maven2/io/lettuce/lettuce-core/7.5.2.RELEASE/lettuce-core-7.5.2.RELEASE.pom (8.1 kB at 352 kB/s)
2026-10-04T12:35:51.2131075Z [INFO] Downloading from spring-milestones: https://repo.spring.io/milestone/redis/clients/authentication/redis-authx-core/0.1.1-beta2/redis-authx-core-0.1.1-beta2.pom
2026-10-04T12:35:51.2871806Z [INFO] Downloading from central: https://repo.maven.apache.org/maven2/redis/clients/authentication/redis-authx-core/0.1.1-beta2/redis-authx-core-0.1.1-beta2.pom
2026-10-04T12:35:51.3092007Z [INFO] Downloaded from central: https://repo.maven.apache.org/maven2/redis/clients/authentication/redis-authx-core/0.1.1-beta2/redis-authx-core-0.1.1-beta2.pom (7.7 kB at 348 kB/s)
2026-10-04T12:35:51.3112855Z [INFO] Downloading from spring-milestones: https://repo.spring.io/milestone/org/springframework/data/spring-data-redis/4.1.0/spring-data-redis-4.1.0.pom
2026-10-04T12:35:51.3858779Z [INFO] Downloading from central: https://repo.maven.apache.org/maven2/org/springframework/data/spring-data-redis/4.1.0/spring-data-redis-4.1.0.pom
2026-10-04T12:35:51.4058169Z [INFO] Downloaded from central: https://repo.maven.apache.org/maven2/org/springframework/data/spring-data-redis/4.1.0/spring-data-redis-4.1.0.pom (11 kB at 526 kB/s)
2026-10-04T12:35:51.4076660Z [INFO] Downloading from spring-milestones: https://repo.spring.io/milestone/io/netty/netty-bom/4.2.10.Final/netty-bom-4.2.10.Final.pom
2026-10-04T12:35:51.4823204Z [INFO] Downloading from central: https://repo.maven.apache.org/maven2/io/netty/netty-bom/4.2.10.Final/netty-bom-4.2.10.Final.pom
2026-10-04T12:35:51.5079207Z [INFO] Downloaded from central: https://repo.maven.apache.org/maven2/io/netty/netty-bom/4.2.10.Final/netty-bom-4.2.10.Final.pom (19 kB at 768 kB/s)
2026-10-04T12:35:51.5101479Z [INFO] Downloading from spring-milestones: https://repo.spring.io/milestone/org/springframework/data/spring-data-keyvalue/4.1.0/spring-data-keyvalue-4.1.0.pom
2026-10-04T12:35:51.5848240Z [INFO] Downloading from central: https://repo.maven.apache.org/maven2/org/springframework/data/spring-data-keyvalue/4.1.0/spring-data-keyvalue-4.1.0.pom
2026-10-04T12:35:51.6068311Z [INFO] Downloaded from central: https://repo.maven.apache.org/maven2/org/springframework/data/spring-data-keyvalue/4.1.0/spring-data-keyvalue-4.1.0.pom (2.8 kB at 129 kB/s)
2026-10-04T12:35:51.6092297Z [INFO] Downloading from spring-milestones: https://repo.spring.io/milestone/org/springframework/spring-oxm/7.0.8/spring-oxm-7.0.8.pom
2026-10-04T12:35:51.6842983Z [INFO] Downloading from central: https://repo.maven.apache.org/maven2/org/springframework/spring-oxm/7.0.8/spring-oxm-7.0.8.pom
2026-10-04T12:35:51.7049314Z [INFO] Downloaded from central: https://repo.maven.apache.org/maven2/org/springframework/spring-oxm/7.0.8/spring-oxm-7.0.8.pom (2.4 kB at 122 kB/s)
2026-10-04T12:35:51.7065985Z [INFO] Downloading from spring-milestones: https://repo.spring.io/milestone/jakarta/xml/bind/jakarta.xml.bind-api/4.0.5/jakarta.xml.bind-api-4.0.5.pom
2026-10-04T12:35:51.7813350Z [INFO] Downloading from central: https://repo.maven.apache.org/maven2/jakarta/xml/bind/jakarta.xml.bind-api/4.0.5/jakarta.xml.bind-api-4.0.5.pom
2026-10-04T12:35:51.8011547Z [INFO] Downloaded from central: https://repo.maven.apache.org/maven2/jakarta/xml/bind/jakarta.xml.bind-api/4.0.5/jakarta.xml.bind-api-4.0.5.pom (13 kB at 669 kB/s)
2026-10-04T12:35:51.8025142Z [INFO] Downloading from spring-milestones: https://repo.spring.io/milestone/jakarta/xml/bind/jakarta.xml.bind-api-parent/4.0.5/jakarta.xml.bind-api-parent-4.0.5.pom
2026-10-04T12:35:51.8767083Z [INFO] Downloading from central: https://repo.maven.apache.org/maven2/jakarta/xml/bind/jakarta.xml.bind-api-parent/4.0.5/jakarta.xml.bind-api-parent-4.0.5.pom
2026-10-04T12:35:51.8976827Z [INFO] Downloaded from central: https://repo.maven.apache.org/maven2/jakarta/xml/bind/jakarta.xml.bind-api-parent/4.0.5/jakarta.xml.bind-api-parent-4.0.5.pom (9.1 kB at 436 kB/s)
2026-10-04T12:35:51.8997267Z [INFO] Downloading from spring-milestones: https://repo.spring.io/milestone/jakarta/activation/jakarta.activation-api/2.1.4/jakarta.activation-api-2.1.4.pom
2026-10-04T12:35:51.9753009Z [INFO] Downloading from central: https://repo.maven.apache.org/maven2/jakarta/activation/jakarta.activation-api/2.1.4/jakarta.activation-api-2.1.4.pom
2026-10-04T12:35:52.0124732Z [INFO] Downloaded from central: https://repo.maven.apache.org/maven2/jakarta/activation/jakarta.activation-api/2.1.4/jakarta.activation-api-2.1.4.pom (19 kB at 487 kB/s)
2026-10-04T12:35:52.0145986Z [INFO] Downloading from spring-milestones: https://repo.spring.io/milestone/org/springframework/spring-context-support/7.0.8/spring-context-support-7.0.8.pom
2026-10-04T12:35:52.0895381Z [INFO] Downloading from central: https://repo.maven.apache.org/maven2/org/springframework/spring-context-support/7.0.8/spring-context-support-7.0.8.pom
2026-10-04T12:35:52.1108590Z [INFO] Downloaded from central: https://repo.maven.apache.org/maven2/org/springframework/spring-context-support/7.0.8/spring-context-support-7.0.8.pom (2.4 kB at 116 kB/s)
2026-10-04T12:35:52.1148071Z [INFO] Downloading from spring-milestones: https://repo.spring.io/milestone/org/springframework/ai/spring-ai-starter-model-ollama/2.0.0-M8/spring-ai-starter-model-ollama-2.0.0-M8.pom
2026-10-04T12:35:52.1904760Z [INFO] Downloading from central: https://repo.maven.apache.org/maven2/org/springframework/ai/spring-ai-starter-model-ollama/2.0.0-M8/spring-ai-starter-model-ollama-2.0.0-M8.pom
2026-10-04T12:35:52.2125218Z [INFO] Downloaded from central: https://repo.maven.apache.org/maven2/org/springframework/ai/spring-ai-starter-model-ollama/2.0.0-M8/spring-ai-starter-model-ollama-2.0.0-M8.pom (4.1 kB at 187 kB/s)
2026-10-04T12:35:52.2148666Z [INFO] Downloading from spring-milestones: https://repo.spring.io/milestone/org/springframework/boot/spring-boot-starter-webclient/4.1.0/spring-boot-starter-webclient-4.1.0.pom
2026-10-04T12:35:52.2905050Z [INFO] Downloading from central: https://repo.maven.apache.org/maven2/org/springframework/boot/spring-boot-starter-webclient/4.1.0/spring-boot-starter-webclient-4.1.0.pom
2026-10-04T12:35:52.3121451Z [INFO] Downloaded from central: https://repo.maven.apache.org/maven2/org/springframework/boot/spring-boot-starter-webclient/4.1.0/spring-boot-starter-webclient-4.1.0.pom (2.9 kB at 139 kB/s)
2026-10-04T12:35:52.3138950Z [INFO] Downloading from spring-milestones: https://repo.spring.io/milestone/org/springframework/boot/spring-boot-webclient/4.1.0/spring-boot-webclient-4.1.0.pom
2026-10-04T12:35:52.3894809Z [INFO] Downloading from central: https://repo.maven.apache.org/maven2/org/springframework/boot/spring-boot-webclient/4.1.0/spring-boot-webclient-4.1.0.pom
2026-10-04T12:35:52.4210897Z [INFO] Downloaded from central: https://repo.maven.apache.org/maven2/org/springframework/boot/spring-boot-webclient/4.1.0/spring-boot-webclient-4.1.0.pom (2.6 kB at 85 kB/s)
2026-10-04T12:35:52.4228424Z [INFO] Downloading from spring-milestones: https://repo.spring.io/milestone/org/springframework/boot/spring-boot-http-client/4.1.0/spring-boot-http-client-4.1.0.pom
2026-10-04T12:35:52.5666501Z [INFO] Downloading from central: https://repo.maven.apache.org/maven2/org/springframework/boot/spring-boot-http-client/4.1.0/spring-boot-http-client-4.1.0.pom
2026-10-04T12:35:52.5859279Z [INFO] Downloaded from central: https://repo.maven.apache.org/maven2/org/springframework/boot/spring-boot-http-client/4.1.0/spring-boot-http-client-4.1.0.pom (2.4 kB at 128 kB/s)
2026-10-04T12:35:52.5877029Z [INFO] Downloading from spring-milestones: https://repo.spring.io/milestone/org/springframework/boot/spring-boot-http-converter/4.1.0/spring-boot-http-converter-4.1.0.pom
2026-10-04T12:35:52.6637380Z [INFO] Downloading from central: https://repo.maven.apache.org/maven2/org/springframework/boot/spring-boot-http-converter/4.1.0/spring-boot-http-converter-4.1.0.pom
2026-10-04T12:35:52.6860856Z [INFO] Downloaded from central: https://repo.maven.apache.org/maven2/org/springframework/boot/spring-boot-http-converter/4.1.0/spring-boot-http-converter-4.1.0.pom (2.2 kB at 102 kB/s)
2026-10-04T12:35:52.6877464Z [INFO] Downloading from spring-milestones: https://repo.spring.io/milestone/org/springframework/boot/spring-boot-starter-restclient/4.1.0/spring-boot-starter-restclient-4.1.0.pom
2026-10-04T12:35:52.7650613Z [INFO] Downloading from central: https://repo.maven.apache.org/maven2/org/springframework/boot/spring-boot-starter-restclient/4.1.0/spring-boot-starter-restclient-4.1.0.pom
2026-10-04T12:35:52.7851548Z [INFO] Downloaded from central: https://repo.maven.apache.org/maven2/org/springframework/boot/spring-boot-starter-restclient/4.1.0/spring-boot-starter-restclient-4.1.0.pom (2.6 kB at 128 kB/s)
2026-10-04T12:35:52.7867763Z [INFO] Downloading from spring-milestones: https://repo.spring.io/milestone/org/springframework/boot/spring-boot-restclient/4.1.0/spring-boot-restclient-4.1.0.pom
2026-10-04T12:35:52.8633531Z [INFO] Downloading from central: https://repo.maven.apache.org/maven2/org/springframework/boot/spring-boot-restclient/4.1.0/spring-boot-restclient-4.1.0.pom
2026-10-04T12:35:52.8842054Z [INFO] Downloaded from central: https://repo.maven.apache.org/maven2/org/springframework/boot/spring-boot-restclient/4.1.0/spring-boot-restclient-4.1.0.pom (2.5 kB at 124 kB/s)
2026-10-04T12:35:52.8859239Z [INFO] Downloading from spring-milestones: https://repo.spring.io/milestone/org/springframework/ai/spring-ai-autoconfigure-model-ollama/2.0.0-M8/spring-ai-autoconfigure-model-ollama-2.0.0-M8.pom
2026-10-04T12:35:52.9632593Z [INFO] Downloading from central: https://repo.maven.apache.org/maven2/org/springframework/ai/spring-ai-autoconfigure-model-ollama/2.0.0-M8/spring-ai-autoconfigure-model-ollama-2.0.0-M8.pom
2026-10-04T12:35:52.9935698Z [INFO] Downloaded from central: https://repo.maven.apache.org/maven2/org/springframework/ai/spring-ai-autoconfigure-model-ollama/2.0.0-M8/spring-ai-autoconfigure-model-ollama-2.0.0-M8.pom (4.1 kB at 138 kB/s)
2026-10-04T12:35:52.9952185Z [INFO] Downloading from spring-milestones: https://repo.spring.io/milestone/org/springframework/ai/spring-ai-autoconfigure-retry/2.0.0-M8/spring-ai-autoconfigure-retry-2.0.0-M8.pom
2026-10-04T12:35:53.0742936Z [INFO] Downloading from central: https://repo.maven.apache.org/maven2/org/springframework/ai/spring-ai-autoconfigure-retry/2.0.0-M8/spring-ai-autoconfigure-retry-2.0.0-M8.pom
2026-10-04T12:35:53.1256623Z [INFO] Downloaded from central: https://repo.maven.apache.org/maven2/org/springframework/ai/spring-ai-autoconfigure-retry/2.0.0-M8/spring-ai-autoconfigure-retry-2.0.0-M8.pom (2.8 kB at 54 kB/s)
2026-10-04T12:35:53.1272658Z [INFO] Downloading from spring-milestones: https://repo.spring.io/milestone/org/springframework/ai/spring-ai-autoconfigure-model-tool/2.0.0-M8/spring-ai-autoconfigure-model-tool-2.0.0-M8.pom
2026-10-04T12:35:53.2066759Z [INFO] Downloading from central: https://repo.maven.apache.org/maven2/org/springframework/ai/spring-ai-autoconfigure-model-tool/2.0.0-M8/spring-ai-autoconfigure-model-tool-2.0.0-M8.pom
2026-10-04T12:35:53.2318933Z [INFO] Downloaded from central: https://repo.maven.apache.org/maven2/org/springframework/ai/spring-ai-autoconfigure-model-tool/2.0.0-M8/spring-ai-autoconfigure-model-tool-2.0.0-M8.pom (2.8 kB at 112 kB/s)
2026-10-04T12:35:53.2335313Z [INFO] Downloading from spring-milestones: https://repo.spring.io/milestone/org/springframework/ai/spring-ai-autoconfigure-model-chat-observation/2.0.0-M8/spring-ai-autoconfigure-model-chat-observation-2.0.0-M8.pom
2026-10-04T12:35:53.3089361Z [INFO] Downloading from central: https://repo.maven.apache.org/maven2/org/springframework/ai/spring-ai-autoconfigure-model-chat-observation/2.0.0-M8/spring-ai-autoconfigure-model-chat-observation-2.0.0-M8.pom
2026-10-04T12:35:53.3293679Z [INFO] Downloaded from central: https://repo.maven.apache.org/maven2/org/springframework/ai/spring-ai-autoconfigure-model-chat-observation/2.0.0-M8/spring-ai-autoconfigure-model-chat-observation-2.0.0-M8.pom (3.0 kB at 145 kB/s)
2026-10-04T12:35:53.3311718Z [INFO] Downloading from spring-milestones: https://repo.spring.io/milestone/org/springframework/ai/spring-ai-autoconfigure-model-embedding-observation/2.0.0-M8/spring-ai-autoconfigure-model-embedding-observation-2.0.0-M8.pom
2026-10-04T12:35:53.4090956Z [INFO] Downloading from central: https://repo.maven.apache.org/maven2/org/springframework/ai/spring-ai-autoconfigure-model-embedding-observation/2.0.0-M8/spring-ai-autoconfigure-model-embedding-observation-2.0.0-M8.pom
2026-10-04T12:35:53.4379281Z [INFO] Downloaded from central: https://repo.maven.apache.org/maven2/org/springframework/ai/spring-ai-autoconfigure-model-embedding-observation/2.0.0-M8/spring-ai-autoconfigure-model-embedding-observation-2.0.0-M8.pom (2.8 kB at 98 kB/s)
2026-10-04T12:35:53.4399188Z [INFO] Downloading from spring-milestones: https://repo.spring.io/milestone/org/springframework/ai/spring-ai-ollama/2.0.0-M8/spring-ai-ollama-2.0.0-M8.pom
2026-10-04T12:35:53.5138455Z [INFO] Downloading from central: https://repo.maven.apache.org/maven2/org/springframework/ai/spring-ai-ollama/2.0.0-M8/spring-ai-ollama-2.0.0-M8.pom
2026-10-04T12:35:53.5344142Z [INFO] Downloaded from central: https://repo.maven.apache.org/maven2/org/springframework/ai/spring-ai-ollama/2.0.0-M8/spring-ai-ollama-2.0.0-M8.pom (3.4 kB at 160 kB/s)
2026-10-04T12:35:53.5359436Z [INFO] Downloading from spring-milestones: https://repo.spring.io/milestone/org/springframework/ai/spring-ai-model/2.0.0-M8/spring-ai-model-2.0.0-M8.pom
2026-10-04T12:35:53.6100263Z [INFO] Downloading from central: https://repo.maven.apache.org/maven2/org/springframework/ai/spring-ai-model/2.0.0-M8/spring-ai-model-2.0.0-M8.pom
2026-10-04T12:35:53.6303207Z [INFO] Downloaded from central: https://repo.maven.apache.org/maven2/org/springframework/ai/spring-ai-model/2.0.0-M8/spring-ai-model-2.0.0-M8.pom (5.2 kB at 248 kB/s)
2026-10-04T12:35:53.6319689Z [INFO] Downloading from spring-milestones: https://repo.spring.io/milestone/org/springframework/ai/spring-ai-commons/2.0.0-M8/spring-ai-commons-2.0.0-M8.pom
2026-10-04T12:35:53.7093996Z [INFO] Downloading from central: https://repo.maven.apache.org/maven2/org/springframework/ai/spring-ai-commons/2.0.0-M8/spring-ai-commons-2.0.0-M8.pom
2026-10-04T12:35:53.7301021Z [INFO] Downloaded from central: https://repo.maven.apache.org/maven2/org/springframework/ai/spring-ai-commons/2.0.0-M8/spring-ai-commons-2.0.0-M8.pom (4.2 kB at 211 kB/s)
2026-10-04T12:35:53.7317195Z [INFO] Downloading from spring-milestones: https://repo.spring.io/milestone/io/micrometer/context-propagation/1.2.1/context-propagation-1.2.1.pom
2026-10-04T12:35:53.8054408Z [INFO] Downloading from central: https://repo.maven.apache.org/maven2/io/micrometer/context-propagation/1.2.1/context-propagation-1.2.1.pom
2026-10-04T12:35:53.8259423Z [INFO] Downloaded from central: https://repo.maven.apache.org/maven2/io/micrometer/context-propagation/1.2.1/context-propagation-1.2.1.pom (3.7 kB at 184 kB/s)
2026-10-04T12:35:53.8276229Z [INFO] Downloading from spring-milestones: https://repo.spring.io/milestone/com/knuddels/jtokkit/1.1.0/jtokkit-1.1.0.pom
2026-10-04T12:35:53.9081792Z [INFO] Downloading from central: https://repo.maven.apache.org/maven2/com/knuddels/jtokkit/1.1.0/jtokkit-1.1.0.pom
2026-10-04T12:35:53.9287625Z [INFO] Downloaded from central: https://repo.maven.apache.org/maven2/com/knuddels/jtokkit/1.1.0/jtokkit-1.1.0.pom (1.6 kB at 77 kB/s)
2026-10-04T12:35:53.9303597Z [INFO] Downloading from spring-milestones: https://repo.spring.io/milestone/org/springframework/ai/spring-ai-template-st/2.0.0-M8/spring-ai-template-st-2.0.0-M8.pom
2026-10-04T12:35:54.0052338Z [INFO] Downloading from central: https://repo.maven.apache.org/maven2/org/springframework/ai/spring-ai-template-st/2.0.0-M8/spring-ai-template-st-2.0.0-M8.pom
2026-10-04T12:35:54.0331583Z [INFO] Downloaded from central: https://repo.maven.apache.org/maven2/org/springframework/ai/spring-ai-template-st/2.0.0-M8/spring-ai-template-st-2.0.0-M8.pom (3.2 kB at 114 kB/s)
2026-10-04T12:35:54.0348112Z [INFO] Downloading from spring-milestones: https://repo.spring.io/milestone/org/antlr/ST4/4.3.4/ST4-4.3.4.pom
2026-10-04T12:35:54.1086715Z [INFO] Downloading from central: https://repo.maven.apache.org/maven2/org/antlr/ST4/4.3.4/ST4-4.3.4.pom
2026-10-04T12:35:54.1311327Z [INFO] Downloaded from central: https://repo.maven.apache.org/maven2/org/antlr/ST4/4.3.4/ST4-4.3.4.pom (4.6 kB at 210 kB/s)
2026-10-04T12:35:54.1330527Z [INFO] Downloading from spring-milestones: https://repo.spring.io/milestone/org/antlr/antlr-runtime/3.5.3/antlr-runtime-3.5.3.pom
2026-10-04T12:35:54.2078521Z [INFO] Downloading from central: https://repo.maven.apache.org/maven2/org/antlr/antlr-runtime/3.5.3/antlr-runtime-3.5.3.pom
2026-10-04T12:35:54.2298276Z [INFO] Downloaded from central: https://repo.maven.apache.org/maven2/org/antlr/antlr-runtime/3.5.3/antlr-runtime-3.5.3.pom (2.9 kB at 130 kB/s)
2026-10-04T12:35:54.2310332Z [INFO] Downloading from spring-milestones: https://repo.spring.io/milestone/org/antlr/antlr-master/3.5.3/antlr-master-3.5.3.pom
2026-10-04T12:35:54.3083532Z [INFO] Downloading from central: https://repo.maven.apache.org/maven2/org/antlr/antlr-master/3.5.3/antlr-master-3.5.3.pom
2026-10-04T12:35:54.3296805Z [INFO] Downloaded from central: https://repo.maven.apache.org/maven2/org/antlr/antlr-master/3.5.3/antlr-master-3.5.3.pom (11 kB at 540 kB/s)
2026-10-04T12:35:54.3318199Z [INFO] Downloading from spring-milestones: https://repo.spring.io/milestone/org/antlr/antlr4-runtime/4.13.1/antlr4-runtime-4.13.1.pom
2026-10-04T12:35:54.4062032Z [INFO] Downloading from central: https://repo.maven.apache.org/maven2/org/antlr/antlr4-runtime/4.13.1/antlr4-runtime-4.13.1.pom
2026-10-04T12:35:54.4391932Z [INFO] Downloaded from central: https://repo.maven.apache.org/maven2/org/antlr/antlr4-runtime/4.13.1/antlr4-runtime-4.13.1.pom (3.6 kB at 108 kB/s)
2026-10-04T12:35:54.4405487Z [INFO] Downloading from spring-milestones: https://repo.spring.io/milestone/org/antlr/antlr4-master/4.13.1/antlr4-master-4.13.1.pom
2026-10-04T12:35:54.5153910Z [INFO] Downloading from central: https://repo.maven.apache.org/maven2/org/antlr/antlr4-master/4.13.1/antlr4-master-4.13.1.pom
2026-10-04T12:35:54.5363823Z [INFO] Downloaded from central: https://repo.maven.apache.org/maven2/org/antlr/antlr4-master/4.13.1/antlr4-master-4.13.1.pom (4.8 kB at 229 kB/s)
2026-10-04T12:35:54.5383981Z [INFO] Downloading from spring-milestones: https://repo.spring.io/milestone/org/springframework/spring-messaging/7.0.8/spring-messaging-7.0.8.pom
2026-10-04T12:35:54.6140350Z [INFO] Downloading from central: https://repo.maven.apache.org/maven2/org/springframework/spring-messaging/7.0.8/spring-messaging-7.0.8.pom
2026-10-04T12:35:54.6350594Z [INFO] Downloaded from central: https://repo.maven.apache.org/maven2/org/springframework/spring-messaging/7.0.8/spring-messaging-7.0.8.pom (2.2 kB at 106 kB/s)
2026-10-04T12:35:54.6366012Z [INFO] Downloading from spring-milestones: https://repo.spring.io/milestone/com/github/victools/jsonschema-generator/5.0.0/jsonschema-generator-5.0.0.pom
2026-10-04T12:35:54.7108686Z [INFO] Downloading from central: https://repo.maven.apache.org/maven2/com/github/victools/jsonschema-generator/5.0.0/jsonschema-generator-5.0.0.pom
2026-10-04T12:35:54.7333744Z [INFO] Downloaded from central: https://repo.maven.apache.org/maven2/com/github/victools/jsonschema-generator/5.0.0/jsonschema-generator-5.0.0.pom (2.1 kB at 90 kB/s)
2026-10-04T12:35:54.7344130Z [INFO] Downloading from spring-milestones: https://repo.spring.io/milestone/com/github/victools/jsonschema-generator-parent/5.0.0/jsonschema-generator-parent-5.0.0.pom
2026-10-04T12:35:54.8083302Z [INFO] Downloading from central: https://repo.maven.apache.org/maven2/com/github/victools/jsonschema-generator-parent/5.0.0/jsonschema-generator-parent-5.0.0.pom
2026-10-04T12:35:54.8308616Z [INFO] Downloaded from central: https://repo.maven.apache.org/maven2/com/github/victools/jsonschema-generator-parent/5.0.0/jsonschema-generator-parent-5.0.0.pom (19 kB at 853 kB/s)
2026-10-04T12:35:54.8320226Z [INFO] Downloading from spring-milestones: https://repo.spring.io/milestone/com/github/victools/jsonschema-generator-bom/5.0.0/jsonschema-generator-bom-5.0.0.pom
2026-10-04T12:35:54.9074335Z [INFO] Downloading from central: https://repo.maven.apache.org/maven2/com/github/victools/jsonschema-generator-bom/5.0.0/jsonschema-generator-bom-5.0.0.pom
2026-10-04T12:35:54.9283964Z [INFO] Downloaded from central: https://repo.maven.apache.org/maven2/com/github/victools/jsonschema-generator-bom/5.0.0/jsonschema-generator-bom-5.0.0.pom (4.7 kB at 224 kB/s)
2026-10-04T12:35:54.9300380Z [INFO] Downloading from spring-milestones: https://repo.spring.io/milestone/tools/jackson/jackson-bom/3.0.3/jackson-bom-3.0.3.pom
2026-10-04T12:35:55.0167382Z [INFO] Downloading from central: https://repo.maven.apache.org/maven2/tools/jackson/jackson-bom/3.0.3/jackson-bom-3.0.3.pom
2026-10-04T12:35:55.0372520Z [INFO] Downloaded from central: https://repo.maven.apache.org/maven2/tools/jackson/jackson-bom/3.0.3/jackson-bom-3.0.3.pom (20 kB at 946 kB/s)
2026-10-04T12:35:55.0384592Z [INFO] Downloading from spring-milestones: https://repo.spring.io/milestone/com/fasterxml/oss-parent/73/oss-parent-73.pom
2026-10-04T12:35:55.1166276Z [INFO] Downloading from central: https://repo.maven.apache.org/maven2/com/fasterxml/oss-parent/73/oss-parent-73.pom
2026-10-04T12:35:55.1519240Z [INFO] Downloaded from central: https://repo.maven.apache.org/maven2/com/fasterxml/oss-parent/73/oss-parent-73.pom (24 kB at 686 kB/s)
2026-10-04T12:35:55.1540931Z [INFO] Downloading from spring-milestones: https://repo.spring.io/milestone/com/github/victools/jsonschema-module-jackson/5.0.0/jsonschema-module-jackson-5.0.0.pom
2026-10-04T12:35:55.2274353Z [INFO] Downloading from central: https://repo.maven.apache.org/maven2/com/github/victools/jsonschema-module-jackson/5.0.0/jsonschema-module-jackson-5.0.0.pom
2026-10-04T12:35:55.2490170Z [INFO] Downloaded from central: https://repo.maven.apache.org/maven2/com/github/victools/jsonschema-module-jackson/5.0.0/jsonschema-module-jackson-5.0.0.pom (2.2 kB at 106 kB/s)
2026-10-04T12:35:55.2510607Z [INFO] Downloading from spring-milestones: https://repo.spring.io/milestone/com/github/victools/jsonschema-module-swagger-2/5.0.0/jsonschema-module-swagger-2-5.0.0.pom
2026-10-04T12:35:55.3256871Z [INFO] Downloading from central: https://repo.maven.apache.org/maven2/com/github/victools/jsonschema-module-swagger-2/5.0.0/jsonschema-module-swagger-2-5.0.0.pom
2026-10-04T12:35:55.3467878Z [INFO] Downloaded from central: https://repo.maven.apache.org/maven2/com/github/victools/jsonschema-module-swagger-2/5.0.0/jsonschema-module-swagger-2-5.0.0.pom (1.9 kB at 92 kB/s)
2026-10-04T12:35:55.3488046Z [INFO] Downloading from spring-milestones: https://repo.spring.io/milestone/io/swagger/core/v3/swagger-annotations-jakarta/2.2.38/swagger-annotations-jakarta-2.2.38.pom
2026-10-04T12:35:55.4232519Z [INFO] Downloading from central: https://repo.maven.apache.org/maven2/io/swagger/core/v3/swagger-annotations-jakarta/2.2.38/swagger-annotations-jakarta-2.2.38.pom
2026-10-04T12:35:55.4458764Z [INFO] Downloaded from central: https://repo.maven.apache.org/maven2/io/swagger/core/v3/swagger-annotations-jakarta/2.2.38/swagger-annotations-jakarta-2.2.38.pom (3.3 kB at 142 kB/s)
2026-10-04T12:35:55.4471004Z [INFO] Downloading from spring-milestones: https://repo.spring.io/milestone/io/swagger/core/v3/swagger-project-jakarta/2.2.38/swagger-project-jakarta-2.2.38.pom
2026-10-04T12:35:55.5207550Z [INFO] Downloading from central: https://repo.maven.apache.org/maven2/io/swagger/core/v3/swagger-project-jakarta/2.2.38/swagger-project-jakarta-2.2.38.pom
2026-10-04T12:35:55.5450072Z [INFO] Downloaded from central: https://repo.maven.apache.org/maven2/io/swagger/core/v3/swagger-project-jakarta/2.2.38/swagger-project-jakarta-2.2.38.pom (22 kB at 917 kB/s)
2026-10-04T12:35:55.5469197Z [INFO] Downloading from spring-milestones: https://repo.spring.io/milestone/org/springframework/ai/spring-ai-retry/2.0.0-M8/spring-ai-retry-2.0.0-M8.pom
2026-10-04T12:35:55.6216949Z [INFO] Downloading from central: https://repo.maven.apache.org/maven2/org/springframework/ai/spring-ai-retry/2.0.0-M8/spring-ai-retry-2.0.0-M8.pom
2026-10-04T12:35:55.6430151Z [INFO] Downloaded from central: https://repo.maven.apache.org/maven2/org/springframework/ai/spring-ai-retry/2.0.0-M8/spring-ai-retry-2.0.0-M8.pom (2.8 kB at 134 kB/s)
2026-10-04T12:35:55.6447007Z [INFO] Downloading from spring-milestones: https://repo.spring.io/milestone/org/springframework/ai/spring-ai-client-chat/2.0.0-M8/spring-ai-client-chat-2.0.0-M8.pom
2026-10-04T12:35:55.7204102Z [INFO] Downloading from central: https://repo.maven.apache.org/maven2/org/springframework/ai/spring-ai-client-chat/2.0.0-M8/spring-ai-client-chat-2.0.0-M8.pom
2026-10-04T12:35:55.7410563Z [INFO] Downloaded from central: https://repo.maven.apache.org/maven2/org/springframework/ai/spring-ai-client-chat/2.0.0-M8/spring-ai-client-chat-2.0.0-M8.pom (4.6 kB at 229 kB/s)
2026-10-04T12:35:55.7425806Z [INFO] Downloading from spring-milestones: https://repo.spring.io/milestone/com/networknt/json-schema-validator/3.0.1/json-schema-validator-3.0.1.pom
2026-10-04T12:35:55.8166167Z [INFO] Downloading from central: https://repo.maven.apache.org/maven2/com/networknt/json-schema-validator/3.0.1/json-schema-validator-3.0.1.pom
2026-10-04T12:35:55.8401300Z [INFO] Downloaded from central: https://repo.maven.apache.org/maven2/com/networknt/json-schema-validator/3.0.1/json-schema-validator-3.0.1.pom (18 kB at 763 kB/s)
2026-10-04T12:35:55.8419693Z [INFO] Downloading from spring-milestones: https://repo.spring.io/milestone/com/ethlo/time/itu/1.14.0/itu-1.14.0.pom
2026-10-04T12:35:55.9165661Z [INFO] Downloading from central: https://repo.maven.apache.org/maven2/com/ethlo/time/itu/1.14.0/itu-1.14.0.pom
2026-10-04T12:35:55.9424576Z [INFO] Downloaded from central: https://repo.maven.apache.org/maven2/com/ethlo/time/itu/1.14.0/itu-1.14.0.pom (18 kB at 703 kB/s)
2026-10-04T12:35:55.9444341Z [INFO] Downloading from spring-milestones: https://repo.spring.io/milestone/org/springframework/ai/spring-ai-autoconfigure-model-chat-client/2.0.0-M8/spring-ai-autoconfigure-model-chat-client-2.0.0-M8.pom
2026-10-04T12:35:56.0195032Z [INFO] Downloading from central: https://repo.maven.apache.org/maven2/org/springframework/ai/spring-ai-autoconfigure-model-chat-client/2.0.0-M8/spring-ai-autoconfigure-model-chat-client-2.0.0-M8.pom
2026-10-04T12:35:56.0442740Z [INFO] Downloaded from central: https://repo.maven.apache.org/maven2/org/springframework/ai/spring-ai-autoconfigure-model-chat-client/2.0.0-M8/spring-ai-autoconfigure-model-chat-client-2.0.0-M8.pom (3.0 kB at 121 kB/s)
2026-10-04T12:35:56.0458768Z [INFO] Downloading from spring-milestones: https://repo.spring.io/milestone/org/springframework/ai/spring-ai-autoconfigure-model-chat-memory/2.0.0-M8/spring-ai-autoconfigure-model-chat-memory-2.0.0-M8.pom
2026-10-04T12:35:56.4367561Z [INFO] Downloading from central: https://repo.maven.apache.org/maven2/org/springframework/ai/spring-ai-autoconfigure-model-chat-memory/2.0.0-M8/spring-ai-autoconfigure-model-chat-memory-2.0.0-M8.pom
2026-10-04T12:35:56.4616617Z [INFO] Downloaded from central: https://repo.maven.apache.org/maven2/org/springframework/ai/spring-ai-autoconfigure-model-chat-memory/2.0.0-M8/spring-ai-autoconfigure-model-chat-memory-2.0.0-M8.pom (2.8 kB at 112 kB/s)
2026-10-04T12:35:56.4631469Z [INFO] Downloading from spring-milestones: https://repo.spring.io/milestone/org/springframework/ai/spring-ai-starter-model-google-genai/2.0.0-M8/spring-ai-starter-model-google-genai-2.0.0-M8.pom
2026-10-04T12:35:56.5384593Z [INFO] Downloading from central: https://repo.maven.apache.org/maven2/org/springframework/ai/spring-ai-starter-model-google-genai/2.0.0-M8/spring-ai-starter-model-google-genai-2.0.0-M8.pom
2026-10-04T12:35:56.5619055Z [INFO] Downloaded from central: https://repo.maven.apache.org/maven2/org/springframework/ai/spring-ai-starter-model-google-genai/2.0.0-M8/spring-ai-starter-model-google-genai-2.0.0-M8.pom (3.7 kB at 162 kB/s)
2026-10-04T12:35:56.5640671Z [INFO] Downloading from spring-milestones: https://repo.spring.io/milestone/org/springframework/ai/spring-ai-autoconfigure-model-google-genai/2.0.0-M8/spring-ai-autoconfigure-model-google-genai-2.0.0-M8.pom
2026-10-04T12:35:56.6400984Z [INFO] Downloading from central: https://repo.maven.apache.org/maven2/org/springframework/ai/spring-ai-autoconfigure-model-google-genai/2.0.0-M8/spring-ai-autoconfigure-model-google-genai-2.0.0-M8.pom
2026-10-04T12:35:56.6620653Z [INFO] Downloaded from central: https://repo.maven.apache.org/maven2/org/springframework/ai/spring-ai-autoconfigure-model-google-genai/2.0.0-M8/spring-ai-autoconfigure-model-google-genai-2.0.0-M8.pom (3.9 kB at 178 kB/s)
2026-10-04T12:35:56.6636695Z [INFO] Downloading from spring-milestones: https://repo.spring.io/milestone/org/springframework/ai/spring-ai-google-genai/2.0.0-M8/spring-ai-google-genai-2.0.0-M8.pom
2026-10-04T12:35:56.7374820Z [INFO] Downloading from central: https://repo.maven.apache.org/maven2/org/springframework/ai/spring-ai-google-genai/2.0.0-M8/spring-ai-google-genai-2.0.0-M8.pom
2026-10-04T12:35:56.7600140Z [INFO] Downloaded from central: https://repo.maven.apache.org/maven2/org/springframework/ai/spring-ai-google-genai/2.0.0-M8/spring-ai-google-genai-2.0.0-M8.pom (3.8 kB at 172 kB/s)
2026-10-04T12:35:56.7614774Z [INFO] Downloading from spring-milestones: https://repo.spring.io/milestone/com/google/genai/google-genai/1.54.0/google-genai-1.54.0.pom
2026-10-04T12:35:56.8376129Z [INFO] Downloading from central: https://repo.maven.apache.org/maven2/com/google/genai/google-genai/1.54.0/google-genai-1.54.0.pom
2026-10-04T12:35:56.8700842Z [INFO] Downloaded from central: https://repo.maven.apache.org/maven2/com/google/genai/google-genai/1.54.0/google-genai-1.54.0.pom (22 kB at 675 kB/s)
2026-10-04T12:35:56.8715188Z [INFO] Downloading from spring-milestones: https://repo.spring.io/milestone/com/google/cloud/sdk-platform-java-config/3.45.1/sdk-platform-java-config-3.45.1.pom
2026-10-04T12:35:56.9461993Z [INFO] Downloading from central: https://repo.maven.apache.org/maven2/com/google/cloud/sdk-platform-java-config/3.45.1/sdk-platform-java-config-3.45.1.pom
2026-10-04T12:35:56.9730428Z [INFO] Downloaded from central: https://repo.maven.apache.org/maven2/com/google/cloud/sdk-platform-java-config/3.45.1/sdk-platform-java-config-3.45.1.pom (1.0 kB at 39 kB/s)
2026-10-04T12:35:56.9740645Z [INFO] Downloading from spring-milestones: https://repo.spring.io/milestone/com/google/cloud/google-cloud-shared-config/1.15.0/google-cloud-shared-config-1.15.0.pom
2026-10-04T12:35:57.0511832Z [INFO] Downloading from central: https://repo.maven.apache.org/maven2/com/google/cloud/google-cloud-shared-config/1.15.0/google-cloud-shared-config-1.15.0.pom
2026-10-04T12:35:57.0756068Z [INFO] Downloaded from central: https://repo.maven.apache.org/maven2/com/google/cloud/google-cloud-shared-config/1.15.0/google-cloud-shared-config-1.15.0.pom (26 kB at 1.0 MB/s)
2026-10-04T12:35:57.0773503Z [INFO] Downloading from spring-milestones: https://repo.spring.io/milestone/com/google/cloud/native-image-shared-config/1.15.0/native-image-shared-config-1.15.0.pom
2026-10-04T12:35:57.1537618Z [INFO] Downloading from central: https://repo.maven.apache.org/maven2/com/google/cloud/native-image-shared-config/1.15.0/native-image-shared-config-1.15.0.pom
2026-10-04T12:35:57.1762237Z [INFO] Downloaded from central: https://repo.maven.apache.org/maven2/com/google/cloud/native-image-shared-config/1.15.0/native-image-shared-config-1.15.0.pom (9.6 kB at 437 kB/s)
2026-10-04T12:35:57.1783546Z [INFO] Downloading from spring-milestones: https://repo.spring.io/milestone/com/google/auth/google-auth-library-oauth2-http/1.33.0/google-auth-library-oauth2-http-1.33.0.pom
2026-10-04T12:35:57.2530943Z [INFO] Downloading from central: https://repo.maven.apache.org/maven2/com/google/auth/google-auth-library-oauth2-http/1.33.0/google-auth-library-oauth2-http-1.33.0.pom
2026-10-04T12:35:57.2925393Z [INFO] Downloaded from central: https://repo.maven.apache.org/maven2/com/google/auth/google-auth-library-oauth2-http/1.33.0/google-auth-library-oauth2-http-1.33.0.pom (12 kB at 288 kB/s)
2026-10-04T12:35:57.2938901Z [INFO] Downloading from spring-milestones: https://repo.spring.io/milestone/com/google/auth/google-auth-library-parent/1.33.0/google-auth-library-parent-1.33.0.pom
2026-10-04T12:35:57.3690293Z [INFO] Downloading from central: https://repo.maven.apache.org/maven2/com/google/auth/google-auth-library-parent/1.33.0/google-auth-library-parent-1.33.0.pom
2026-10-04T12:35:57.3916924Z [INFO] Downloaded from central: https://repo.maven.apache.org/maven2/com/google/auth/google-auth-library-parent/1.33.0/google-auth-library-parent-1.33.0.pom (18 kB at 768 kB/s)
2026-10-04T12:35:57.3951484Z [INFO] Downloading from spring-milestones: https://repo.spring.io/milestone/com/google/cloud/google-cloud-shared-config/1.14.3/google-cloud-shared-config-1.14.3.pom
2026-10-04T12:35:57.4694308Z [INFO] Downloading from central: https://repo.maven.apache.org/maven2/com/google/cloud/google-cloud-shared-config/1.14.3/google-cloud-shared-config-1.14.3.pom
2026-10-04T12:35:57.4941998Z [INFO] Downloaded from central: https://repo.maven.apache.org/maven2/com/google/cloud/google-cloud-shared-config/1.14.3/google-cloud-shared-config-1.14.3.pom (26 kB at 1.1 MB/s)
2026-10-04T12:35:57.4956693Z [INFO] Downloading from spring-milestones: https://repo.spring.io/milestone/com/google/cloud/native-image-shared-config/1.14.3/native-image-shared-config-1.14.3.pom
2026-10-04T12:35:57.5688454Z [INFO] Downloading from central: https://repo.maven.apache.org/maven2/com/google/cloud/native-image-shared-config/1.14.3/native-image-shared-config-1.14.3.pom
2026-10-04T12:35:57.5925743Z [INFO] Downloaded from central: https://repo.maven.apache.org/maven2/com/google/cloud/native-image-shared-config/1.14.3/native-image-shared-config-1.14.3.pom (9.6 kB at 401 kB/s)
2026-10-04T12:35:57.5951211Z [INFO] Downloading from spring-milestones: https://repo.spring.io/milestone/com/google/http-client/google-http-client-bom/1.46.2/google-http-client-bom-1.46.2.pom
2026-10-04T12:35:57.6691603Z [INFO] Downloading from central: https://repo.maven.apache.org/maven2/com/google/http-client/google-http-client-bom/1.46.2/google-http-client-bom-1.46.2.pom
2026-10-04T12:35:57.6902217Z [INFO] Downloaded from central: https://repo.maven.apache.org/maven2/com/google/http-client/google-http-client-bom/1.46.2/google-http-client-bom-1.46.2.pom (8.8 kB at 399 kB/s)
2026-10-04T12:35:57.6921302Z [INFO] Downloading from spring-milestones: https://repo.spring.io/milestone/com/google/auto/value/auto-value-annotations/1.11.0/auto-value-annotations-1.11.0.pom
2026-10-04T12:35:57.7670313Z [INFO] Downloading from central: https://repo.maven.apache.org/maven2/com/google/auto/value/auto-value-annotations/1.11.0/auto-value-annotations-1.11.0.pom
2026-10-04T12:35:57.8044760Z [INFO] Downloaded from central: https://repo.maven.apache.org/maven2/com/google/auto/value/auto-value-annotations/1.11.0/auto-value-annotations-1.11.0.pom (2.7 kB at 72 kB/s)
2026-10-04T12:35:57.8056742Z [INFO] Downloading from spring-milestones: https://repo.spring.io/milestone/com/google/auto/value/auto-value-parent/1.11.0/auto-value-parent-1.11.0.pom
2026-10-04T12:35:57.8804245Z [INFO] Downloading from central: https://repo.maven.apache.org/maven2/com/google/auto/value/auto-value-parent/1.11.0/auto-value-parent-1.11.0.pom
2026-10-04T12:35:57.9006297Z [INFO] Downloaded from central: https://repo.maven.apache.org/maven2/com/google/auto/value/auto-value-parent/1.11.0/auto-value-parent-1.11.0.pom (8.3 kB at 416 kB/s)
2026-10-04T12:35:57.9024099Z [INFO] Downloading from spring-milestones: https://repo.spring.io/milestone/com/google/code/findbugs/jsr305/3.0.2/jsr305-3.0.2.pom
2026-10-04T12:35:57.9779843Z [INFO] Downloading from central: https://repo.maven.apache.org/maven2/com/google/code/findbugs/jsr305/3.0.2/jsr305-3.0.2.pom
2026-10-04T12:35:57.9980028Z [INFO] Downloaded from central: https://repo.maven.apache.org/maven2/com/google/code/findbugs/jsr305/3.0.2/jsr305-3.0.2.pom (4.3 kB at 214 kB/s)
2026-10-04T12:35:57.9999127Z [INFO] Downloading from spring-milestones: https://repo.spring.io/milestone/com/google/auth/google-auth-library-credentials/1.33.0/google-auth-library-credentials-1.33.0.pom
2026-10-04T12:35:58.0744532Z [INFO] Downloading from central: https://repo.maven.apache.org/maven2/com/google/auth/google-auth-library-credentials/1.33.0/google-auth-library-credentials-1.33.0.pom
2026-10-04T12:35:58.1092807Z [INFO] Downloaded from central: https://repo.maven.apache.org/maven2/com/google/auth/google-auth-library-credentials/1.33.0/google-auth-library-credentials-1.33.0.pom (1.8 kB at 52 kB/s)
2026-10-04T12:35:58.1119139Z [INFO] Downloading from spring-milestones: https://repo.spring.io/milestone/com/google/http-client/google-http-client/1.46.2/google-http-client-1.46.2.pom
2026-10-04T12:35:58.1869687Z [INFO] Downloading from central: https://repo.maven.apache.org/maven2/com/google/http-client/google-http-client/1.46.2/google-http-client-1.46.2.pom
2026-10-04T12:35:58.2138721Z [INFO] Downloaded from central: https://repo.maven.apache.org/maven2/com/google/http-client/google-http-client/1.46.2/google-http-client-1.46.2.pom (6.5 kB at 241 kB/s)
2026-10-04T12:35:58.2151240Z [INFO] Downloading from spring-milestones: https://repo.spring.io/milestone/com/google/http-client/google-http-client-parent/1.46.2/google-http-client-parent-1.46.2.pom
2026-10-04T12:35:58.2913093Z [INFO] Downloading from central: https://repo.maven.apache.org/maven2/com/google/http-client/google-http-client-parent/1.46.2/google-http-client-parent-1.46.2.pom
2026-10-04T12:35:58.3152268Z [INFO] Downloaded from central: https://repo.maven.apache.org/maven2/com/google/http-client/google-http-client-parent/1.46.2/google-http-client-parent-1.46.2.pom (30 kB at 1.3 MB/s)
2026-10-04T12:35:58.3172722Z [INFO] Downloading from spring-milestones: https://repo.spring.io/milestone/com/google/cloud/native-image-shared-config/1.14.0/native-image-shared-config-1.14.0.pom
2026-10-04T12:35:58.3932920Z [INFO] Downloading from central: https://repo.maven.apache.org/maven2/com/google/cloud/native-image-shared-config/1.14.0/native-image-shared-config-1.14.0.pom
2026-10-04T12:35:58.4163190Z [INFO] Downloaded from central: https://repo.maven.apache.org/maven2/com/google/cloud/native-image-shared-config/1.14.0/native-image-shared-config-1.14.0.pom (9.9 kB at 414 kB/s)
2026-10-04T12:35:58.4182070Z [INFO] Downloading from spring-milestones: https://repo.spring.io/milestone/org/apache/httpcomponents/httpclient/4.5.14/httpclient-4.5.14.pom
2026-10-04T12:35:58.5004537Z [INFO] Downloading from central: https://repo.maven.apache.org/maven2/org/apache/httpcomponents/httpclient/4.5.14/httpclient-4.5.14.pom
2026-10-04T12:35:58.5179404Z [INFO] Downloaded from central: https://repo.maven.apache.org/maven2/org/apache/httpcomponents/httpclient/4.5.14/httpclient-4.5.14.pom (6.6 kB at 390 kB/s)
2026-10-04T12:35:58.5192070Z [INFO] Downloading from spring-milestones: https://repo.spring.io/milestone/org/apache/httpcomponents/httpcomponents-client/4.5.14/httpcomponents-client-4.5.14.pom
2026-10-04T12:35:58.5927578Z [INFO] Downloading from central: https://repo.maven.apache.org/maven2/org/apache/httpcomponents/httpcomponents-client/4.5.14/httpcomponents-client-4.5.14.pom
2026-10-04T12:35:58.6133056Z [INFO] Downloaded from central: https://repo.maven.apache.org/maven2/org/apache/httpcomponents/httpcomponents-client/4.5.14/httpcomponents-client-4.5.14.pom (15 kB at 727 kB/s)
2026-10-04T12:35:58.6145161Z [INFO] Downloading from spring-milestones: https://repo.spring.io/milestone/org/apache/httpcomponents/httpcomponents-parent/11/httpcomponents-parent-11.pom
2026-10-04T12:35:58.6882702Z [INFO] Downloading from central: https://repo.maven.apache.org/maven2/org/apache/httpcomponents/httpcomponents-parent/11/httpcomponents-parent-11.pom
2026-10-04T12:35:58.7183543Z [INFO] Downloaded from central: https://repo.maven.apache.org/maven2/org/apache/httpcomponents/httpcomponents-parent/11/httpcomponents-parent-11.pom (35 kB at 1.2 MB/s)
2026-10-04T12:35:58.7200494Z [INFO] Downloading from spring-milestones: https://repo.spring.io/milestone/org/apache/apache/21/apache-21.pom
2026-10-04T12:35:58.7943148Z [INFO] Downloading from central: https://repo.maven.apache.org/maven2/org/apache/apache/21/apache-21.pom
2026-10-04T12:35:58.8144480Z [INFO] Downloaded from central: https://repo.maven.apache.org/maven2/org/apache/apache/21/apache-21.pom (17 kB at 855 kB/s)
2026-10-04T12:35:58.8165232Z [INFO] Downloading from spring-milestones: https://repo.spring.io/milestone/org/apache/httpcomponents/httpcore/4.4.16/httpcore-4.4.16.pom
2026-10-04T12:35:58.8905648Z [INFO] Downloading from central: https://repo.maven.apache.org/maven2/org/apache/httpcomponents/httpcore/4.4.16/httpcore-4.4.16.pom
2026-10-04T12:35:58.9094647Z [INFO] Downloaded from central: https://repo.maven.apache.org/maven2/org/apache/httpcomponents/httpcore/4.4.16/httpcore-4.4.16.pom (5.0 kB at 261 kB/s)
2026-10-04T12:35:58.9105631Z [INFO] Downloading from spring-milestones: https://repo.spring.io/milestone/org/apache/httpcomponents/httpcomponents-core/4.4.16/httpcomponents-core-4.4.16.pom
2026-10-04T12:35:58.9865414Z [INFO] Downloading from central: https://repo.maven.apache.org/maven2/org/apache/httpcomponents/httpcomponents-core/4.4.16/httpcomponents-core-4.4.16.pom
2026-10-04T12:35:59.0170528Z [INFO] Downloaded from central: https://repo.maven.apache.org/maven2/org/apache/httpcomponents/httpcomponents-core/4.4.16/httpcomponents-core-4.4.16.pom (12 kB at 398 kB/s)
2026-10-04T12:35:59.0195127Z [INFO] Downloading from spring-milestones: https://repo.spring.io/milestone/commons-codec/commons-codec/1.21.0/commons-codec-1.21.0.pom
2026-10-04T12:35:59.0951428Z [INFO] Downloading from central: https://repo.maven.apache.org/maven2/commons-codec/commons-codec/1.21.0/commons-codec-1.21.0.pom
2026-10-04T12:35:59.1171614Z [INFO] Downloaded from central: https://repo.maven.apache.org/maven2/commons-codec/commons-codec/1.21.0/commons-codec-1.21.0.pom (19 kB at 858 kB/s)
2026-10-04T12:35:59.1187223Z [INFO] Downloading from spring-milestones: https://repo.spring.io/milestone/org/apache/commons/commons-parent/96/commons-parent-96.pom
2026-10-04T12:35:59.1939488Z [INFO] Downloading from central: https://repo.maven.apache.org/maven2/org/apache/commons/commons-parent/96/commons-parent-96.pom
2026-10-04T12:35:59.2184073Z [INFO] Downloaded from central: https://repo.maven.apache.org/maven2/org/apache/commons/commons-parent/96/commons-parent-96.pom (80 kB at 3.2 MB/s)
2026-10-04T12:35:59.2218138Z [INFO] Downloading from spring-milestones: https://repo.spring.io/milestone/com/google/errorprone/error_prone_annotations/2.36.0/error_prone_annotations-2.36.0.pom
2026-10-04T12:35:59.2970983Z [INFO] Downloading from central: https://repo.maven.apache.org/maven2/com/google/errorprone/error_prone_annotations/2.36.0/error_prone_annotations-2.36.0.pom
2026-10-04T12:35:59.3168706Z [INFO] Downloaded from central: https://repo.maven.apache.org/maven2/com/google/errorprone/error_prone_annotations/2.36.0/error_prone_annotations-2.36.0.pom (4.3 kB at 213 kB/s)
2026-10-04T12:35:59.3180658Z [INFO] Downloading from spring-milestones: https://repo.spring.io/milestone/com/google/errorprone/error_prone_parent/2.36.0/error_prone_parent-2.36.0.pom
2026-10-04T12:35:59.3964396Z [INFO] Downloading from central: https://repo.maven.apache.org/maven2/com/google/errorprone/error_prone_parent/2.36.0/error_prone_parent-2.36.0.pom
2026-10-04T12:35:59.4180463Z [INFO] Downloaded from central: https://repo.maven.apache.org/maven2/com/google/errorprone/error_prone_parent/2.36.0/error_prone_parent-2.36.0.pom (16 kB at 760 kB/s)
2026-10-04T12:35:59.4197708Z [INFO] Downloading from spring-milestones: https://repo.spring.io/milestone/com/google/guava/guava/30.1.1-android/guava-30.1.1-android.pom
2026-10-04T12:35:59.4948916Z [INFO] Downloading from central: https://repo.maven.apache.org/maven2/com/google/guava/guava/30.1.1-android/guava-30.1.1-android.pom
2026-10-04T12:35:59.5167555Z [INFO] Downloaded from central: https://repo.maven.apache.org/maven2/com/google/guava/guava/30.1.1-android/guava-30.1.1-android.pom (12 kB at 556 kB/s)
2026-10-04T12:35:59.5187184Z [INFO] Downloading from spring-milestones: https://repo.spring.io/milestone/com/google/guava/guava-parent/30.1.1-android/guava-parent-30.1.1-android.pom
2026-10-04T12:35:59.5917509Z [INFO] Downloading from central: https://repo.maven.apache.org/maven2/com/google/guava/guava-parent/30.1.1-android/guava-parent-30.1.1-android.pom
2026-10-04T12:35:59.6111216Z [INFO] Downloaded from central: https://repo.maven.apache.org/maven2/com/google/guava/guava-parent/30.1.1-android/guava-parent-30.1.1-android.pom (14 kB at 738 kB/s)
2026-10-04T12:35:59.6130594Z [INFO] Downloading from spring-milestones: https://repo.spring.io/milestone/com/google/guava/failureaccess/1.0.1/failureaccess-1.0.1.pom
2026-10-04T12:35:59.6868043Z [INFO] Downloading from central: https://repo.maven.apache.org/maven2/com/google/guava/failureaccess/1.0.1/failureaccess-1.0.1.pom
2026-10-04T12:35:59.7069943Z [INFO] Downloaded from central: https://repo.maven.apache.org/maven2/com/google/guava/failureaccess/1.0.1/failureaccess-1.0.1.pom (2.4 kB at 121 kB/s)
2026-10-04T12:35:59.7081658Z [INFO] Downloading from spring-milestones: https://repo.spring.io/milestone/com/google/guava/guava-parent/26.0-android/guava-parent-26.0-android.pom
2026-10-04T12:35:59.7819843Z [INFO] Downloading from central: https://repo.maven.apache.org/maven2/com/google/guava/guava-parent/26.0-android/guava-parent-26.0-android.pom
2026-10-04T12:35:59.8023651Z [INFO] Downloaded from central: https://repo.maven.apache.org/maven2/com/google/guava/guava-parent/26.0-android/guava-parent-26.0-android.pom (10 kB at 485 kB/s)
2026-10-04T12:35:59.8040902Z [INFO] Downloading from spring-milestones: https://repo.spring.io/milestone/com/google/guava/listenablefuture/9999.0-empty-to-avoid-conflict-with-guava/listenablefuture-9999.0-empty-to-avoid-conflict-with-guava.pom
2026-10-04T12:35:59.8791932Z [INFO] Downloading from central: https://repo.maven.apache.org/maven2/com/google/guava/listenablefuture/9999.0-empty-to-avoid-conflict-with-guava/listenablefuture-9999.0-empty-to-avoid-conflict-with-guava.pom
2026-10-04T12:35:59.8977001Z [INFO] Downloaded from central: https://repo.maven.apache.org/maven2/com/google/guava/listenablefuture/9999.0-empty-to-avoid-conflict-with-guava/listenablefuture-9999.0-empty-to-avoid-conflict-with-guava.pom (2.3 kB at 120 kB/s)
2026-10-04T12:35:59.8994558Z [INFO] Downloading from spring-milestones: https://repo.spring.io/milestone/org/checkerframework/checker-compat-qual/2.5.5/checker-compat-qual-2.5.5.pom
2026-10-04T12:35:59.9745468Z [INFO] Downloading from central: https://repo.maven.apache.org/maven2/org/checkerframework/checker-compat-qual/2.5.5/checker-compat-qual-2.5.5.pom
2026-10-04T12:35:59.9953737Z [INFO] Downloaded from central: https://repo.maven.apache.org/maven2/org/checkerframework/checker-compat-qual/2.5.5/checker-compat-qual-2.5.5.pom (2.7 kB at 131 kB/s)
2026-10-04T12:35:59.9968355Z [INFO] Downloading from spring-milestones: https://repo.spring.io/milestone/com/google/errorprone/error_prone_annotations/2.5.1/error_prone_annotations-2.5.1.pom
2026-10-04T12:36:00.0754290Z [INFO] Downloading from central: https://repo.maven.apache.org/maven2/com/google/errorprone/error_prone_annotations/2.5.1/error_prone_annotations-2.5.1.pom
2026-10-04T12:36:00.0994787Z [INFO] Downloaded from central: https://repo.maven.apache.org/maven2/com/google/errorprone/error_prone_annotations/2.5.1/error_prone_annotations-2.5.1.pom (2.1 kB at 88 kB/s)
2026-10-04T12:36:00.1006459Z [INFO] Downloading from spring-milestones: https://repo.spring.io/milestone/com/google/errorprone/error_prone_parent/2.5.1/error_prone_parent-2.5.1.pom
2026-10-04T12:36:00.1758786Z [INFO] Downloading from central: https://repo.maven.apache.org/maven2/com/google/errorprone/error_prone_parent/2.5.1/error_prone_parent-2.5.1.pom
2026-10-04T12:36:00.2000234Z [INFO] Downloaded from central: https://repo.maven.apache.org/maven2/com/google/errorprone/error_prone_parent/2.5.1/error_prone_parent-2.5.1.pom (7.0 kB at 291 kB/s)
2026-10-04T12:36:00.2018087Z [INFO] Downloading from spring-milestones: https://repo.spring.io/milestone/com/google/j2objc/j2objc-annotations/1.3/j2objc-annotations-1.3.pom
2026-10-04T12:36:00.2757777Z [INFO] Downloading from central: https://repo.maven.apache.org/maven2/com/google/j2objc/j2objc-annotations/1.3/j2objc-annotations-1.3.pom
2026-10-04T12:36:00.2949013Z [INFO] Downloaded from central: https://repo.maven.apache.org/maven2/com/google/j2objc/j2objc-annotations/1.3/j2objc-annotations-1.3.pom (2.8 kB at 145 kB/s)
2026-10-04T12:36:00.2965775Z [INFO] Downloading from spring-milestones: https://repo.spring.io/milestone/com/google/j2objc/j2objc-annotations/3.0.0/j2objc-annotations-3.0.0.pom
2026-10-04T12:36:00.3711088Z [INFO] Downloading from central: https://repo.maven.apache.org/maven2/com/google/j2objc/j2objc-annotations/3.0.0/j2objc-annotations-3.0.0.pom
2026-10-04T12:36:00.3933720Z [INFO] Downloaded from central: https://repo.maven.apache.org/maven2/com/google/j2objc/j2objc-annotations/3.0.0/j2objc-annotations-3.0.0.pom (5.1 kB at 220 kB/s)
2026-10-04T12:36:00.3950004Z [INFO] Downloading from spring-milestones: https://repo.spring.io/milestone/io/grpc/grpc-context/1.80.0/grpc-context-1.80.0.pom
2026-10-04T12:36:00.4724787Z [INFO] Downloading from central: https://repo.maven.apache.org/maven2/io/grpc/grpc-context/1.80.0/grpc-context-1.80.0.pom
2026-10-04T12:36:00.4917649Z [INFO] Downloaded from central: https://repo.maven.apache.org/maven2/io/grpc/grpc-context/1.80.0/grpc-context-1.80.0.pom (1.9 kB at 98 kB/s)
2026-10-04T12:36:00.4935506Z [INFO] Downloading from spring-milestones: https://repo.spring.io/milestone/io/grpc/grpc-api/1.80.0/grpc-api-1.80.0.pom
2026-10-04T12:36:00.5667923Z [INFO] Downloading from central: https://repo.maven.apache.org/maven2/io/grpc/grpc-api/1.80.0/grpc-api-1.80.0.pom
2026-10-04T12:36:00.5858914Z [INFO] Downloaded from central: https://repo.maven.apache.org/maven2/io/grpc/grpc-api/1.80.0/grpc-api-1.80.0.pom (1.8 kB at 95 kB/s)
2026-10-04T12:36:00.5873550Z [INFO] Downloading from spring-milestones: https://repo.spring.io/milestone/io/opencensus/opencensus-api/0.31.1/opencensus-api-0.31.1.pom
2026-10-04T12:36:00.6623383Z [INFO] Downloading from central: https://repo.maven.apache.org/maven2/io/opencensus/opencensus-api/0.31.1/opencensus-api-0.31.1.pom
2026-10-04T12:36:00.6854932Z [INFO] Downloaded from central: https://repo.maven.apache.org/maven2/io/opencensus/opencensus-api/0.31.1/opencensus-api-0.31.1.pom (2.2 kB at 97 kB/s)
2026-10-04T12:36:00.6869321Z [INFO] Downloading from spring-milestones: https://repo.spring.io/milestone/io/opencensus/opencensus-contrib-http-util/0.31.1/opencensus-contrib-http-util-0.31.1.pom
2026-10-04T12:36:00.7610390Z [INFO] Downloading from central: https://repo.maven.apache.org/maven2/io/opencensus/opencensus-contrib-http-util/0.31.1/opencensus-contrib-http-util-0.31.1.pom
2026-10-04T12:36:00.7825498Z [INFO] Downloaded from central: https://repo.maven.apache.org/maven2/io/opencensus/opencensus-contrib-http-util/0.31.1/opencensus-contrib-http-util-0.31.1.pom (2.4 kB at 111 kB/s)
2026-10-04T12:36:00.7839807Z [INFO] Downloading from spring-milestones: https://repo.spring.io/milestone/com/google/guava/guava/29.0-android/guava-29.0-android.pom
2026-10-04T12:36:00.8590623Z [INFO] Downloading from central: https://repo.maven.apache.org/maven2/com/google/guava/guava/29.0-android/guava-29.0-android.pom
2026-10-04T12:36:00.8801178Z [INFO] Downloaded from central: https://repo.maven.apache.org/maven2/com/google/guava/guava/29.0-android/guava-29.0-android.pom (11 kB at 521 kB/s)
2026-10-04T12:36:00.8814975Z [INFO] Downloading from spring-milestones: https://repo.spring.io/milestone/com/google/guava/guava-parent/29.0-android/guava-parent-29.0-android.pom
2026-10-04T12:36:00.9562347Z [INFO] Downloading from central: https://repo.maven.apache.org/maven2/com/google/guava/guava-parent/29.0-android/guava-parent-29.0-android.pom
2026-10-04T12:36:00.9760801Z [INFO] Downloaded from central: https://repo.maven.apache.org/maven2/com/google/guava/guava-parent/29.0-android/guava-parent-29.0-android.pom (13 kB at 645 kB/s)
2026-10-04T12:36:00.9799579Z [INFO] Downloading from spring-milestones: https://repo.spring.io/milestone/com/google/errorprone/error_prone_annotations/2.3.4/error_prone_annotations-2.3.4.pom
2026-10-04T12:36:01.0554667Z [INFO] Downloading from central: https://repo.maven.apache.org/maven2/com/google/errorprone/error_prone_annotations/2.3.4/error_prone_annotations-2.3.4.pom
2026-10-04T12:36:01.0772908Z [INFO] Downloaded from central: https://repo.maven.apache.org/maven2/com/google/errorprone/error_prone_annotations/2.3.4/error_prone_annotations-2.3.4.pom (2.1 kB at 96 kB/s)
2026-10-04T12:36:01.0784823Z [INFO] Downloading from spring-milestones: https://repo.spring.io/milestone/com/google/errorprone/error_prone_parent/2.3.4/error_prone_parent-2.3.4.pom
2026-10-04T12:36:01.1532765Z [INFO] Downloading from central: https://repo.maven.apache.org/maven2/com/google/errorprone/error_prone_parent/2.3.4/error_prone_parent-2.3.4.pom
2026-10-04T12:36:01.1778618Z [INFO] Downloaded from central: https://repo.maven.apache.org/maven2/com/google/errorprone/error_prone_parent/2.3.4/error_prone_parent-2.3.4.pom (5.4 kB at 226 kB/s)
2026-10-04T12:36:01.1809434Z [INFO] Downloading from spring-milestones: https://repo.spring.io/milestone/com/google/http-client/google-http-client-gson/1.46.2/google-http-client-gson-1.46.2.pom
2026-10-04T12:36:01.2559758Z [INFO] Downloading from central: https://repo.maven.apache.org/maven2/com/google/http-client/google-http-client-gson/1.46.2/google-http-client-gson-1.46.2.pom
2026-10-04T12:36:01.2784814Z [INFO] Downloaded from central: https://repo.maven.apache.org/maven2/com/google/http-client/google-http-client-gson/1.46.2/google-http-client-gson-1.46.2.pom (2.9 kB at 124 kB/s)
2026-10-04T12:36:01.2808320Z [INFO] Downloading from spring-milestones: https://repo.spring.io/milestone/com/google/code/gson/gson/2.13.2/gson-2.13.2.pom
2026-10-04T12:36:01.3559574Z [INFO] Downloading from central: https://repo.maven.apache.org/maven2/com/google/code/gson/gson/2.13.2/gson-2.13.2.pom
2026-10-04T12:36:01.3767273Z [INFO] Downloaded from central: https://repo.maven.apache.org/maven2/com/google/code/gson/gson/2.13.2/gson-2.13.2.pom (13 kB at 642 kB/s)
2026-10-04T12:36:01.3782673Z [INFO] Downloading from spring-milestones: https://repo.spring.io/milestone/com/google/code/gson/gson-parent/2.13.2/gson-parent-2.13.2.pom
2026-10-04T12:36:01.4545499Z [INFO] Downloading from central: https://repo.maven.apache.org/maven2/com/google/code/gson/gson-parent/2.13.2/gson-parent-2.13.2.pom
2026-10-04T12:36:01.4803842Z [INFO] Downloaded from central: https://repo.maven.apache.org/maven2/com/google/code/gson/gson-parent/2.13.2/gson-parent-2.13.2.pom (27 kB at 1.0 MB/s)
2026-10-04T12:36:01.4823500Z [INFO] Downloading from spring-milestones: https://repo.spring.io/milestone/com/google/guava/guava/33.4.0-android/guava-33.4.0-android.pom
2026-10-04T12:36:01.5574677Z [INFO] Downloading from central: https://repo.maven.apache.org/maven2/com/google/guava/guava/33.4.0-android/guava-33.4.0-android.pom
2026-10-04T12:36:01.5807212Z [INFO] Downloaded from central: https://repo.maven.apache.org/maven2/com/google/guava/guava/33.4.0-android/guava-33.4.0-android.pom (8.8 kB at 383 kB/s)
2026-10-04T12:36:01.5817467Z [INFO] Downloading from spring-milestones: https://repo.spring.io/milestone/com/google/guava/guava-parent/33.4.0-android/guava-parent-33.4.0-android.pom
2026-10-04T12:36:01.6569918Z [INFO] Downloading from central: https://repo.maven.apache.org/maven2/com/google/guava/guava-parent/33.4.0-android/guava-parent-33.4.0-android.pom
2026-10-04T12:36:01.6789106Z [INFO] Downloaded from central: https://repo.maven.apache.org/maven2/com/google/guava/guava-parent/33.4.0-android/guava-parent-33.4.0-android.pom (22 kB at 978 kB/s)
2026-10-04T12:36:01.6807269Z [INFO] Downloading from spring-milestones: https://repo.spring.io/milestone/com/google/guava/failureaccess/1.0.2/failureaccess-1.0.2.pom
2026-10-04T12:36:01.7549674Z [INFO] Downloading from central: https://repo.maven.apache.org/maven2/com/google/guava/failureaccess/1.0.2/failureaccess-1.0.2.pom
2026-10-04T12:36:01.7753797Z [INFO] Downloaded from central: https://repo.maven.apache.org/maven2/com/google/guava/failureaccess/1.0.2/failureaccess-1.0.2.pom (3.3 kB at 159 kB/s)
2026-10-04T12:36:01.7776777Z [INFO] Downloading from spring-milestones: https://repo.spring.io/milestone/org/checkerframework/checker-qual/3.43.0/checker-qual-3.43.0.pom
2026-10-04T12:36:01.8541646Z [INFO] Downloading from central: https://repo.maven.apache.org/maven2/org/checkerframework/checker-qual/3.43.0/checker-qual-3.43.0.pom
2026-10-04T12:36:01.8765565Z [INFO] Downloaded from central: https://repo.maven.apache.org/maven2/org/checkerframework/checker-qual/3.43.0/checker-qual-3.43.0.pom (2.1 kB at 91 kB/s)
2026-10-04T12:36:01.8778816Z [INFO] Downloading from spring-milestones: https://repo.spring.io/milestone/com/google/errorprone/error_prone_annotations/2.41.0/error_prone_annotations-2.41.0.pom
2026-10-04T12:36:01.9529884Z [INFO] Downloading from central: https://repo.maven.apache.org/maven2/com/google/errorprone/error_prone_annotations/2.41.0/error_prone_annotations-2.41.0.pom
2026-10-04T12:36:01.9734379Z [INFO] Downloaded from central: https://repo.maven.apache.org/maven2/com/google/errorprone/error_prone_annotations/2.41.0/error_prone_annotations-2.41.0.pom (4.3 kB at 202 kB/s)
2026-10-04T12:36:01.9746487Z [INFO] Downloading from spring-milestones: https://repo.spring.io/milestone/com/google/errorprone/error_prone_parent/2.41.0/error_prone_parent-2.41.0.pom
2026-10-04T12:36:02.0487558Z [INFO] Downloading from central: https://repo.maven.apache.org/maven2/com/google/errorprone/error_prone_parent/2.41.0/error_prone_parent-2.41.0.pom
2026-10-04T12:36:02.0714039Z [INFO] Downloaded from central: https://repo.maven.apache.org/maven2/com/google/errorprone/error_prone_parent/2.41.0/error_prone_parent-2.41.0.pom (16 kB at 692 kB/s)
2026-10-04T12:36:02.0729494Z [INFO] Downloading from spring-milestones: https://repo.spring.io/milestone/com/google/api/api-common/2.45.0/api-common-2.45.0.pom
2026-10-04T12:36:02.1463217Z [INFO] Downloading from central: https://repo.maven.apache.org/maven2/com/google/api/api-common/2.45.0/api-common-2.45.0.pom
2026-10-04T12:36:02.1689273Z [INFO] Downloaded from central: https://repo.maven.apache.org/maven2/com/google/api/api-common/2.45.0/api-common-2.45.0.pom (5.5 kB at 251 kB/s)
2026-10-04T12:36:02.1699524Z [INFO] Downloading from spring-milestones: https://repo.spring.io/milestone/com/google/api/gapic-generator-java-pom-parent/2.54.0/gapic-generator-java-pom-parent-2.54.0.pom
2026-10-04T12:36:02.2442518Z [INFO] Downloading from central: https://repo.maven.apache.org/maven2/com/google/api/gapic-generator-java-pom-parent/2.54.0/gapic-generator-java-pom-parent-2.54.0.pom
2026-10-04T12:36:02.2711367Z [INFO] Downloaded from central: https://repo.maven.apache.org/maven2/com/google/api/gapic-generator-java-pom-parent/2.54.0/gapic-generator-java-pom-parent-2.54.0.pom (7.7 kB at 283 kB/s)
2026-10-04T12:36:02.2723414Z [INFO] Downloading from spring-milestones: https://repo.spring.io/milestone/com/google/cloud/google-cloud-shared-config/1.14.4/google-cloud-shared-config-1.14.4.pom
2026-10-04T12:36:02.3458581Z [INFO] Downloading from central: https://repo.maven.apache.org/maven2/com/google/cloud/google-cloud-shared-config/1.14.4/google-cloud-shared-config-1.14.4.pom
2026-10-04T12:36:02.3678752Z [INFO] Downloaded from central: https://repo.maven.apache.org/maven2/com/google/cloud/google-cloud-shared-config/1.14.4/google-cloud-shared-config-1.14.4.pom (26 kB at 1.2 MB/s)
2026-10-04T12:36:02.3693637Z [INFO] Downloading from spring-milestones: https://repo.spring.io/milestone/com/google/cloud/native-image-shared-config/1.14.4/native-image-shared-config-1.14.4.pom
2026-10-04T12:36:02.4426529Z [INFO] Downloading from central: https://repo.maven.apache.org/maven2/com/google/cloud/native-image-shared-config/1.14.4/native-image-shared-config-1.14.4.pom
2026-10-04T12:36:02.4636374Z [INFO] Downloaded from central: https://repo.maven.apache.org/maven2/com/google/cloud/native-image-shared-config/1.14.4/native-image-shared-config-1.14.4.pom (9.6 kB at 458 kB/s)
2026-10-04T12:36:02.4657469Z [INFO] Downloading from spring-milestones: https://repo.spring.io/milestone/com/google/guava/guava/33.4.0-jre/guava-33.4.0-jre.pom
2026-10-04T12:36:02.5400838Z [INFO] Downloading from central: https://repo.maven.apache.org/maven2/com/google/guava/guava/33.4.0-jre/guava-33.4.0-jre.pom
2026-10-04T12:36:02.5673660Z [INFO] Downloaded from central: https://repo.maven.apache.org/maven2/com/google/guava/guava/33.4.0-jre/guava-33.4.0-jre.pom (8.8 kB at 314 kB/s)
2026-10-04T12:36:02.5686025Z [INFO] Downloading from spring-milestones: https://repo.spring.io/milestone/com/google/guava/guava-parent/33.4.0-jre/guava-parent-33.4.0-jre.pom
2026-10-04T12:36:02.6432989Z [INFO] Downloading from central: https://repo.maven.apache.org/maven2/com/google/guava/guava-parent/33.4.0-jre/guava-parent-33.4.0-jre.pom
2026-10-04T12:36:02.6639719Z [INFO] Downloaded from central: https://repo.maven.apache.org/maven2/com/google/guava/guava-parent/33.4.0-jre/guava-parent-33.4.0-jre.pom (21 kB at 1.1 MB/s)
2026-10-04T12:36:02.6659674Z [INFO] Downloading from spring-milestones: https://repo.spring.io/milestone/javax/annotation/javax.annotation-api/1.3.2/javax.annotation-api-1.3.2.pom
2026-10-04T12:36:02.7422848Z [INFO] Downloading from central: https://repo.maven.apache.org/maven2/javax/annotation/javax.annotation-api/1.3.2/javax.annotation-api-1.3.2.pom
2026-10-04T12:36:02.7612623Z [INFO] Downloaded from central: https://repo.maven.apache.org/maven2/javax/annotation/javax.annotation-api/1.3.2/javax.annotation-api-1.3.2.pom (14 kB at 762 kB/s)
2026-10-04T12:36:02.7624311Z [INFO] Downloading from spring-milestones: https://repo.spring.io/milestone/net/java/jvnet-parent/3/jvnet-parent-3.pom
2026-10-04T12:36:02.8379256Z [INFO] Downloading from central: https://repo.maven.apache.org/maven2/net/java/jvnet-parent/3/jvnet-parent-3.pom
2026-10-04T12:36:02.8585633Z [INFO] Downloaded from central: https://repo.maven.apache.org/maven2/net/java/jvnet-parent/3/jvnet-parent-3.pom (4.8 kB at 228 kB/s)
2026-10-04T12:36:02.8601603Z [INFO] Downloading from spring-milestones: https://repo.spring.io/milestone/com/fasterxml/jackson/core/jackson-databind/2.21.4/jackson-databind-2.21.4.pom
2026-10-04T12:36:02.9365283Z [INFO] Downloading from central: https://repo.maven.apache.org/maven2/com/fasterxml/jackson/core/jackson-databind/2.21.4/jackson-databind-2.21.4.pom
2026-10-04T12:36:02.9601857Z [INFO] Downloaded from central: https://repo.maven.apache.org/maven2/com/fasterxml/jackson/core/jackson-databind/2.21.4/jackson-databind-2.21.4.pom (23 kB at 1.0 MB/s)
2026-10-04T12:36:02.9616258Z [INFO] Downloading from spring-milestones: https://repo.spring.io/milestone/com/fasterxml/jackson/jackson-base/2.21.4/jackson-base-2.21.4.pom
2026-10-04T12:36:03.0364071Z [INFO] Downloading from central: https://repo.maven.apache.org/maven2/com/fasterxml/jackson/jackson-base/2.21.4/jackson-base-2.21.4.pom
2026-10-04T12:36:03.0596558Z [INFO] Downloaded from central: https://repo.maven.apache.org/maven2/com/fasterxml/jackson/jackson-base/2.21.4/jackson-base-2.21.4.pom (13 kB at 581 kB/s)
2026-10-04T12:36:03.0626153Z [INFO] Downloading from spring-milestones: https://repo.spring.io/milestone/org/junit/junit-bom/5.14.1/junit-bom-5.14.1.pom
2026-10-04T12:36:03.1421209Z [INFO] Downloading from central: https://repo.maven.apache.org/maven2/org/junit/junit-bom/5.14.1/junit-bom-5.14.1.pom
2026-10-04T12:36:03.1654943Z [INFO] Downloaded from central: https://repo.maven.apache.org/maven2/org/junit/junit-bom/5.14.1/junit-bom-5.14.1.pom (5.7 kB at 236 kB/s)
2026-10-04T12:36:03.1690028Z [INFO] Downloading from spring-milestones: https://repo.spring.io/milestone/com/fasterxml/jackson/core/jackson-core/2.21.4/jackson-core-2.21.4.pom
2026-10-04T12:36:03.2498666Z [INFO] Downloading from central: https://repo.maven.apache.org/maven2/com/fasterxml/jackson/core/jackson-core/2.21.4/jackson-core-2.21.4.pom
2026-10-04T12:36:03.2731457Z [INFO] Downloaded from central: https://repo.maven.apache.org/maven2/com/fasterxml/jackson/core/jackson-core/2.21.4/jackson-core-2.21.4.pom (9.7 kB at 422 kB/s)
2026-10-04T12:36:03.2758902Z [INFO] Downloading from spring-milestones: https://repo.spring.io/milestone/com/fasterxml/jackson/datatype/jackson-datatype-jdk8/2.21.4/jackson-datatype-jdk8-2.21.4.pom
2026-10-04T12:36:03.3518341Z [INFO] Downloading from central: https://repo.maven.apache.org/maven2/com/fasterxml/jackson/datatype/jackson-datatype-jdk8/2.21.4/jackson-datatype-jdk8-2.21.4.pom
2026-10-04T12:36:03.3751821Z [INFO] Downloaded from central: https://repo.maven.apache.org/maven2/com/fasterxml/jackson/datatype/jackson-datatype-jdk8/2.21.4/jackson-datatype-jdk8-2.21.4.pom (2.8 kB at 115 kB/s)
2026-10-04T12:36:03.3762055Z [INFO] Downloading from spring-milestones: https://repo.spring.io/milestone/com/fasterxml/jackson/module/jackson-modules-java8/2.21.4/jackson-modules-java8-2.21.4.pom
2026-10-04T12:36:03.4509189Z [INFO] Downloading from central: https://repo.maven.apache.org/maven2/com/fasterxml/jackson/module/jackson-modules-java8/2.21.4/jackson-modules-java8-2.21.4.pom
2026-10-04T12:36:03.4900210Z [INFO] Downloaded from central: https://repo.maven.apache.org/maven2/com/fasterxml/jackson/module/jackson-modules-java8/2.21.4/jackson-modules-java8-2.21.4.pom (3.1 kB at 79 kB/s)
2026-10-04T12:36:03.4926435Z [INFO] Downloading from spring-milestones: https://repo.spring.io/milestone/com/fasterxml/jackson/datatype/jackson-datatype-jsr310/2.21.4/jackson-datatype-jsr310-2.21.4.pom
2026-10-04T12:36:03.5687535Z [INFO] Downloading from central: https://repo.maven.apache.org/maven2/com/fasterxml/jackson/datatype/jackson-datatype-jsr310/2.21.4/jackson-datatype-jsr310-2.21.4.pom
2026-10-04T12:36:03.5891953Z [INFO] Downloaded from central: https://repo.maven.apache.org/maven2/com/fasterxml/jackson/datatype/jackson-datatype-jsr310/2.21.4/jackson-datatype-jsr310-2.21.4.pom (5.3 kB at 255 kB/s)
2026-10-04T12:36:03.5913114Z [INFO] Downloading from spring-milestones: https://repo.spring.io/milestone/org/java-websocket/Java-WebSocket/1.6.0/Java-WebSocket-1.6.0.pom
2026-10-04T12:36:03.6664221Z [INFO] Downloading from central: https://repo.maven.apache.org/maven2/org/java-websocket/Java-WebSocket/1.6.0/Java-WebSocket-1.6.0.pom
2026-10-04T12:36:03.6932162Z [INFO] Downloaded from central: https://repo.maven.apache.org/maven2/org/java-websocket/Java-WebSocket/1.6.0/Java-WebSocket-1.6.0.pom (14 kB at 509 kB/s)
2026-10-04T12:36:03.6948926Z [INFO] Downloading from spring-milestones: https://repo.spring.io/milestone/com/squareup/okhttp3/okhttp/4.12.0/okhttp-4.12.0.pom
2026-10-04T12:36:03.7698225Z [INFO] Downloading from central: https://repo.maven.apache.org/maven2/com/squareup/okhttp3/okhttp/4.12.0/okhttp-4.12.0.pom
2026-10-04T12:36:03.7897466Z [INFO] Downloaded from central: https://repo.maven.apache.org/maven2/com/squareup/okhttp3/okhttp/4.12.0/okhttp-4.12.0.pom (1.8 kB at 91 kB/s)
2026-10-04T12:36:03.7912185Z [INFO] Downloading from spring-milestones: https://repo.spring.io/milestone/com/squareup/okio/okio/3.6.0/okio-3.6.0.pom
2026-10-04T12:36:03.8649781Z [INFO] Downloading from central: https://repo.maven.apache.org/maven2/com/squareup/okio/okio/3.6.0/okio-3.6.0.pom
2026-10-04T12:36:03.8976756Z [INFO] Downloaded from central: https://repo.maven.apache.org/maven2/com/squareup/okio/okio/3.6.0/okio-3.6.0.pom (1.7 kB at 51 kB/s)
2026-10-04T12:36:03.8993090Z [INFO] Downloading from spring-milestones: https://repo.spring.io/milestone/com/squareup/okio/okio-jvm/3.6.0/okio-jvm-3.6.0.pom
2026-10-04T12:36:03.9765158Z [INFO] Downloading from central: https://repo.maven.apache.org/maven2/com/squareup/okio/okio-jvm/3.6.0/okio-jvm-3.6.0.pom
2026-10-04T12:36:04.0472973Z [INFO] Downloaded from central: https://repo.maven.apache.org/maven2/com/squareup/okio/okio-jvm/3.6.0/okio-jvm-3.6.0.pom (1.9 kB at 27 kB/s)
2026-10-04T12:36:04.0488045Z [INFO] Downloading from spring-milestones: https://repo.spring.io/milestone/org/jetbrains/kotlin/kotlin-stdlib-jdk8/2.3.21/kotlin-stdlib-jdk8-2.3.21.pom
2026-10-04T12:36:04.1254412Z [INFO] Downloading from central: https://repo.maven.apache.org/maven2/org/jetbrains/kotlin/kotlin-stdlib-jdk8/2.3.21/kotlin-stdlib-jdk8-2.3.21.pom
2026-10-04T12:36:04.1478260Z [INFO] Downloaded from central: https://repo.maven.apache.org/maven2/org/jetbrains/kotlin/kotlin-stdlib-jdk8/2.3.21/kotlin-stdlib-jdk8-2.3.21.pom (1.6 kB at 71 kB/s)
2026-10-04T12:36:04.1491550Z [INFO] Downloading from spring-milestones: https://repo.spring.io/milestone/org/jetbrains/kotlin/kotlin-stdlib/2.3.21/kotlin-stdlib-2.3.21.pom
2026-10-04T12:36:04.2236793Z [INFO] Downloading from central: https://repo.maven.apache.org/maven2/org/jetbrains/kotlin/kotlin-stdlib/2.3.21/kotlin-stdlib-2.3.21.pom
2026-10-04T12:36:04.2461496Z [INFO] Downloaded from central: https://repo.maven.apache.org/maven2/org/jetbrains/kotlin/kotlin-stdlib/2.3.21/kotlin-stdlib-2.3.21.pom (2.3 kB at 105 kB/s)
2026-10-04T12:36:04.2502243Z [INFO] Downloading from spring-milestones: https://repo.spring.io/milestone/org/jetbrains/annotations/13.0/annotations-13.0.pom
2026-10-04T12:36:04.3239563Z [INFO] Downloading from central: https://repo.maven.apache.org/maven2/org/jetbrains/annotations/13.0/annotations-13.0.pom
2026-10-04T12:36:04.3442748Z [INFO] Downloaded from central: https://repo.maven.apache.org/maven2/org/jetbrains/annotations/13.0/annotations-13.0.pom (4.9 kB at 235 kB/s)
2026-10-04T12:36:04.3457591Z [INFO] Downloading from spring-milestones: https://repo.spring.io/milestone/org/jetbrains/kotlin/kotlin-stdlib-jdk7/2.3.21/kotlin-stdlib-jdk7-2.3.21.pom
2026-10-04T12:36:04.4445416Z [INFO] Downloading from central: https://repo.maven.apache.org/maven2/org/jetbrains/kotlin/kotlin-stdlib-jdk7/2.3.21/kotlin-stdlib-jdk7-2.3.21.pom
2026-10-04T12:36:04.4655008Z [INFO] Downloaded from central: https://repo.maven.apache.org/maven2/org/jetbrains/kotlin/kotlin-stdlib-jdk7/2.3.21/kotlin-stdlib-jdk7-2.3.21.pom (1.4 kB at 65 kB/s)
2026-10-04T12:36:04.4668923Z [INFO] Downloading from spring-milestones: https://repo.spring.io/milestone/org/jetbrains/kotlin/kotlin-stdlib-common/1.9.10/kotlin-stdlib-common-1.9.10.pom
2026-10-04T12:36:04.5721851Z [INFO] Downloading from central: https://repo.maven.apache.org/maven2/org/jetbrains/kotlin/kotlin-stdlib-common/1.9.10/kotlin-stdlib-common-1.9.10.pom
2026-10-04T12:36:04.6107990Z [INFO] Downloaded from central: https://repo.maven.apache.org/maven2/org/jetbrains/kotlin/kotlin-stdlib-common/1.9.10/kotlin-stdlib-common-1.9.10.pom (1.2 kB at 30 kB/s)
2026-10-04T12:36:04.6122876Z [INFO] Downloading from spring-milestones: https://repo.spring.io/milestone/com/google/protobuf/protobuf-java/4.34.2/protobuf-java-4.34.2.pom
2026-10-04T12:36:04.7131354Z [INFO] Downloading from central: https://repo.maven.apache.org/maven2/com/google/protobuf/protobuf-java/4.34.2/protobuf-java-4.34.2.pom
2026-10-04T12:36:04.7654505Z [INFO] Downloaded from central: https://repo.maven.apache.org/maven2/com/google/protobuf/protobuf-java/4.34.2/protobuf-java-4.34.2.pom (1.6 kB at 29 kB/s)
2026-10-04T12:36:04.7666126Z [INFO] Downloading from spring-milestones: https://repo.spring.io/milestone/com/google/protobuf/protobuf-parent/4.34.2/protobuf-parent-4.34.2.pom
2026-10-04T12:36:04.8433563Z [INFO] Downloading from central: https://repo.maven.apache.org/maven2/com/google/protobuf/protobuf-parent/4.34.2/protobuf-parent-4.34.2.pom
2026-10-04T12:36:04.8624370Z [INFO] Downloaded from central: https://repo.maven.apache.org/maven2/com/google/protobuf/protobuf-parent/4.34.2/protobuf-parent-4.34.2.pom (9.3 kB at 490 kB/s)
2026-10-04T12:36:04.8641889Z [INFO] Downloading from spring-milestones: https://repo.spring.io/milestone/org/springframework/ai/spring-ai-starter-vector-store-pgvector/2.0.0-M8/spring-ai-starter-vector-store-pgvector-2.0.0-M8.pom
2026-10-04T12:36:04.9411211Z [INFO] Downloading from central: https://repo.maven.apache.org/maven2/org/springframework/ai/spring-ai-starter-vector-store-pgvector/2.0.0-M8/spring-ai-starter-vector-store-pgvector-2.0.0-M8.pom
2026-10-04T12:36:04.9672532Z [INFO] Downloaded from central: https://repo.maven.apache.org/maven2/org/springframework/ai/spring-ai-starter-vector-store-pgvector/2.0.0-M8/spring-ai-starter-vector-store-pgvector-2.0.0-M8.pom (3.5 kB at 136 kB/s)
2026-10-04T12:36:04.9695479Z [INFO] Downloading from spring-milestones: https://repo.spring.io/milestone/org/springframework/ai/spring-ai-autoconfigure-vector-store-pgvector/2.0.0-M8/spring-ai-autoconfigure-vector-store-pgvector-2.0.0-M8.pom
2026-10-04T12:36:05.0456781Z [INFO] Downloading from central: https://repo.maven.apache.org/maven2/org/springframework/ai/spring-ai-autoconfigure-vector-store-pgvector/2.0.0-M8/spring-ai-autoconfigure-vector-store-pgvector-2.0.0-M8.pom
2026-10-04T12:36:05.0778963Z [INFO] Downloaded from central: https://repo.maven.apache.org/maven2/org/springframework/ai/spring-ai-autoconfigure-vector-store-pgvector/2.0.0-M8/spring-ai-autoconfigure-vector-store-pgvector-2.0.0-M8.pom (3.5 kB at 109 kB/s)
2026-10-04T12:36:05.0794310Z [INFO] Downloading from spring-milestones: https://repo.spring.io/milestone/org/springframework/ai/spring-ai-autoconfigure-vector-store-observation/2.0.0-M8/spring-ai-autoconfigure-vector-store-observation-2.0.0-M8.pom
2026-10-04T12:36:05.1557988Z [INFO] Downloading from central: https://repo.maven.apache.org/maven2/org/springframework/ai/spring-ai-autoconfigure-vector-store-observation/2.0.0-M8/spring-ai-autoconfigure-vector-store-observation-2.0.0-M8.pom
2026-10-04T12:36:05.1789764Z [INFO] Downloaded from central: https://repo.maven.apache.org/maven2/org/springframework/ai/spring-ai-autoconfigure-vector-store-observation/2.0.0-M8/spring-ai-autoconfigure-vector-store-observation-2.0.0-M8.pom (3.7 kB at 161 kB/s)
2026-10-04T12:36:05.1804410Z [INFO] Downloading from spring-milestones: https://repo.spring.io/milestone/org/springframework/ai/spring-ai-pgvector-store/2.0.0-M8/spring-ai-pgvector-store-2.0.0-M8.pom
2026-10-04T12:36:05.2637631Z [INFO] Downloading from central: https://repo.maven.apache.org/maven2/org/springframework/ai/spring-ai-pgvector-store/2.0.0-M8/spring-ai-pgvector-store-2.0.0-M8.pom
2026-10-04T12:36:05.2861686Z [INFO] Downloaded from central: https://repo.maven.apache.org/maven2/org/springframework/ai/spring-ai-pgvector-store/2.0.0-M8/spring-ai-pgvector-store-2.0.0-M8.pom (3.2 kB at 145 kB/s)
2026-10-04T12:36:05.2876094Z [INFO] Downloading from spring-milestones: https://repo.spring.io/milestone/org/springframework/ai/spring-ai-vector-store/2.0.0-M8/spring-ai-vector-store-2.0.0-M8.pom
2026-10-04T12:36:05.3642153Z [INFO] Downloading from central: https://repo.maven.apache.org/maven2/org/springframework/ai/spring-ai-vector-store/2.0.0-M8/spring-ai-vector-store-2.0.0-M8.pom
2026-10-04T12:36:05.3994123Z [INFO] Downloaded from central: https://repo.maven.apache.org/maven2/org/springframework/ai/spring-ai-vector-store/2.0.0-M8/spring-ai-vector-store-2.0.0-M8.pom (2.6 kB at 74 kB/s)
2026-10-04T12:36:05.4009374Z [INFO] Downloading from spring-milestones: https://repo.spring.io/milestone/com/pgvector/pgvector/0.1.6/pgvector-0.1.6.pom
2026-10-04T12:36:05.4757577Z [INFO] Downloading from central: https://repo.maven.apache.org/maven2/com/pgvector/pgvector/0.1.6/pgvector-0.1.6.pom
2026-10-04T12:36:05.5023032Z [INFO] Downloaded from central: https://repo.maven.apache.org/maven2/com/pgvector/pgvector/0.1.6/pgvector-0.1.6.pom (10 kB at 373 kB/s)
2026-10-04T12:36:05.5037135Z [INFO] Downloading from spring-milestones: https://repo.spring.io/milestone/io/jsonwebtoken/jjwt-api/0.12.7/jjwt-api-0.12.7.pom
2026-10-04T12:36:05.5836546Z [INFO] Downloading from central: https://repo.maven.apache.org/maven2/io/jsonwebtoken/jjwt-api/0.12.7/jjwt-api-0.12.7.pom
2026-10-04T12:36:05.6069608Z [INFO] Downloaded from central: https://repo.maven.apache.org/maven2/io/jsonwebtoken/jjwt-api/0.12.7/jjwt-api-0.12.7.pom (1.8 kB at 77 kB/s)
2026-10-04T12:36:05.6079382Z [INFO] Downloading from spring-milestones: https://repo.spring.io/milestone/io/jsonwebtoken/jjwt-root/0.12.7/jjwt-root-0.12.7.pom
2026-10-04T12:36:05.6872512Z [INFO] Downloading from central: https://repo.maven.apache.org/maven2/io/jsonwebtoken/jjwt-root/0.12.7/jjwt-root-0.12.7.pom
2026-10-04T12:36:05.7108777Z [INFO] Downloaded from central: https://repo.maven.apache.org/maven2/io/jsonwebtoken/jjwt-root/0.12.7/jjwt-root-0.12.7.pom (37 kB at 1.5 MB/s)
2026-10-04T12:36:05.7141105Z [INFO] Downloading from spring-milestones: https://repo.spring.io/milestone/io/jsonwebtoken/jjwt-impl/0.12.7/jjwt-impl-0.12.7.pom
2026-10-04T12:36:05.7885192Z [INFO] Downloading from central: https://repo.maven.apache.org/maven2/io/jsonwebtoken/jjwt-impl/0.12.7/jjwt-impl-0.12.7.pom
2026-10-04T12:36:05.8208891Z [INFO] Downloaded from central: https://repo.maven.apache.org/maven2/io/jsonwebtoken/jjwt-impl/0.12.7/jjwt-impl-0.12.7.pom (2.5 kB at 79 kB/s)
2026-10-04T12:36:05.8234509Z [INFO] Downloading from spring-milestones: https://repo.spring.io/milestone/io/jsonwebtoken/jjwt-jackson/0.12.7/jjwt-jackson-0.12.7.pom
2026-10-04T12:36:05.8976000Z [INFO] Downloading from central: https://repo.maven.apache.org/maven2/io/jsonwebtoken/jjwt-jackson/0.12.7/jjwt-jackson-0.12.7.pom
2026-10-04T12:36:05.9207556Z [INFO] Downloaded from central: https://repo.maven.apache.org/maven2/io/jsonwebtoken/jjwt-jackson/0.12.7/jjwt-jackson-0.12.7.pom (2.9 kB at 125 kB/s)
2026-10-04T12:36:05.9231593Z [INFO] Downloading from spring-milestones: https://repo.spring.io/milestone/org/bouncycastle/bcprov-jdk18on/1.84/bcprov-jdk18on-1.84.pom
2026-10-04T12:36:05.9981711Z [INFO] Downloading from central: https://repo.maven.apache.org/maven2/org/bouncycastle/bcprov-jdk18on/1.84/bcprov-jdk18on-1.84.pom
2026-10-04T12:36:06.0196170Z [INFO] Downloaded from central: https://repo.maven.apache.org/maven2/org/bouncycastle/bcprov-jdk18on/1.84/bcprov-jdk18on-1.84.pom (1.2 kB at 53 kB/s)
2026-10-04T12:36:06.0209200Z [INFO] Downloading from spring-milestones: https://repo.spring.io/milestone/org/springframework/shell/spring-shell-starter/4.0.3/spring-shell-starter-4.0.3.pom
2026-10-04T12:36:06.1118398Z [INFO] Downloading from central: https://repo.maven.apache.org/maven2/org/springframework/shell/spring-shell-starter/4.0.3/spring-shell-starter-4.0.3.pom
2026-10-04T12:36:06.1342062Z [INFO] Downloaded from central: https://repo.maven.apache.org/maven2/org/springframework/shell/spring-shell-starter/4.0.3/spring-shell-starter-4.0.3.pom (1.7 kB at 75 kB/s)
2026-10-04T12:36:06.1360918Z [INFO] Downloading from spring-milestones: https://repo.spring.io/milestone/org/springframework/shell/spring-shell-core-autoconfigure/4.0.3/spring-shell-core-autoconfigure-4.0.3.pom
2026-10-04T12:36:06.2119042Z [INFO] Downloading from central: https://repo.maven.apache.org/maven2/org/springframework/shell/spring-shell-core-autoconfigure/4.0.3/spring-shell-core-autoconfigure-4.0.3.pom
2026-10-04T12:36:06.2336234Z [INFO] Downloaded from central: https://repo.maven.apache.org/maven2/org/springframework/shell/spring-shell-core-autoconfigure/4.0.3/spring-shell-core-autoconfigure-4.0.3.pom (2.5 kB at 113 kB/s)
2026-10-04T12:36:06.2348861Z [INFO] Downloading from spring-milestones: https://repo.spring.io/milestone/org/springframework/shell/spring-shell-core/4.0.3/spring-shell-core-4.0.3.pom
2026-10-04T12:36:06.3096249Z [INFO] Downloading from central: https://repo.maven.apache.org/maven2/org/springframework/shell/spring-shell-core/4.0.3/spring-shell-core-4.0.3.pom
2026-10-04T12:36:06.3302412Z [INFO] Downloaded from central: https://repo.maven.apache.org/maven2/org/springframework/shell/spring-shell-core/4.0.3/spring-shell-core-4.0.3.pom (1.9 kB at 90 kB/s)
2026-10-04T12:36:06.3315682Z [INFO] Downloading from spring-milestones: https://repo.spring.io/milestone/org/glassfish/jakarta.el/4.0.2/jakarta.el-4.0.2.pom
2026-10-04T12:36:06.4080535Z [INFO] Downloading from central: https://repo.maven.apache.org/maven2/org/glassfish/jakarta.el/4.0.2/jakarta.el-4.0.2.pom
2026-10-04T12:36:06.4314968Z [INFO] Downloaded from central: https://repo.maven.apache.org/maven2/org/glassfish/jakarta.el/4.0.2/jakarta.el-4.0.2.pom (10 kB at 436 kB/s)
2026-10-04T12:36:06.4327175Z [INFO] Downloading from spring-milestones: https://repo.spring.io/milestone/org/eclipse/ee4j/project/1.0.6/project-1.0.6.pom
2026-10-04T12:36:06.5116152Z [INFO] Downloading from central: https://repo.maven.apache.org/maven2/org/eclipse/ee4j/project/1.0.6/project-1.0.6.pom
2026-10-04T12:36:06.5350548Z [INFO] Downloaded from central: https://repo.maven.apache.org/maven2/org/eclipse/ee4j/project/1.0.6/project-1.0.6.pom (13 kB at 580 kB/s)
2026-10-04T12:36:06.5365943Z [INFO] Downloading from spring-milestones: https://repo.spring.io/milestone/jakarta/el/jakarta.el-api/4.0.0/jakarta.el-api-4.0.0.pom
2026-10-04T12:36:06.6117352Z [INFO] Downloading from central: https://repo.maven.apache.org/maven2/jakarta/el/jakarta.el-api/4.0.0/jakarta.el-api-4.0.0.pom
2026-10-04T12:36:06.6375086Z [INFO] Downloaded from central: https://repo.maven.apache.org/maven2/jakarta/el/jakarta.el-api/4.0.0/jakarta.el-api-4.0.0.pom (12 kB at 444 kB/s)
2026-10-04T12:36:06.6392247Z [INFO] Downloading from spring-milestones: https://repo.spring.io/milestone/org/springframework/shell/spring-shell-jline/4.0.3/spring-shell-jline-4.0.3.pom
2026-10-04T12:36:06.7156060Z [INFO] Downloading from central: https://repo.maven.apache.org/maven2/org/springframework/shell/spring-shell-jline/4.0.3/spring-shell-jline-4.0.3.pom
2026-10-04T12:36:06.7388631Z [INFO] Downloaded from central: https://repo.maven.apache.org/maven2/org/springframework/shell/spring-shell-jline/4.0.3/spring-shell-jline-4.0.3.pom (2.2 kB at 97 kB/s)
2026-10-04T12:36:06.7407825Z [INFO] Downloading from spring-milestones: https://repo.spring.io/milestone/org/jline/jline/3.30.13/jline-3.30.13.pom
2026-10-04T12:36:06.8190108Z [INFO] Downloading from central: https://repo.maven.apache.org/maven2/org/jline/jline/3.30.13/jline-3.30.13.pom
2026-10-04T12:36:06.8425311Z [INFO] Downloaded from central: https://repo.maven.apache.org/maven2/org/jline/jline/3.30.13/jline-3.30.13.pom (5.4 kB at 224 kB/s)
2026-10-04T12:36:06.8442953Z [INFO] Downloading from spring-milestones: https://repo.spring.io/milestone/org/mapstruct/mapstruct/1.6.3/mapstruct-1.6.3.pom
2026-10-04T12:36:06.9495721Z [INFO] Downloading from central: https://repo.maven.apache.org/maven2/org/mapstruct/mapstruct/1.6.3/mapstruct-1.6.3.pom
2026-10-04T12:36:06.9713289Z [INFO] Downloaded from central: https://repo.maven.apache.org/maven2/org/mapstruct/mapstruct/1.6.3/mapstruct-1.6.3.pom (1.7 kB at 79 kB/s)
2026-10-04T12:36:06.9723992Z [INFO] Downloading from spring-milestones: https://repo.spring.io/milestone/org/mapstruct/mapstruct-parent/1.6.3/mapstruct-parent-1.6.3.pom
2026-10-04T12:36:07.0478228Z [INFO] Downloading from central: https://repo.maven.apache.org/maven2/org/mapstruct/mapstruct-parent/1.6.3/mapstruct-parent-1.6.3.pom
2026-10-04T12:36:07.0686472Z [INFO] Downloaded from central: https://repo.maven.apache.org/maven2/org/mapstruct/mapstruct-parent/1.6.3/mapstruct-parent-1.6.3.pom (1.6 kB at 74 kB/s)
2026-10-04T12:36:07.0700578Z [INFO] Downloading from spring-milestones: https://repo.spring.io/milestone/org/springdoc/springdoc-openapi-starter-webflux-ui/3.0.3/springdoc-openapi-starter-webflux-ui-3.0.3.pom
2026-10-04T12:36:07.1445982Z [INFO] Downloading from central: https://repo.maven.apache.org/maven2/org/springdoc/springdoc-openapi-starter-webflux-ui/3.0.3/springdoc-openapi-starter-webflux-ui-3.0.3.pom
2026-10-04T12:36:07.1669816Z [INFO] Downloaded from central: https://repo.maven.apache.org/maven2/org/springdoc/springdoc-openapi-starter-webflux-ui/3.0.3/springdoc-openapi-starter-webflux-ui-3.0.3.pom (2.0 kB at 91 kB/s)
2026-10-04T12:36:07.1679315Z [INFO] Downloading from spring-milestones: https://repo.spring.io/milestone/org/springdoc/springdoc-openapi/3.0.3/springdoc-openapi-3.0.3.pom
2026-10-04T12:36:07.2460179Z [INFO] Downloading from central: https://repo.maven.apache.org/maven2/org/springdoc/springdoc-openapi/3.0.3/springdoc-openapi-3.0.3.pom
2026-10-04T12:36:07.2677703Z [INFO] Downloaded from central: https://repo.maven.apache.org/maven2/org/springdoc/springdoc-openapi/3.0.3/springdoc-openapi-3.0.3.pom (10 kB at 465 kB/s)
2026-10-04T12:36:07.2688249Z [INFO] Downloading from spring-milestones: https://repo.spring.io/milestone/org/springframework/boot/spring-boot-starter-parent/4.0.5/spring-boot-starter-parent-4.0.5.pom
2026-10-04T12:36:07.3442674Z [INFO] Downloading from central: https://repo.maven.apache.org/maven2/org/springframework/boot/spring-boot-starter-parent/4.0.5/spring-boot-starter-parent-4.0.5.pom
2026-10-04T12:36:07.3750193Z [INFO] Downloaded from central: https://repo.maven.apache.org/maven2/org/springframework/boot/spring-boot-starter-parent/4.0.5/spring-boot-starter-parent-4.0.5.pom (14 kB at 456 kB/s)
2026-10-04T12:36:07.3760072Z [INFO] Downloading from spring-milestones: https://repo.spring.io/milestone/org/springframework/boot/spring-boot-dependencies/4.0.5/spring-boot-dependencies-4.0.5.pom
2026-10-04T12:36:07.4525456Z [INFO] Downloading from central: https://repo.maven.apache.org/maven2/org/springframework/boot/spring-boot-dependencies/4.0.5/spring-boot-dependencies-4.0.5.pom
2026-10-04T12:36:07.4749823Z [INFO] Downloaded from central: https://repo.maven.apache.org/maven2/org/springframework/boot/spring-boot-dependencies/4.0.5/spring-boot-dependencies-4.0.5.pom (138 kB at 6.3 MB/s)
2026-10-04T12:36:07.4776603Z [INFO] Downloading from central: https://repo.maven.apache.org/maven2/org/springframework/cloud/spring-cloud-function-dependencies/5.0.0-M1/spring-cloud-function-dependencies-5.0.0-M1.pom
2026-10-04T12:36:07.5121226Z [INFO] Downloaded from central: https://repo.maven.apache.org/maven2/org/springframework/cloud/spring-cloud-function-dependencies/5.0.0-M1/spring-cloud-function-dependencies-5.0.0-M1.pom (6.6 kB at 194 kB/s)
2026-10-04T12:36:07.5133501Z [INFO] Downloading from central: https://repo.maven.apache.org/maven2/org/springframework/cloud/spring-cloud-dependencies-parent/5.0.0-M1/spring-cloud-dependencies-parent-5.0.0-M1.pom
2026-10-04T12:36:07.5350027Z [INFO] Downloaded from central: https://repo.maven.apache.org/maven2/org/springframework/cloud/spring-cloud-dependencies-parent/5.0.0-M1/spring-cloud-dependencies-parent-5.0.0-M1.pom (7.6 kB at 362 kB/s)
2026-10-04T12:36:07.5365689Z [INFO] Downloading from central: https://repo.maven.apache.org/maven2/org/springframework/ai/spring-ai-bom/1.1.2/spring-ai-bom-1.1.2.pom
2026-10-04T12:36:07.5566950Z [INFO] Downloaded from central: https://repo.maven.apache.org/maven2/org/springframework/ai/spring-ai-bom/1.1.2/spring-ai-bom-1.1.2.pom (38 kB at 1.9 MB/s)
2026-10-04T12:36:07.5580415Z [INFO] Downloading from central: https://repo.maven.apache.org/maven2/org/apache/activemq/activemq-bom/6.1.8/activemq-bom-6.1.8.pom
2026-10-04T12:36:07.5778554Z [INFO] Downloaded from central: https://repo.maven.apache.org/maven2/org/apache/activemq/activemq-bom/6.1.8/activemq-bom-6.1.8.pom (7.9 kB at 394 kB/s)
2026-10-04T12:36:07.5793055Z [INFO] Downloading from central: https://repo.maven.apache.org/maven2/org/apache/activemq/artemis-bom/2.43.0/artemis-bom-2.43.0.pom
2026-10-04T12:36:07.6019008Z [INFO] Downloaded from central: https://repo.maven.apache.org/maven2/org/apache/activemq/artemis-bom/2.43.0/artemis-bom-2.43.0.pom (9.4 kB at 427 kB/s)
2026-10-04T12:36:07.6028374Z [INFO] Downloading from central: https://repo.maven.apache.org/maven2/org/apache/activemq/artemis-project/2.43.0/artemis-project-2.43.0.pom
2026-10-04T12:36:07.6278447Z [INFO] Downloaded from central: https://repo.maven.apache.org/maven2/org/apache/activemq/artemis-project/2.43.0/artemis-project-2.43.0.pom (56 kB at 2.2 MB/s)
2026-10-04T12:36:07.6328219Z [INFO] Downloading from central: https://repo.maven.apache.org/maven2/org/apache/cassandra/java-driver-bom/4.19.2/java-driver-bom-4.19.2.pom
2026-10-04T12:36:07.6531733Z [INFO] Downloaded from central: https://repo.maven.apache.org/maven2/org/apache/cassandra/java-driver-bom/4.19.2/java-driver-bom-4.19.2.pom (5.5 kB at 273 kB/s)
2026-10-04T12:36:07.6545714Z [INFO] Downloading from central: https://repo.maven.apache.org/maven2/org/apache/groovy/groovy-bom/5.0.4/groovy-bom-5.0.4.pom
2026-10-04T12:36:07.6751871Z [INFO] Downloaded from central: https://repo.maven.apache.org/maven2/org/apache/groovy/groovy-bom/5.0.4/groovy-bom-5.0.4.pom (27 kB at 1.4 MB/s)
2026-10-04T12:36:07.6771487Z [INFO] Downloading from central: https://repo.maven.apache.org/maven2/org/infinispan/infinispan-bom/15.2.6.Final/infinispan-bom-15.2.6.Final.pom
2026-10-04T12:36:07.6976230Z [INFO] Downloaded from central: https://repo.maven.apache.org/maven2/org/infinispan/infinispan-bom/15.2.6.Final/infinispan-bom-15.2.6.Final.pom (17 kB at 830 kB/s)
2026-10-04T12:36:07.6989654Z [INFO] Downloading from central: https://repo.maven.apache.org/maven2/org/infinispan/infinispan-build-configuration-parent/15.2.6.Final/infinispan-build-configuration-parent-15.2.6.Final.pom
2026-10-04T12:36:07.7208819Z [INFO] Downloaded from central: https://repo.maven.apache.org/maven2/org/infinispan/infinispan-build-configuration-parent/15.2.6.Final/infinispan-build-configuration-parent-15.2.6.Final.pom (17 kB at 780 kB/s)
2026-10-04T12:36:07.7224959Z [INFO] Downloading from central: https://repo.maven.apache.org/maven2/com/fasterxml/jackson/jackson-bom/2.21.2/jackson-bom-2.21.2.pom
2026-10-04T12:36:07.7437842Z [INFO] Downloaded from central: https://repo.maven.apache.org/maven2/com/fasterxml/jackson/jackson-bom/2.21.2/jackson-bom-2.21.2.pom (20 kB at 963 kB/s)
2026-10-04T12:36:07.7458203Z [INFO] Downloading from central: https://repo.maven.apache.org/maven2/tools/jackson/jackson-bom/3.1.0/jackson-bom-3.1.0.pom
2026-10-04T12:36:07.7697121Z [INFO] Downloaded from central: https://repo.maven.apache.org/maven2/tools/jackson/jackson-bom/3.1.0/jackson-bom-3.1.0.pom (20 kB at 828 kB/s)
2026-10-04T12:36:07.7708192Z [INFO] Downloading from central: https://repo.maven.apache.org/maven2/com/fasterxml/oss-parent/76/oss-parent-76.pom
2026-10-04T12:36:07.7938552Z [INFO] Downloaded from central: https://repo.maven.apache.org/maven2/com/fasterxml/oss-parent/76/oss-parent-76.pom (24 kB at 1.0 MB/s)
2026-10-04T12:36:07.7955837Z [INFO] Downloading from central: https://repo.maven.apache.org/maven2/org/eclipse/jetty/ee11/jetty-ee11-bom/12.1.7/jetty-ee11-bom-12.1.7.pom
2026-10-04T12:36:07.8231789Z [INFO] Downloaded from central: https://repo.maven.apache.org/maven2/org/eclipse/jetty/ee11/jetty-ee11-bom/12.1.7/jetty-ee11-bom-12.1.7.pom (9.4 kB at 335 kB/s)
2026-10-04T12:36:07.8244584Z [INFO] Downloading from central: https://repo.maven.apache.org/maven2/org/eclipse/jetty/jetty-bom/12.1.7/jetty-bom-12.1.7.pom
2026-10-04T12:36:07.8476765Z [INFO] Downloaded from central: https://repo.maven.apache.org/maven2/org/eclipse/jetty/jetty-bom/12.1.7/jetty-bom-12.1.7.pom (16 kB at 697 kB/s)
2026-10-04T12:36:07.8490286Z [INFO] Downloading from central: https://repo.maven.apache.org/maven2/org/jooq/jooq-bom/3.19.31/jooq-bom-3.19.31.pom
2026-10-04T12:36:07.8700987Z [INFO] Downloaded from central: https://repo.maven.apache.org/maven2/org/jooq/jooq-bom/3.19.31/jooq-bom-3.19.31.pom (4.7 kB at 226 kB/s)
2026-10-04T12:36:07.8713725Z [INFO] Downloading from central: https://repo.maven.apache.org/maven2/org/jetbrains/kotlin/kotlin-bom/2.2.21/kotlin-bom-2.2.21.pom
2026-10-04T12:36:07.8926103Z [INFO] Downloaded from central: https://repo.maven.apache.org/maven2/org/jetbrains/kotlin/kotlin-bom/2.2.21/kotlin-bom-2.2.21.pom (9.4 kB at 449 kB/s)
2026-10-04T12:36:07.8940607Z [INFO] Downloading from central: https://repo.maven.apache.org/maven2/org/jetbrains/kotlinx/kotlinx-serialization-bom/1.9.0/kotlinx-serialization-bom-1.9.0.pom
2026-10-04T12:36:07.9148539Z [INFO] Downloaded from central: https://repo.maven.apache.org/maven2/org/jetbrains/kotlinx/kotlinx-serialization-bom/1.9.0/kotlinx-serialization-bom-1.9.0.pom (4.0 kB at 191 kB/s)
2026-10-04T12:36:07.9158343Z [INFO] Downloading from central: https://repo.maven.apache.org/maven2/org/apache/logging/log4j/log4j-bom/2.25.3/log4j-bom-2.25.3.pom
2026-10-04T12:36:07.9385550Z [INFO] Downloaded from central: https://repo.maven.apache.org/maven2/org/apache/logging/log4j/log4j-bom/2.25.3/log4j-bom-2.25.3.pom (12 kB at 533 kB/s)
2026-10-04T12:36:07.9396741Z [INFO] Downloading from central: https://repo.maven.apache.org/maven2/io/micrometer/micrometer-bom/1.16.4/micrometer-bom-1.16.4.pom
2026-10-04T12:36:07.9621706Z [INFO] Downloaded from central: https://repo.maven.apache.org/maven2/io/micrometer/micrometer-bom/1.16.4/micrometer-bom-1.16.4.pom (8.6 kB at 373 kB/s)
2026-10-04T12:36:07.9631636Z [INFO] Downloading from central: https://repo.maven.apache.org/maven2/org/mockito/mockito-bom/5.20.0/mockito-bom-5.20.0.pom
2026-10-04T12:36:07.9836272Z [INFO] Downloaded from central: https://repo.maven.apache.org/maven2/org/mockito/mockito-bom/5.20.0/mockito-bom-5.20.0.pom (3.0 kB at 148 kB/s)
2026-10-04T12:36:07.9845440Z [INFO] Downloading from central: https://repo.maven.apache.org/maven2/org/mongodb/mongodb-driver-bom/5.6.4/mongodb-driver-bom-5.6.4.pom
2026-10-04T12:36:08.0064900Z [INFO] Downloaded from central: https://repo.maven.apache.org/maven2/org/mongodb/mongodb-driver-bom/5.6.4/mongodb-driver-bom-5.6.4.pom (4.2 kB at 189 kB/s)
2026-10-04T12:36:08.0075541Z [INFO] Downloading from central: https://repo.maven.apache.org/maven2/org/neo4j/driver/neo4j-java-driver-bom/6.0.3/neo4j-java-driver-bom-6.0.3.pom
2026-10-04T12:36:08.0311563Z [INFO] Downloaded from central: https://repo.maven.apache.org/maven2/org/neo4j/driver/neo4j-java-driver-bom/6.0.3/neo4j-java-driver-bom-6.0.3.pom (2.3 kB at 97 kB/s)
2026-10-04T12:36:08.0321441Z [INFO] Downloading from spring-snapshots: https://repo.spring.io/snapshot/org/neo4j/bolt/neo4j-bolt-connection-bom/10.1.1/neo4j-bolt-connection-bom-10.1.1.pom
2026-10-04T12:36:08.1071737Z [INFO] Downloading from spring-milestones: https://repo.spring.io/milestone/org/neo4j/bolt/neo4j-bolt-connection-bom/10.1.1/neo4j-bolt-connection-bom-10.1.1.pom
2026-10-04T12:36:08.1821912Z [INFO] Downloading from central: https://repo.maven.apache.org/maven2/org/neo4j/bolt/neo4j-bolt-connection-bom/10.1.1/neo4j-bolt-connection-bom-10.1.1.pom
2026-10-04T12:36:08.2056422Z [INFO] Downloaded from central: https://repo.maven.apache.org/maven2/org/neo4j/bolt/neo4j-bolt-connection-bom/10.1.1/neo4j-bolt-connection-bom-10.1.1.pom (2.5 kB at 102 kB/s)
2026-10-04T12:36:08.2068604Z [INFO] Downloading from central: https://repo.maven.apache.org/maven2/io/netty/netty-bom/4.2.12.Final/netty-bom-4.2.12.Final.pom
2026-10-04T12:36:08.2270538Z [INFO] Downloaded from central: https://repo.maven.apache.org/maven2/io/netty/netty-bom/4.2.12.Final/netty-bom-4.2.12.Final.pom (19 kB at 960 kB/s)
2026-10-04T12:36:08.2284086Z [INFO] Downloading from central: https://repo.maven.apache.org/maven2/io/opentelemetry/opentelemetry-bom/1.55.0/opentelemetry-bom-1.55.0.pom
2026-10-04T12:36:08.2488723Z [INFO] Downloaded from central: https://repo.maven.apache.org/maven2/io/opentelemetry/opentelemetry-bom/1.55.0/opentelemetry-bom-1.55.0.pom (6.0 kB at 302 kB/s)
2026-10-04T12:36:08.2499106Z [INFO] Downloading from central: https://repo.maven.apache.org/maven2/io/prometheus/prometheus-metrics-bom/1.4.3/prometheus-metrics-bom-1.4.3.pom
2026-10-04T12:36:08.2687003Z [INFO] Downloaded from central: https://repo.maven.apache.org/maven2/io/prometheus/prometheus-metrics-bom/1.4.3/prometheus-metrics-bom-1.4.3.pom (5.8 kB at 307 kB/s)
2026-10-04T12:36:08.2694681Z [INFO] Downloading from central: https://repo.maven.apache.org/maven2/io/prometheus/client_java_parent/1.4.3/client_java_parent-1.4.3.pom
2026-10-04T12:36:08.2905862Z [INFO] Downloaded from central: https://repo.maven.apache.org/maven2/io/prometheus/client_java_parent/1.4.3/client_java_parent-1.4.3.pom (4.3 kB at 207 kB/s)
2026-10-04T12:36:08.2918899Z [INFO] Downloading from central: https://repo.maven.apache.org/maven2/org/apache/pulsar/pulsar-bom/4.1.3/pulsar-bom-4.1.3.pom
2026-10-04T12:36:08.3128313Z [INFO] Downloaded from central: https://repo.maven.apache.org/maven2/org/apache/pulsar/pulsar-bom/4.1.3/pulsar-bom-4.1.3.pom (25 kB at 1.2 MB/s)
2026-10-04T12:36:08.3143372Z [INFO] Downloading from central: https://repo.maven.apache.org/maven2/io/projectreactor/reactor-bom/2025.0.4/reactor-bom-2025.0.4.pom
2026-10-04T12:36:08.3363861Z [INFO] Downloaded from central: https://repo.maven.apache.org/maven2/io/projectreactor/reactor-bom/2025.0.4/reactor-bom-2025.0.4.pom (4.6 kB at 209 kB/s)
2026-10-04T12:36:08.3376950Z [INFO] Downloading from central: https://repo.maven.apache.org/maven2/org/seleniumhq/selenium/selenium-bom/4.37.0/selenium-bom-4.37.0.pom
2026-10-04T12:36:08.3574077Z [INFO] Downloaded from central: https://repo.maven.apache.org/maven2/org/seleniumhq/selenium/selenium-bom/4.37.0/selenium-bom-4.37.0.pom (5.8 kB at 292 kB/s)
2026-10-04T12:36:08.3591779Z [INFO] Downloading from central: https://repo.maven.apache.org/maven2/org/springframework/amqp/spring-amqp-bom/4.0.2/spring-amqp-bom-4.0.2.pom
2026-10-04T12:36:08.3801593Z [INFO] Downloaded from central: https://repo.maven.apache.org/maven2/org/springframework/amqp/spring-amqp-bom/4.0.2/spring-amqp-bom-4.0.2.pom (4.1 kB at 193 kB/s)
2026-10-04T12:36:08.3818139Z [INFO] Downloading from central: https://repo.maven.apache.org/maven2/org/springframework/batch/spring-batch-bom/6.0.3/spring-batch-bom-6.0.3.pom
2026-10-04T12:36:08.4040170Z [INFO] Downloaded from central: https://repo.maven.apache.org/maven2/org/springframework/batch/spring-batch-bom/6.0.3/spring-batch-bom-6.0.3.pom (3.2 kB at 145 kB/s)
2026-10-04T12:36:08.4054134Z [INFO] Downloading from central: https://repo.maven.apache.org/maven2/org/springframework/data/spring-data-bom/2025.1.4/spring-data-bom-2025.1.4.pom
2026-10-04T12:36:08.4269391Z [INFO] Downloaded from central: https://repo.maven.apache.org/maven2/org/springframework/data/spring-data-bom/2025.1.4/spring-data-bom-2025.1.4.pom (5.5 kB at 262 kB/s)
2026-10-04T12:36:08.4280806Z [INFO] Downloading from central: https://repo.maven.apache.org/maven2/org/springframework/spring-framework-bom/7.0.6/spring-framework-bom-7.0.6.pom
2026-10-04T12:36:08.4508509Z [INFO] Downloaded from central: https://repo.maven.apache.org/maven2/org/springframework/spring-framework-bom/7.0.6/spring-framework-bom-7.0.6.pom (5.7 kB at 246 kB/s)
2026-10-04T12:36:08.4521631Z [INFO] Downloading from central: https://repo.maven.apache.org/maven2/org/springframework/integration/spring-integration-bom/7.0.4/spring-integration-bom-7.0.4.pom
2026-10-04T12:36:08.4732166Z [INFO] Downloaded from central: https://repo.maven.apache.org/maven2/org/springframework/integration/spring-integration-bom/7.0.4/spring-integration-bom-7.0.4.pom (10 kB at 495 kB/s)
2026-10-04T12:36:08.4744605Z [INFO] Downloading from central: https://repo.maven.apache.org/maven2/org/springframework/pulsar/spring-pulsar-bom/2.0.4/spring-pulsar-bom-2.0.4.pom
2026-10-04T12:36:08.4968932Z [INFO] Downloaded from central: https://repo.maven.apache.org/maven2/org/springframework/pulsar/spring-pulsar-bom/2.0.4/spring-pulsar-bom-2.0.4.pom (2.7 kB at 124 kB/s)
2026-10-04T12:36:08.4980509Z [INFO] Downloading from central: https://repo.maven.apache.org/maven2/org/springframework/restdocs/spring-restdocs-bom/4.0.0/spring-restdocs-bom-4.0.0.pom
2026-10-04T12:36:08.5220008Z [INFO] Downloaded from central: https://repo.maven.apache.org/maven2/org/springframework/restdocs/spring-restdocs-bom/4.0.0/spring-restdocs-bom-4.0.0.pom (2.4 kB at 100 kB/s)
2026-10-04T12:36:08.5233084Z [INFO] Downloading from central: https://repo.maven.apache.org/maven2/org/springframework/security/spring-security-bom/7.0.4/spring-security-bom-7.0.4.pom
2026-10-04T12:36:08.5480138Z [INFO] Downloaded from central: https://repo.maven.apache.org/maven2/org/springframework/security/spring-security-bom/7.0.4/spring-security-bom-7.0.4.pom (6.7 kB at 278 kB/s)
2026-10-04T12:36:08.5493951Z [INFO] Downloading from central: https://repo.maven.apache.org/maven2/org/springframework/session/spring-session-bom/4.0.2/spring-session-bom-4.0.2.pom
2026-10-04T12:36:08.5748388Z [INFO] Downloaded from central: https://repo.maven.apache.org/maven2/org/springframework/session/spring-session-bom/4.0.2/spring-session-bom-4.0.2.pom (2.5 kB at 101 kB/s)
2026-10-04T12:36:08.5761894Z [INFO] Downloading from central: https://repo.maven.apache.org/maven2/org/springframework/ws/spring-ws-bom/5.0.1/spring-ws-bom-5.0.1.pom
2026-10-04T12:36:08.5961566Z [INFO] Downloaded from central: https://repo.maven.apache.org/maven2/org/springframework/ws/spring-ws-bom/5.0.1/spring-ws-bom-5.0.1.pom (2.3 kB at 115 kB/s)
2026-10-04T12:36:08.5975758Z [INFO] Downloading from central: https://repo.maven.apache.org/maven2/org/testcontainers/testcontainers-bom/2.0.4/testcontainers-bom-2.0.4.pom
2026-10-04T12:36:08.6184454Z [INFO] Downloaded from central: https://repo.maven.apache.org/maven2/org/testcontainers/testcontainers-bom/2.0.4/testcontainers-bom-2.0.4.pom (12 kB at 583 kB/s)
2026-10-04T12:36:08.6216216Z [INFO] Downloading from spring-milestones: https://repo.spring.io/milestone/org/springdoc/springdoc-openapi-starter-webflux-api/3.0.3/springdoc-openapi-starter-webflux-api-3.0.3.pom
2026-10-04T12:36:08.6935687Z [INFO] Downloading from central: https://repo.maven.apache.org/maven2/org/springdoc/springdoc-openapi-starter-webflux-api/3.0.3/springdoc-openapi-starter-webflux-api-3.0.3.pom
2026-10-04T12:36:08.7141855Z [INFO] Downloaded from central: https://repo.maven.apache.org/maven2/org/springdoc/springdoc-openapi-starter-webflux-api/3.0.3/springdoc-openapi-starter-webflux-api-3.0.3.pom (1.9 kB at 90 kB/s)
2026-10-04T12:36:08.7169182Z [INFO] Downloading from spring-milestones: https://repo.spring.io/milestone/org/springdoc/springdoc-openapi-starter-common/3.0.3/springdoc-openapi-starter-common-3.0.3.pom
2026-10-04T12:36:08.7892474Z [INFO] Downloading from central: https://repo.maven.apache.org/maven2/org/springdoc/springdoc-openapi-starter-common/3.0.3/springdoc-openapi-starter-common-3.0.3.pom
2026-10-04T12:36:08.8096843Z [INFO] Downloaded from central: https://repo.maven.apache.org/maven2/org/springdoc/springdoc-openapi-starter-common/3.0.3/springdoc-openapi-starter-common-3.0.3.pom (5.9 kB at 296 kB/s)
2026-10-04T12:36:08.8125219Z [INFO] Downloading from spring-milestones: https://repo.spring.io/milestone/io/swagger/core/v3/swagger-core-jakarta/2.2.47/swagger-core-jakarta-2.2.47.pom
2026-10-04T12:36:08.8877613Z [INFO] Downloading from central: https://repo.maven.apache.org/maven2/io/swagger/core/v3/swagger-core-jakarta/2.2.47/swagger-core-jakarta-2.2.47.pom
2026-10-04T12:36:08.9112306Z [INFO] Downloaded from central: https://repo.maven.apache.org/maven2/io/swagger/core/v3/swagger-core-jakarta/2.2.47/swagger-core-jakarta-2.2.47.pom (5.6 kB at 232 kB/s)
2026-10-04T12:36:08.9118442Z [INFO] Downloading from spring-milestones: https://repo.spring.io/milestone/io/swagger/core/v3/swagger-project-jakarta/2.2.47/swagger-project-jakarta-2.2.47.pom
2026-10-04T12:36:08.9852679Z [INFO] Downloading from central: https://repo.maven.apache.org/maven2/io/swagger/core/v3/swagger-project-jakarta/2.2.47/swagger-project-jakarta-2.2.47.pom
2026-10-04T12:36:09.0103532Z [INFO] Downloaded from central: https://repo.maven.apache.org/maven2/io/swagger/core/v3/swagger-project-jakarta/2.2.47/swagger-project-jakarta-2.2.47.pom (22 kB at 884 kB/s)
2026-10-04T12:36:09.0116902Z [INFO] Downloading from spring-milestones: https://repo.spring.io/milestone/org/apache/commons/commons-lang3/3.20.0/commons-lang3-3.20.0.pom
2026-10-04T12:36:09.0894976Z [INFO] Downloading from central: https://repo.maven.apache.org/maven2/org/apache/commons/commons-lang3/3.20.0/commons-lang3-3.20.0.pom
2026-10-04T12:36:09.1101950Z [INFO] Downloaded from central: https://repo.maven.apache.org/maven2/org/apache/commons/commons-lang3/3.20.0/commons-lang3-3.20.0.pom (33 kB at 1.6 MB/s)
2026-10-04T12:36:09.1112770Z [INFO] Downloading from spring-milestones: https://repo.spring.io/milestone/org/apache/commons/commons-parent/92/commons-parent-92.pom
2026-10-04T12:36:09.1847109Z [INFO] Downloading from central: https://repo.maven.apache.org/maven2/org/apache/commons/commons-parent/92/commons-parent-92.pom
2026-10-04T12:36:09.2093239Z [INFO] Downloaded from central: https://repo.maven.apache.org/maven2/org/apache/commons/commons-parent/92/commons-parent-92.pom (80 kB at 3.2 MB/s)
2026-10-04T12:36:09.2129990Z [INFO] Downloading from spring-milestones: https://repo.spring.io/milestone/io/swagger/core/v3/swagger-annotations-jakarta/2.2.47/swagger-annotations-jakarta-2.2.47.pom
2026-10-04T12:36:09.2883969Z [INFO] Downloading from central: https://repo.maven.apache.org/maven2/io/swagger/core/v3/swagger-annotations-jakarta/2.2.47/swagger-annotations-jakarta-2.2.47.pom
2026-10-04T12:36:09.3202996Z [INFO] Downloaded from central: https://repo.maven.apache.org/maven2/io/swagger/core/v3/swagger-annotations-jakarta/2.2.47/swagger-annotations-jakarta-2.2.47.pom (3.3 kB at 102 kB/s)
2026-10-04T12:36:09.3218724Z [INFO] Downloading from spring-milestones: https://repo.spring.io/milestone/io/swagger/core/v3/swagger-models-jakarta/2.2.47/swagger-models-jakarta-2.2.47.pom
2026-10-04T12:36:09.3957830Z [INFO] Downloading from central: https://repo.maven.apache.org/maven2/io/swagger/core/v3/swagger-models-jakarta/2.2.47/swagger-models-jakarta-2.2.47.pom
2026-10-04T12:36:09.4164111Z [INFO] Downloaded from central: https://repo.maven.apache.org/maven2/io/swagger/core/v3/swagger-models-jakarta/2.2.47/swagger-models-jakarta-2.2.47.pom (3.4 kB at 162 kB/s)
2026-10-04T12:36:09.4180810Z [INFO] Downloading from spring-milestones: https://repo.spring.io/milestone/com/fasterxml/jackson/dataformat/jackson-dataformat-yaml/2.21.4/jackson-dataformat-yaml-2.21.4.pom
2026-10-04T12:36:09.4956949Z [INFO] Downloading from central: https://repo.maven.apache.org/maven2/com/fasterxml/jackson/dataformat/jackson-dataformat-yaml/2.21.4/jackson-dataformat-yaml-2.21.4.pom
2026-10-04T12:36:09.5181786Z [INFO] Downloaded from central: https://repo.maven.apache.org/maven2/com/fasterxml/jackson/dataformat/jackson-dataformat-yaml/2.21.4/jackson-dataformat-yaml-2.21.4.pom (3.0 kB at 135 kB/s)
2026-10-04T12:36:09.5191725Z [INFO] Downloading from spring-milestones: https://repo.spring.io/milestone/com/fasterxml/jackson/dataformat/jackson-dataformats-text/2.21.4/jackson-dataformats-text-2.21.4.pom
2026-10-04T12:36:09.5936574Z [INFO] Downloading from central: https://repo.maven.apache.org/maven2/com/fasterxml/jackson/dataformat/jackson-dataformats-text/2.21.4/jackson-dataformats-text-2.21.4.pom
2026-10-04T12:36:09.6352454Z [INFO] Downloaded from central: https://repo.maven.apache.org/maven2/com/fasterxml/jackson/dataformat/jackson-dataformats-text/2.21.4/jackson-dataformats-text-2.21.4.pom (3.5 kB at 85 kB/s)
2026-10-04T12:36:09.6377884Z [INFO] Downloading from spring-milestones: https://repo.spring.io/milestone/org/webjars/swagger-ui/5.32.2/swagger-ui-5.32.2.pom
2026-10-04T12:36:09.7122957Z [INFO] Downloading from central: https://repo.maven.apache.org/maven2/org/webjars/swagger-ui/5.32.2/swagger-ui-5.32.2.pom
2026-10-04T12:36:09.7319772Z [INFO] Downloaded from central: https://repo.maven.apache.org/maven2/org/webjars/swagger-ui/5.32.2/swagger-ui-5.32.2.pom (1.5 kB at 80 kB/s)
2026-10-04T12:36:09.7331743Z [INFO] Downloading from spring-milestones: https://repo.spring.io/milestone/org/webjars/webjars-locator-lite/1.1.3/webjars-locator-lite-1.1.3.pom
2026-10-04T12:36:09.8071931Z [INFO] Downloading from central: https://repo.maven.apache.org/maven2/org/webjars/webjars-locator-lite/1.1.3/webjars-locator-lite-1.1.3.pom
2026-10-04T12:36:09.8583366Z [INFO] Downloaded from central: https://repo.maven.apache.org/maven2/org/webjars/webjars-locator-lite/1.1.3/webjars-locator-lite-1.1.3.pom (6.9 kB at 132 kB/s)
2026-10-04T12:36:09.8602682Z [INFO] Downloading from spring-milestones: https://repo.spring.io/milestone/io/projectreactor/addons/reactor-extra/3.6.0/reactor-extra-3.6.0.pom
2026-10-04T12:36:09.9367169Z [INFO] Downloading from central: https://repo.maven.apache.org/maven2/io/projectreactor/addons/reactor-extra/3.6.0/reactor-extra-3.6.0.pom
2026-10-04T12:36:09.9570630Z [INFO] Downloaded from central: https://repo.maven.apache.org/maven2/io/projectreactor/addons/reactor-extra/3.6.0/reactor-extra-3.6.0.pom (2.0 kB at 100 kB/s)
2026-10-04T12:36:09.9589349Z [INFO] Downloading from spring-milestones: https://repo.spring.io/milestone/io/micrometer/micrometer-registry-prometheus/1.17.0/micrometer-registry-prometheus-1.17.0.pom
2026-10-04T12:36:10.0347457Z [INFO] Downloading from central: https://repo.maven.apache.org/maven2/io/micrometer/micrometer-registry-prometheus/1.17.0/micrometer-registry-prometheus-1.17.0.pom
2026-10-04T12:36:10.0590402Z [INFO] Downloaded from central: https://repo.maven.apache.org/maven2/io/micrometer/micrometer-registry-prometheus/1.17.0/micrometer-registry-prometheus-1.17.0.pom (4.3 kB at 181 kB/s)
2026-10-04T12:36:10.0610198Z [INFO] Downloading from spring-milestones: https://repo.spring.io/milestone/io/prometheus/prometheus-metrics-core/1.5.1/prometheus-metrics-core-1.5.1.pom
2026-10-04T12:36:10.1370987Z [INFO] Downloading from central: https://repo.maven.apache.org/maven2/io/prometheus/prometheus-metrics-core/1.5.1/prometheus-metrics-core-1.5.1.pom
2026-10-04T12:36:10.1612311Z [INFO] Downloaded from central: https://repo.maven.apache.org/maven2/io/prometheus/prometheus-metrics-core/1.5.1/prometheus-metrics-core-1.5.1.pom (1.8 kB at 72 kB/s)
2026-10-04T12:36:10.1621883Z [INFO] Downloading from spring-milestones: https://repo.spring.io/milestone/io/prometheus/client_java/1.5.1/client_java-1.5.1.pom
2026-10-04T12:36:10.2497133Z [INFO] Downloading from central: https://repo.maven.apache.org/maven2/io/prometheus/client_java/1.5.1/client_java-1.5.1.pom
2026-10-04T12:36:10.2964994Z [INFO] Downloaded from central: https://repo.maven.apache.org/maven2/io/prometheus/client_java/1.5.1/client_java-1.5.1.pom (17 kB at 353 kB/s)
2026-10-04T12:36:10.2981255Z [INFO] Downloading from spring-milestones: https://repo.spring.io/milestone/io/opentelemetry/instrumentation/opentelemetry-instrumentation-bom-alpha/2.25.0-alpha/opentelemetry-instrumentation-bom-alpha-2.25.0-alpha.pom
2026-10-04T12:36:10.3737380Z [INFO] Downloading from central: https://repo.maven.apache.org/maven2/io/opentelemetry/instrumentation/opentelemetry-instrumentation-bom-alpha/2.25.0-alpha/opentelemetry-instrumentation-bom-alpha-2.25.0-alpha.pom
2026-10-04T12:36:10.3959324Z [INFO] Downloaded from central: https://repo.maven.apache.org/maven2/io/opentelemetry/instrumentation/opentelemetry-instrumentation-bom-alpha/2.25.0-alpha/opentelemetry-instrumentation-bom-alpha-2.25.0-alpha.pom (90 kB at 4.1 MB/s)
2026-10-04T12:36:10.3974518Z [INFO] Downloading from spring-milestones: https://repo.spring.io/milestone/io/opentelemetry/opentelemetry-bom/1.59.0/opentelemetry-bom-1.59.0.pom
2026-10-04T12:36:10.4728659Z [INFO] Downloading from central: https://repo.maven.apache.org/maven2/io/opentelemetry/opentelemetry-bom/1.59.0/opentelemetry-bom-1.59.0.pom
2026-10-04T12:36:10.4950315Z [INFO] Downloaded from central: https://repo.maven.apache.org/maven2/io/opentelemetry/opentelemetry-bom/1.59.0/opentelemetry-bom-1.59.0.pom (6.0 kB at 275 kB/s)
2026-10-04T12:36:10.4965213Z [INFO] Downloading from spring-milestones: https://repo.spring.io/milestone/io/opentelemetry/opentelemetry-bom-alpha/1.59.0-alpha/opentelemetry-bom-alpha-1.59.0-alpha.pom
2026-10-04T12:36:10.5723266Z [INFO] Downloading from central: https://repo.maven.apache.org/maven2/io/opentelemetry/opentelemetry-bom-alpha/1.59.0-alpha/opentelemetry-bom-alpha-1.59.0-alpha.pom
2026-10-04T12:36:10.5932807Z [INFO] Downloaded from central: https://repo.maven.apache.org/maven2/io/opentelemetry/opentelemetry-bom-alpha/1.59.0-alpha/opentelemetry-bom-alpha-1.59.0-alpha.pom (2.7 kB at 128 kB/s)
2026-10-04T12:36:10.5943874Z [INFO] Downloading from spring-milestones: https://repo.spring.io/milestone/io/opentelemetry/instrumentation/opentelemetry-instrumentation-bom/2.25.0/opentelemetry-instrumentation-bom-2.25.0.pom
2026-10-04T12:36:10.6678361Z [INFO] Downloading from central: https://repo.maven.apache.org/maven2/io/opentelemetry/instrumentation/opentelemetry-instrumentation-bom/2.25.0/opentelemetry-instrumentation-bom-2.25.0.pom
2026-10-04T12:36:10.6878274Z [INFO] Downloaded from central: https://repo.maven.apache.org/maven2/io/opentelemetry/instrumentation/opentelemetry-instrumentation-bom/2.25.0/opentelemetry-instrumentation-bom-2.25.0.pom (3.3 kB at 163 kB/s)
2026-10-04T12:36:10.6898829Z [INFO] Downloading from spring-milestones: https://repo.spring.io/milestone/io/prometheus/prometheus-metrics-model/1.5.1/prometheus-metrics-model-1.5.1.pom
2026-10-04T12:36:10.7652148Z [INFO] Downloading from central: https://repo.maven.apache.org/maven2/io/prometheus/prometheus-metrics-model/1.5.1/prometheus-metrics-model-1.5.1.pom
2026-10-04T12:36:10.7870316Z [INFO] Downloaded from central: https://repo.maven.apache.org/maven2/io/prometheus/prometheus-metrics-model/1.5.1/prometheus-metrics-model-1.5.1.pom (974 B at 44 kB/s)
2026-10-04T12:36:10.7889147Z [INFO] Downloading from spring-milestones: https://repo.spring.io/milestone/io/prometheus/prometheus-metrics-config/1.5.1/prometheus-metrics-config-1.5.1.pom
2026-10-04T12:36:10.8644027Z [INFO] Downloading from central: https://repo.maven.apache.org/maven2/io/prometheus/prometheus-metrics-config/1.5.1/prometheus-metrics-config-1.5.1.pom
2026-10-04T12:36:10.9078542Z [INFO] Downloaded from central: https://repo.maven.apache.org/maven2/io/prometheus/prometheus-metrics-config/1.5.1/prometheus-metrics-config-1.5.1.pom (762 B at 18 kB/s)
2026-10-04T12:36:10.9098108Z [INFO] Downloading from spring-milestones: https://repo.spring.io/milestone/io/prometheus/prometheus-metrics-tracer-common/1.5.1/prometheus-metrics-tracer-common-1.5.1.pom
2026-10-04T12:36:10.9865543Z [INFO] Downloading from central: https://repo.maven.apache.org/maven2/io/prometheus/prometheus-metrics-tracer-common/1.5.1/prometheus-metrics-tracer-common-1.5.1.pom
2026-10-04T12:36:11.0078495Z [INFO] Downloaded from central: https://repo.maven.apache.org/maven2/io/prometheus/prometheus-metrics-tracer-common/1.5.1/prometheus-metrics-tracer-common-1.5.1.pom (814 B at 39 kB/s)
2026-10-04T12:36:11.0087886Z [INFO] Downloading from spring-milestones: https://repo.spring.io/milestone/io/prometheus/prometheus-metrics-tracer/1.5.1/prometheus-metrics-tracer-1.5.1.pom
2026-10-04T12:36:11.0841378Z [INFO] Downloading from central: https://repo.maven.apache.org/maven2/io/prometheus/prometheus-metrics-tracer/1.5.1/prometheus-metrics-tracer-1.5.1.pom
2026-10-04T12:36:11.1057936Z [INFO] Downloaded from central: https://repo.maven.apache.org/maven2/io/prometheus/prometheus-metrics-tracer/1.5.1/prometheus-metrics-tracer-1.5.1.pom (1.3 kB at 58 kB/s)
2026-10-04T12:36:11.1076324Z [INFO] Downloading from spring-milestones: https://repo.spring.io/milestone/io/prometheus/prometheus-metrics-exposition-formats/1.5.1/prometheus-metrics-exposition-formats-1.5.1.pom
2026-10-04T12:36:11.1833694Z [INFO] Downloading from central: https://repo.maven.apache.org/maven2/io/prometheus/prometheus-metrics-exposition-formats/1.5.1/prometheus-metrics-exposition-formats-1.5.1.pom
2026-10-04T12:36:11.2080665Z [INFO] Downloaded from central: https://repo.maven.apache.org/maven2/io/prometheus/prometheus-metrics-exposition-formats/1.5.1/prometheus-metrics-exposition-formats-1.5.1.pom (14 kB at 603 kB/s)
2026-10-04T12:36:11.2100306Z [INFO] Downloading from spring-milestones: https://repo.spring.io/milestone/io/prometheus/prometheus-metrics-exposition-textformats/1.5.1/prometheus-metrics-exposition-textformats-1.5.1.pom
2026-10-04T12:36:11.2852265Z [INFO] Downloading from central: https://repo.maven.apache.org/maven2/io/prometheus/prometheus-metrics-exposition-textformats/1.5.1/prometheus-metrics-exposition-textformats-1.5.1.pom
2026-10-04T12:36:11.3448628Z [INFO] Downloaded from central: https://repo.maven.apache.org/maven2/io/prometheus/prometheus-metrics-exposition-textformats/1.5.1/prometheus-metrics-exposition-textformats-1.5.1.pom (1.6 kB at 26 kB/s)
2026-10-04T12:36:11.3468390Z [INFO] Downloading from spring-milestones: https://repo.spring.io/milestone/org/projectlombok/lombok/1.18.46/lombok-1.18.46.pom
2026-10-04T12:36:11.4215183Z [INFO] Downloading from central: https://repo.maven.apache.org/maven2/org/projectlombok/lombok/1.18.46/lombok-1.18.46.pom
2026-10-04T12:36:11.4432287Z [INFO] Downloaded from central: https://repo.maven.apache.org/maven2/org/projectlombok/lombok/1.18.46/lombok-1.18.46.pom (1.5 kB at 67 kB/s)
2026-10-04T12:36:11.4445566Z [INFO] Downloading from spring-milestones: https://repo.spring.io/milestone/org/springframework/boot/spring-boot-starter-test/4.1.0/spring-boot-starter-test-4.1.0.pom
2026-10-04T12:36:11.5202537Z [INFO] Downloading from central: https://repo.maven.apache.org/maven2/org/springframework/boot/spring-boot-starter-test/4.1.0/spring-boot-starter-test-4.1.0.pom
2026-10-04T12:36:11.5425588Z [INFO] Downloaded from central: https://repo.maven.apache.org/maven2/org/springframework/boot/spring-boot-starter-test/4.1.0/spring-boot-starter-test-4.1.0.pom (4.9 kB at 212 kB/s)
2026-10-04T12:36:11.5447871Z [INFO] Downloading from spring-milestones: https://repo.spring.io/milestone/org/springframework/boot/spring-boot-test/4.1.0/spring-boot-test-4.1.0.pom
2026-10-04T12:36:11.6202200Z [INFO] Downloading from central: https://repo.maven.apache.org/maven2/org/springframework/boot/spring-boot-test/4.1.0/spring-boot-test-4.1.0.pom
2026-10-04T12:36:11.6391158Z [INFO] Downloaded from central: https://repo.maven.apache.org/maven2/org/springframework/boot/spring-boot-test/4.1.0/spring-boot-test-4.1.0.pom (2.2 kB at 116 kB/s)
2026-10-04T12:36:11.6402434Z [INFO] Downloading from spring-milestones: https://repo.spring.io/milestone/org/springframework/spring-test/7.0.8/spring-test-7.0.8.pom
2026-10-04T12:36:11.7148566Z [INFO] Downloading from central: https://repo.maven.apache.org/maven2/org/springframework/spring-test/7.0.8/spring-test-7.0.8.pom
2026-10-04T12:36:11.7338442Z [INFO] Downloaded from central: https://repo.maven.apache.org/maven2/org/springframework/spring-test/7.0.8/spring-test-7.0.8.pom (2.1 kB at 108 kB/s)
2026-10-04T12:36:11.7351755Z [INFO] Downloading from spring-milestones: https://repo.spring.io/milestone/org/springframework/boot/spring-boot-test-autoconfigure/4.1.0/spring-boot-test-autoconfigure-4.1.0.pom
2026-10-04T12:36:11.8139332Z [INFO] Downloading from central: https://repo.maven.apache.org/maven2/org/springframework/boot/spring-boot-test-autoconfigure/4.1.0/spring-boot-test-autoconfigure-4.1.0.pom
2026-10-04T12:36:11.8333028Z [INFO] Downloaded from central: https://repo.maven.apache.org/maven2/org/springframework/boot/spring-boot-test-autoconfigure/4.1.0/spring-boot-test-autoconfigure-4.1.0.pom (2.1 kB at 104 kB/s)
2026-10-04T12:36:11.8345792Z [INFO] Downloading from spring-milestones: https://repo.spring.io/milestone/com/jayway/jsonpath/json-path/2.10.0/json-path-2.10.0.pom
2026-10-04T12:36:11.9131754Z [INFO] Downloading from central: https://repo.maven.apache.org/maven2/com/jayway/jsonpath/json-path/2.10.0/json-path-2.10.0.pom
2026-10-04T12:36:11.9369369Z [INFO] Downloaded from central: https://repo.maven.apache.org/maven2/com/jayway/jsonpath/json-path/2.10.0/json-path-2.10.0.pom (1.9 kB at 80 kB/s)
2026-10-04T12:36:11.9381541Z [INFO] Downloading from spring-milestones: https://repo.spring.io/milestone/net/minidev/json-smart/2.6.0/json-smart-2.6.0.pom
2026-10-04T12:36:12.0135253Z [INFO] Downloading from central: https://repo.maven.apache.org/maven2/net/minidev/json-smart/2.6.0/json-smart-2.6.0.pom
2026-10-04T12:36:12.0337388Z [INFO] Downloaded from central: https://repo.maven.apache.org/maven2/net/minidev/json-smart/2.6.0/json-smart-2.6.0.pom (12 kB at 575 kB/s)
2026-10-04T12:36:12.0351334Z [INFO] Downloading from spring-milestones: https://repo.spring.io/milestone/net/minidev/accessors-smart/2.6.0/accessors-smart-2.6.0.pom
2026-10-04T12:36:12.1109640Z [INFO] Downloading from central: https://repo.maven.apache.org/maven2/net/minidev/accessors-smart/2.6.0/accessors-smart-2.6.0.pom
2026-10-04T12:36:12.1527100Z [INFO] Downloaded from central: https://repo.maven.apache.org/maven2/net/minidev/accessors-smart/2.6.0/accessors-smart-2.6.0.pom (14 kB at 330 kB/s)
2026-10-04T12:36:12.1588777Z [INFO] Downloading from spring-milestones: https://repo.spring.io/milestone/org/ow2/asm/asm/9.7.1/asm-9.7.1.pom
2026-10-04T12:36:12.2353749Z [INFO] Downloading from central: https://repo.maven.apache.org/maven2/org/ow2/asm/asm/9.7.1/asm-9.7.1.pom
2026-10-04T12:36:12.2550327Z [INFO] Downloaded from central: https://repo.maven.apache.org/maven2/org/ow2/asm/asm/9.7.1/asm-9.7.1.pom (2.4 kB at 119 kB/s)
2026-10-04T12:36:12.2567669Z [INFO] Downloading from spring-milestones: https://repo.spring.io/milestone/org/ow2/ow2/1.5.1/ow2-1.5.1.pom
2026-10-04T12:36:12.3311829Z [INFO] Downloading from central: https://repo.maven.apache.org/maven2/org/ow2/ow2/1.5.1/ow2-1.5.1.pom
2026-10-04T12:36:12.3523537Z [INFO] Downloaded from central: https://repo.maven.apache.org/maven2/org/ow2/ow2/1.5.1/ow2-1.5.1.pom (11 kB at 513 kB/s)
2026-10-04T12:36:12.3546465Z [INFO] Downloading from spring-milestones: https://repo.spring.io/milestone/org/assertj/assertj-core/3.27.7/assertj-core-3.27.7.pom
2026-10-04T12:36:12.4296572Z [INFO] Downloading from central: https://repo.maven.apache.org/maven2/org/assertj/assertj-core/3.27.7/assertj-core-3.27.7.pom
2026-10-04T12:36:12.4488691Z [INFO] Downloaded from central: https://repo.maven.apache.org/maven2/org/assertj/assertj-core/3.27.7/assertj-core-3.27.7.pom (3.8 kB at 200 kB/s)
2026-10-04T12:36:12.4501648Z [INFO] Downloading from spring-milestones: https://repo.spring.io/milestone/net/bytebuddy/byte-buddy/1.18.10/byte-buddy-1.18.10.pom
2026-10-04T12:36:12.5251150Z [INFO] Downloading from central: https://repo.maven.apache.org/maven2/net/bytebuddy/byte-buddy/1.18.10/byte-buddy-1.18.10.pom
2026-10-04T12:36:12.5470969Z [INFO] Downloaded from central: https://repo.maven.apache.org/maven2/net/bytebuddy/byte-buddy/1.18.10/byte-buddy-1.18.10.pom (21 kB at 962 kB/s)
2026-10-04T12:36:12.5482134Z [INFO] Downloading from spring-milestones: https://repo.spring.io/milestone/net/bytebuddy/byte-buddy-parent/1.18.10/byte-buddy-parent-1.18.10.pom
2026-10-04T12:36:12.6251984Z [INFO] Downloading from central: https://repo.maven.apache.org/maven2/net/bytebuddy/byte-buddy-parent/1.18.10/byte-buddy-parent-1.18.10.pom
2026-10-04T12:36:12.6495029Z [INFO] Downloaded from central: https://repo.maven.apache.org/maven2/net/bytebuddy/byte-buddy-parent/1.18.10/byte-buddy-parent-1.18.10.pom (68 kB at 2.7 MB/s)
2026-10-04T12:36:12.6521542Z [INFO] Downloading from spring-milestones: https://repo.spring.io/milestone/org/awaitility/awaitility/4.3.0/awaitility-4.3.0.pom
2026-10-04T12:36:12.7322211Z [INFO] Downloading from central: https://repo.maven.apache.org/maven2/org/awaitility/awaitility/4.3.0/awaitility-4.3.0.pom
2026-10-04T12:36:12.7596317Z [INFO] Downloaded from central: https://repo.maven.apache.org/maven2/org/awaitility/awaitility/4.3.0/awaitility-4.3.0.pom (3.7 kB at 133 kB/s)
2026-10-04T12:36:12.7605602Z [INFO] Downloading from spring-milestones: https://repo.spring.io/milestone/org/awaitility/awaitility-parent/4.3.0/awaitility-parent-4.3.0.pom
2026-10-04T12:36:12.8351052Z [INFO] Downloading from central: https://repo.maven.apache.org/maven2/org/awaitility/awaitility-parent/4.3.0/awaitility-parent-4.3.0.pom
2026-10-04T12:36:12.8558020Z [INFO] Downloaded from central: https://repo.maven.apache.org/maven2/org/awaitility/awaitility-parent/4.3.0/awaitility-parent-4.3.0.pom (11 kB at 517 kB/s)
2026-10-04T12:36:12.8575516Z [INFO] Downloading from spring-milestones: https://repo.spring.io/milestone/org/hamcrest/hamcrest/3.0/hamcrest-3.0.pom
2026-10-04T12:36:12.9477652Z [INFO] Downloading from central: https://repo.maven.apache.org/maven2/org/hamcrest/hamcrest/3.0/hamcrest-3.0.pom
2026-10-04T12:36:12.9783847Z [INFO] Downloaded from central: https://repo.maven.apache.org/maven2/org/hamcrest/hamcrest/3.0/hamcrest-3.0.pom (1.6 kB at 52 kB/s)
2026-10-04T12:36:12.9796356Z [INFO] Downloading from spring-milestones: https://repo.spring.io/milestone/org/junit/jupiter/junit-jupiter/6.0.3/junit-jupiter-6.0.3.pom
2026-10-04T12:36:13.0531635Z [INFO] Downloading from central: https://repo.maven.apache.org/maven2/org/junit/jupiter/junit-jupiter/6.0.3/junit-jupiter-6.0.3.pom
2026-10-04T12:36:13.0875672Z [INFO] Downloaded from central: https://repo.maven.apache.org/maven2/org/junit/jupiter/junit-jupiter/6.0.3/junit-jupiter-6.0.3.pom (3.2 kB at 92 kB/s)
2026-10-04T12:36:13.0888278Z [INFO] Downloading from spring-milestones: https://repo.spring.io/milestone/org/junit/jupiter/junit-jupiter-api/6.0.3/junit-jupiter-api-6.0.3.pom
2026-10-04T12:36:13.1634757Z [INFO] Downloading from central: https://repo.maven.apache.org/maven2/org/junit/jupiter/junit-jupiter-api/6.0.3/junit-jupiter-api-6.0.3.pom
2026-10-04T12:36:13.1837785Z [INFO] Downloaded from central: https://repo.maven.apache.org/maven2/org/junit/jupiter/junit-jupiter-api/6.0.3/junit-jupiter-api-6.0.3.pom (3.4 kB at 169 kB/s)
2026-10-04T12:36:13.1850494Z [INFO] Downloading from spring-milestones: https://repo.spring.io/milestone/org/opentest4j/opentest4j/1.3.0/opentest4j-1.3.0.pom
2026-10-04T12:36:13.2607550Z [INFO] Downloading from central: https://repo.maven.apache.org/maven2/org/opentest4j/opentest4j/1.3.0/opentest4j-1.3.0.pom
2026-10-04T12:36:13.2961849Z [INFO] Downloaded from central: https://repo.maven.apache.org/maven2/org/opentest4j/opentest4j/1.3.0/opentest4j-1.3.0.pom (2.0 kB at 57 kB/s)
2026-10-04T12:36:13.2974101Z [INFO] Downloading from spring-milestones: https://repo.spring.io/milestone/org/junit/platform/junit-platform-commons/6.0.3/junit-platform-commons-6.0.3.pom
2026-10-04T12:36:13.3725649Z [INFO] Downloading from central: https://repo.maven.apache.org/maven2/org/junit/platform/junit-platform-commons/6.0.3/junit-platform-commons-6.0.3.pom
2026-10-04T12:36:13.3930182Z [INFO] Downloaded from central: https://repo.maven.apache.org/maven2/org/junit/platform/junit-platform-commons/6.0.3/junit-platform-commons-6.0.3.pom (3.0 kB at 151 kB/s)
2026-10-04T12:36:13.3945327Z [INFO] Downloading from spring-milestones: https://repo.spring.io/milestone/org/apiguardian/apiguardian-api/1.1.2/apiguardian-api-1.1.2.pom
2026-10-04T12:36:13.4686176Z [INFO] Downloading from central: https://repo.maven.apache.org/maven2/org/apiguardian/apiguardian-api/1.1.2/apiguardian-api-1.1.2.pom
2026-10-04T12:36:13.4889138Z [INFO] Downloaded from central: https://repo.maven.apache.org/maven2/org/apiguardian/apiguardian-api/1.1.2/apiguardian-api-1.1.2.pom (1.5 kB at 76 kB/s)
2026-10-04T12:36:13.4901886Z [INFO] Downloading from spring-milestones: https://repo.spring.io/milestone/org/junit/jupiter/junit-jupiter-params/6.0.3/junit-jupiter-params-6.0.3.pom
2026-10-04T12:36:13.5650599Z [INFO] Downloading from central: https://repo.maven.apache.org/maven2/org/junit/jupiter/junit-jupiter-params/6.0.3/junit-jupiter-params-6.0.3.pom
2026-10-04T12:36:13.5876378Z [INFO] Downloaded from central: https://repo.maven.apache.org/maven2/org/junit/jupiter/junit-jupiter-params/6.0.3/junit-jupiter-params-6.0.3.pom (3.2 kB at 139 kB/s)
2026-10-04T12:36:13.5890426Z [INFO] Downloading from spring-milestones: https://repo.spring.io/milestone/org/junit/jupiter/junit-jupiter-engine/6.0.3/junit-jupiter-engine-6.0.3.pom
2026-10-04T12:36:13.6627831Z [INFO] Downloading from central: https://repo.maven.apache.org/maven2/org/junit/jupiter/junit-jupiter-engine/6.0.3/junit-jupiter-engine-6.0.3.pom
2026-10-04T12:36:13.6846647Z [INFO] Downloaded from central: https://repo.maven.apache.org/maven2/org/junit/jupiter/junit-jupiter-engine/6.0.3/junit-jupiter-engine-6.0.3.pom (3.4 kB at 154 kB/s)
2026-10-04T12:36:13.6858353Z [INFO] Downloading from spring-milestones: https://repo.spring.io/milestone/org/junit/platform/junit-platform-engine/6.0.3/junit-platform-engine-6.0.3.pom
2026-10-04T12:36:13.7590278Z [INFO] Downloading from central: https://repo.maven.apache.org/maven2/org/junit/platform/junit-platform-engine/6.0.3/junit-platform-engine-6.0.3.pom
2026-10-04T12:36:13.7895365Z [INFO] Downloaded from central: https://repo.maven.apache.org/maven2/org/junit/platform/junit-platform-engine/6.0.3/junit-platform-engine-6.0.3.pom (3.4 kB at 109 kB/s)
2026-10-04T12:36:13.7902437Z [INFO] Downloading from spring-milestones: https://repo.spring.io/milestone/org/mockito/mockito-core/5.23.0/mockito-core-5.23.0.pom
2026-10-04T12:36:13.8733193Z [INFO] Downloading from central: https://repo.maven.apache.org/maven2/org/mockito/mockito-core/5.23.0/mockito-core-5.23.0.pom
2026-10-04T12:36:13.9050243Z [INFO] Downloaded from central: https://repo.maven.apache.org/maven2/org/mockito/mockito-core/5.23.0/mockito-core-5.23.0.pom (2.5 kB at 80 kB/s)
2026-10-04T12:36:13.9057975Z [INFO] Downloading from spring-milestones: https://repo.spring.io/milestone/net/bytebuddy/byte-buddy-agent/1.18.10/byte-buddy-agent-1.18.10.pom
2026-10-04T12:36:13.9963847Z [INFO] Downloading from central: https://repo.maven.apache.org/maven2/net/bytebuddy/byte-buddy-agent/1.18.10/byte-buddy-agent-1.18.10.pom
2026-10-04T12:36:14.0313583Z [INFO] Downloaded from central: https://repo.maven.apache.org/maven2/net/bytebuddy/byte-buddy-agent/1.18.10/byte-buddy-agent-1.18.10.pom (14 kB at 411 kB/s)
2026-10-04T12:36:14.0331533Z [INFO] Downloading from spring-milestones: https://repo.spring.io/milestone/org/objenesis/objenesis/3.3/objenesis-3.3.pom
2026-10-04T12:36:14.1082465Z [INFO] Downloading from central: https://repo.maven.apache.org/maven2/org/objenesis/objenesis/3.3/objenesis-3.3.pom
2026-10-04T12:36:14.1384305Z [INFO] Downloaded from central: https://repo.maven.apache.org/maven2/org/objenesis/objenesis/3.3/objenesis-3.3.pom (3.0 kB at 100 kB/s)
2026-10-04T12:36:14.1464772Z [INFO] Downloading from spring-milestones: https://repo.spring.io/milestone/org/objenesis/objenesis-parent/3.3/objenesis-parent-3.3.pom
2026-10-04T12:36:14.2204030Z [INFO] Downloading from central: https://repo.maven.apache.org/maven2/org/objenesis/objenesis-parent/3.3/objenesis-parent-3.3.pom
2026-10-04T12:36:14.2422229Z [INFO] Downloaded from central: https://repo.maven.apache.org/maven2/org/objenesis/objenesis-parent/3.3/objenesis-parent-3.3.pom (19 kB at 871 kB/s)
2026-10-04T12:36:14.2438937Z [INFO] Downloading from spring-milestones: https://repo.spring.io/milestone/org/mockito/mockito-junit-jupiter/5.23.0/mockito-junit-jupiter-5.23.0.pom
2026-10-04T12:36:14.3174148Z [INFO] Downloading from central: https://repo.maven.apache.org/maven2/org/mockito/mockito-junit-jupiter/5.23.0/mockito-junit-jupiter-5.23.0.pom
2026-10-04T12:36:14.3420158Z [INFO] Downloaded from central: https://repo.maven.apache.org/maven2/org/mockito/mockito-junit-jupiter/5.23.0/mockito-junit-jupiter-5.23.0.pom (2.3 kB at 95 kB/s)
2026-10-04T12:36:14.3434519Z [INFO] Downloading from spring-milestones: https://repo.spring.io/milestone/org/skyscreamer/jsonassert/1.5.3/jsonassert-1.5.3.pom
2026-10-04T12:36:14.4172862Z [INFO] Downloading from central: https://repo.maven.apache.org/maven2/org/skyscreamer/jsonassert/1.5.3/jsonassert-1.5.3.pom
2026-10-04T12:36:14.4421998Z [INFO] Downloaded from central: https://repo.maven.apache.org/maven2/org/skyscreamer/jsonassert/1.5.3/jsonassert-1.5.3.pom (7.0 kB at 279 kB/s)
2026-10-04T12:36:14.4433400Z [INFO] Downloading from spring-milestones: https://repo.spring.io/milestone/com/vaadin/external/google/android-json/0.0.20131108.vaadin1/android-json-0.0.20131108.vaadin1.pom
2026-10-04T12:36:14.5163991Z [INFO] Downloading from central: https://repo.maven.apache.org/maven2/com/vaadin/external/google/android-json/0.0.20131108.vaadin1/android-json-0.0.20131108.vaadin1.pom
2026-10-04T12:36:14.5660573Z [INFO] Downloaded from central: https://repo.maven.apache.org/maven2/com/vaadin/external/google/android-json/0.0.20131108.vaadin1/android-json-0.0.20131108.vaadin1.pom (2.8 kB at 57 kB/s)
2026-10-04T12:36:14.5668126Z [INFO] Downloading from spring-milestones: https://repo.spring.io/milestone/org/xmlunit/xmlunit-core/2.11.0/xmlunit-core-2.11.0.pom
2026-10-04T12:36:14.6397649Z [INFO] Downloading from central: https://repo.maven.apache.org/maven2/org/xmlunit/xmlunit-core/2.11.0/xmlunit-core-2.11.0.pom
2026-10-04T12:36:14.6602754Z [INFO] Downloaded from central: https://repo.maven.apache.org/maven2/org/xmlunit/xmlunit-core/2.11.0/xmlunit-core-2.11.0.pom (2.8 kB at 133 kB/s)
2026-10-04T12:36:14.6621688Z [INFO] Downloading from spring-milestones: https://repo.spring.io/milestone/org/xmlunit/xmlunit-parent/2.11.0/xmlunit-parent-2.11.0.pom
2026-10-04T12:36:14.7334124Z [INFO] Downloading from central: https://repo.maven.apache.org/maven2/org/xmlunit/xmlunit-parent/2.11.0/xmlunit-parent-2.11.0.pom
2026-10-04T12:36:14.7568922Z [INFO] Downloaded from central: https://repo.maven.apache.org/maven2/org/xmlunit/xmlunit-parent/2.11.0/xmlunit-parent-2.11.0.pom (23 kB at 1.0 MB/s)
2026-10-04T12:36:14.7582392Z [INFO] Downloading from spring-milestones: https://repo.spring.io/milestone/org/springframework/security/spring-security-test/7.1.0/spring-security-test-7.1.0.pom
2026-10-04T12:36:14.8316482Z [INFO] Downloading from central: https://repo.maven.apache.org/maven2/org/springframework/security/spring-security-test/7.1.0/spring-security-test-7.1.0.pom
2026-10-04T12:36:14.8514368Z [INFO] Downloaded from central: https://repo.maven.apache.org/maven2/org/springframework/security/spring-security-test/7.1.0/spring-security-test-7.1.0.pom (2.7 kB at 133 kB/s)
2026-10-04T12:36:14.8526277Z [INFO] Downloading from spring-milestones: https://repo.spring.io/milestone/io/projectreactor/reactor-test/3.8.6/reactor-test-3.8.6.pom
2026-10-04T12:36:14.9282288Z [INFO] Downloading from central: https://repo.maven.apache.org/maven2/io/projectreactor/reactor-test/3.8.6/reactor-test-3.8.6.pom
2026-10-04T12:36:14.9505221Z [INFO] Downloaded from central: https://repo.maven.apache.org/maven2/io/projectreactor/reactor-test/3.8.6/reactor-test-3.8.6.pom (2.3 kB at 103 kB/s)
2026-10-04T12:36:14.9516574Z [INFO] Downloading from spring-milestones: https://repo.spring.io/milestone/org/springframework/boot/spring-boot-starter-webflux-test/4.1.0/spring-boot-starter-webflux-test-4.1.0.pom
2026-10-04T12:36:15.0263695Z [INFO] Downloading from central: https://repo.maven.apache.org/maven2/org/springframework/boot/spring-boot-starter-webflux-test/4.1.0/spring-boot-starter-webflux-test-4.1.0.pom
2026-10-04T12:36:15.0476900Z [INFO] Downloaded from central: https://repo.maven.apache.org/maven2/org/springframework/boot/spring-boot-starter-webflux-test/4.1.0/spring-boot-starter-webflux-test-4.1.0.pom (3.1 kB at 148 kB/s)
2026-10-04T12:36:15.0483971Z [INFO] Downloading from spring-milestones: https://repo.spring.io/milestone/org/springframework/boot/spring-boot-starter-jackson-test/4.1.0/spring-boot-starter-jackson-test-4.1.0.pom
2026-10-04T12:36:15.1227928Z [INFO] Downloading from central: https://repo.maven.apache.org/maven2/org/springframework/boot/spring-boot-starter-jackson-test/4.1.0/spring-boot-starter-jackson-test-4.1.0.pom
2026-10-04T12:36:15.1449893Z [INFO] Downloaded from central: https://repo.maven.apache.org/maven2/org/springframework/boot/spring-boot-starter-jackson-test/4.1.0/spring-boot-starter-jackson-test-4.1.0.pom (2.3 kB at 104 kB/s)
2026-10-04T12:36:15.1456882Z [INFO] Downloading from spring-milestones: https://repo.spring.io/milestone/org/springframework/boot/spring-boot-webflux-test/4.1.0/spring-boot-webflux-test-4.1.0.pom
2026-10-04T12:36:15.2202363Z [INFO] Downloading from central: https://repo.maven.apache.org/maven2/org/springframework/boot/spring-boot-webflux-test/4.1.0/spring-boot-webflux-test-4.1.0.pom
2026-10-04T12:36:15.2438993Z [INFO] Downloaded from central: https://repo.maven.apache.org/maven2/org/springframework/boot/spring-boot-webflux-test/4.1.0/spring-boot-webflux-test-4.1.0.pom (2.5 kB at 108 kB/s)
2026-10-04T12:36:15.2445157Z [INFO] Downloading from spring-milestones: https://repo.spring.io/milestone/org/springframework/boot/spring-boot-webtestclient/4.1.0/spring-boot-webtestclient-4.1.0.pom
2026-10-04T12:36:15.3189037Z [INFO] Downloading from central: https://repo.maven.apache.org/maven2/org/springframework/boot/spring-boot-webtestclient/4.1.0/spring-boot-webtestclient-4.1.0.pom
2026-10-04T12:36:15.3408836Z [INFO] Downloaded from central: https://repo.maven.apache.org/maven2/org/springframework/boot/spring-boot-webtestclient/4.1.0/spring-boot-webtestclient-4.1.0.pom (2.5 kB at 111 kB/s)
2026-10-04T12:36:15.3424284Z [INFO] Downloading from spring-milestones: https://repo.spring.io/milestone/org/testcontainers/testcontainers-postgresql/2.0.5/testcontainers-postgresql-2.0.5.pom
2026-10-04T12:36:15.4186338Z [INFO] Downloading from central: https://repo.maven.apache.org/maven2/org/testcontainers/testcontainers-postgresql/2.0.5/testcontainers-postgresql-2.0.5.pom
2026-10-04T12:36:15.4385776Z [INFO] Downloaded from central: https://repo.maven.apache.org/maven2/org/testcontainers/testcontainers-postgresql/2.0.5/testcontainers-postgresql-2.0.5.pom (1.5 kB at 77 kB/s)
2026-10-04T12:36:15.4421785Z [INFO] Downloading from spring-milestones: https://repo.spring.io/milestone/org/testcontainers/testcontainers-jdbc/2.0.5/testcontainers-jdbc-2.0.5.pom
2026-10-04T12:36:15.5169877Z [INFO] Downloading from central: https://repo.maven.apache.org/maven2/org/testcontainers/testcontainers-jdbc/2.0.5/testcontainers-jdbc-2.0.5.pom
2026-10-04T12:36:15.5421918Z [INFO] Downloaded from central: https://repo.maven.apache.org/maven2/org/testcontainers/testcontainers-jdbc/2.0.5/testcontainers-jdbc-2.0.5.pom (1.5 kB at 62 kB/s)
2026-10-04T12:36:15.5435436Z [INFO] Downloading from spring-milestones: https://repo.spring.io/milestone/org/testcontainers/testcontainers-database-commons/2.0.5/testcontainers-database-commons-2.0.5.pom
2026-10-04T12:36:15.6198887Z [INFO] Downloading from central: https://repo.maven.apache.org/maven2/org/testcontainers/testcontainers-database-commons/2.0.5/testcontainers-database-commons-2.0.5.pom
2026-10-04T12:36:15.6604536Z [INFO] Downloaded from central: https://repo.maven.apache.org/maven2/org/testcontainers/testcontainers-database-commons/2.0.5/testcontainers-database-commons-2.0.5.pom (1.5 kB at 38 kB/s)
2026-10-04T12:36:15.6616602Z [INFO] Downloading from spring-milestones: https://repo.spring.io/milestone/org/testcontainers/testcontainers/2.0.5/testcontainers-2.0.5.pom
2026-10-04T12:36:15.7443455Z [INFO] Downloading from central: https://repo.maven.apache.org/maven2/org/testcontainers/testcontainers/2.0.5/testcontainers-2.0.5.pom
2026-10-04T12:36:15.7633014Z [INFO] Downloaded from central: https://repo.maven.apache.org/maven2/org/testcontainers/testcontainers/2.0.5/testcontainers-2.0.5.pom (2.5 kB at 129 kB/s)
2026-10-04T12:36:15.7645608Z [INFO] Downloading from spring-milestones: https://repo.spring.io/milestone/org/apache/commons/commons-compress/1.28.0/commons-compress-1.28.0.pom
2026-10-04T12:36:15.8437091Z [INFO] Downloading from central: https://repo.maven.apache.org/maven2/org/apache/commons/commons-compress/1.28.0/commons-compress-1.28.0.pom
2026-10-04T12:36:15.8651526Z [INFO] Downloaded from central: https://repo.maven.apache.org/maven2/org/apache/commons/commons-compress/1.28.0/commons-compress-1.28.0.pom (25 kB at 1.2 MB/s)
2026-10-04T12:36:15.8664573Z [INFO] Downloading from spring-milestones: https://repo.spring.io/milestone/org/apache/commons/commons-parent/85/commons-parent-85.pom
2026-10-04T12:36:15.9400923Z [INFO] Downloading from central: https://repo.maven.apache.org/maven2/org/apache/commons/commons-parent/85/commons-parent-85.pom
2026-10-04T12:36:15.9856988Z [INFO] Downloaded from central: https://repo.maven.apache.org/maven2/org/apache/commons/commons-parent/85/commons-parent-85.pom (78 kB at 1.7 MB/s)
2026-10-04T12:36:15.9882786Z [INFO] Downloading from spring-milestones: https://repo.spring.io/milestone/org/junit/junit-bom/5.13.1/junit-bom-5.13.1.pom
2026-10-04T12:36:16.0625633Z [INFO] Downloading from central: https://repo.maven.apache.org/maven2/org/junit/junit-bom/5.13.1/junit-bom-5.13.1.pom
2026-10-04T12:36:16.0941361Z [INFO] Downloaded from central: https://repo.maven.apache.org/maven2/org/junit/junit-bom/5.13.1/junit-bom-5.13.1.pom (5.6 kB at 182 kB/s)
2026-10-04T12:36:16.0954649Z [INFO] Downloading from spring-milestones: https://repo.spring.io/milestone/commons-io/commons-io/2.20.0/commons-io-2.20.0.pom
2026-10-04T12:36:16.1698959Z [INFO] Downloading from central: https://repo.maven.apache.org/maven2/commons-io/commons-io/2.20.0/commons-io-2.20.0.pom
2026-10-04T12:36:16.1928808Z [INFO] Downloaded from central: https://repo.maven.apache.org/maven2/commons-io/commons-io/2.20.0/commons-io-2.20.0.pom (20 kB at 890 kB/s)
2026-10-04T12:36:16.1951625Z [INFO] Downloading from spring-milestones: https://repo.spring.io/milestone/org/rnorth/duct-tape/duct-tape/1.0.8/duct-tape-1.0.8.pom
2026-10-04T12:36:16.2693905Z [INFO] Downloading from central: https://repo.maven.apache.org/maven2/org/rnorth/duct-tape/duct-tape/1.0.8/duct-tape-1.0.8.pom
2026-10-04T12:36:16.2927023Z [INFO] Downloaded from central: https://repo.maven.apache.org/maven2/org/rnorth/duct-tape/duct-tape/1.0.8/duct-tape-1.0.8.pom (6.2 kB at 270 kB/s)
2026-10-04T12:36:16.2940874Z [INFO] Downloading from spring-milestones: https://repo.spring.io/milestone/org/jetbrains/annotations/17.0.0/annotations-17.0.0.pom
2026-10-04T12:36:16.3685260Z [INFO] Downloading from central: https://repo.maven.apache.org/maven2/org/jetbrains/annotations/17.0.0/annotations-17.0.0.pom
2026-10-04T12:36:16.3887726Z [INFO] Downloaded from central: https://repo.maven.apache.org/maven2/org/jetbrains/annotations/17.0.0/annotations-17.0.0.pom (1.4 kB at 68 kB/s)
2026-10-04T12:36:16.3898546Z [INFO] Downloading from spring-milestones: https://repo.spring.io/milestone/com/github/docker-java/docker-java-api/3.7.1/docker-java-api-3.7.1.pom
2026-10-04T12:36:16.4647182Z [INFO] Downloading from central: https://repo.maven.apache.org/maven2/com/github/docker-java/docker-java-api/3.7.1/docker-java-api-3.7.1.pom
2026-10-04T12:36:16.4864990Z [INFO] Downloaded from central: https://repo.maven.apache.org/maven2/com/github/docker-java/docker-java-api/3.7.1/docker-java-api-3.7.1.pom (3.1 kB at 141 kB/s)
2026-10-04T12:36:16.4873799Z [INFO] Downloading from spring-milestones: https://repo.spring.io/milestone/com/github/docker-java/docker-java-parent/3.7.1/docker-java-parent-3.7.1.pom
2026-10-04T12:36:16.5621315Z [INFO] Downloading from central: https://repo.maven.apache.org/maven2/com/github/docker-java/docker-java-parent/3.7.1/docker-java-parent-3.7.1.pom
2026-10-04T12:36:16.5839786Z [INFO] Downloaded from central: https://repo.maven.apache.org/maven2/com/github/docker-java/docker-java-parent/3.7.1/docker-java-parent-3.7.1.pom (12 kB at 565 kB/s)
2026-10-04T12:36:16.5854815Z [INFO] Downloading from spring-milestones: https://repo.spring.io/milestone/com/github/docker-java/docker-java-transport-zerodep/3.7.1/docker-java-transport-zerodep-3.7.1.pom
2026-10-04T12:36:16.6647106Z [INFO] Downloading from central: https://repo.maven.apache.org/maven2/com/github/docker-java/docker-java-transport-zerodep/3.7.1/docker-java-transport-zerodep-3.7.1.pom
2026-10-04T12:36:16.8205267Z [INFO] Downloaded from central: https://repo.maven.apache.org/maven2/com/github/docker-java/docker-java-transport-zerodep/3.7.1/docker-java-transport-zerodep-3.7.1.pom (4.1 kB at 26 kB/s)
2026-10-04T12:36:16.8219710Z [INFO] Downloading from spring-milestones: https://repo.spring.io/milestone/com/github/docker-java/docker-java-transport/3.7.1/docker-java-transport-3.7.1.pom
2026-10-04T12:36:16.8967375Z [INFO] Downloading from central: https://repo.maven.apache.org/maven2/com/github/docker-java/docker-java-transport/3.7.1/docker-java-transport-3.7.1.pom
2026-10-04T12:36:16.9191360Z [INFO] Downloaded from central: https://repo.maven.apache.org/maven2/com/github/docker-java/docker-java-transport/3.7.1/docker-java-transport-3.7.1.pom (1.6 kB at 75 kB/s)
2026-10-04T12:36:16.9204217Z [INFO] Downloading from spring-milestones: https://repo.spring.io/milestone/net/java/dev/jna/jna/5.18.1/jna-5.18.1.pom
2026-10-04T12:36:16.9947867Z [INFO] Downloading from central: https://repo.maven.apache.org/maven2/net/java/dev/jna/jna/5.18.1/jna-5.18.1.pom
2026-10-04T12:36:17.0143728Z [INFO] Downloaded from central: https://repo.maven.apache.org/maven2/net/java/dev/jna/jna/5.18.1/jna-5.18.1.pom (2.0 kB at 102 kB/s)
2026-10-04T12:36:17.0155075Z [INFO] Downloading from spring-milestones: https://repo.spring.io/milestone/org/testcontainers/testcontainers-r2dbc/2.0.5/testcontainers-r2dbc-2.0.5.pom
2026-10-04T12:36:17.0895941Z [INFO] Downloading from central: https://repo.maven.apache.org/maven2/org/testcontainers/testcontainers-r2dbc/2.0.5/testcontainers-r2dbc-2.0.5.pom
2026-10-04T12:36:17.1087647Z [INFO] Downloaded from central: https://repo.maven.apache.org/maven2/org/testcontainers/testcontainers-r2dbc/2.0.5/testcontainers-r2dbc-2.0.5.pom (1.7 kB at 90 kB/s)
2026-10-04T12:36:17.1102005Z [INFO] Downloading from spring-milestones: https://repo.spring.io/milestone/org/springframework/boot/spring-boot-testcontainers/4.1.0/spring-boot-testcontainers-4.1.0.pom
2026-10-04T12:36:17.1876327Z [INFO] Downloading from central: https://repo.maven.apache.org/maven2/org/springframework/boot/spring-boot-testcontainers/4.1.0/spring-boot-testcontainers-4.1.0.pom
2026-10-04T12:36:17.2183577Z [INFO] Downloaded from central: https://repo.maven.apache.org/maven2/org/springframework/boot/spring-boot-testcontainers/4.1.0/spring-boot-testcontainers-4.1.0.pom (2.3 kB at 73 kB/s)
2026-10-04T12:36:17.2198276Z [INFO] Downloading from spring-milestones: https://repo.spring.io/milestone/org/springframework/ai/spring-ai-starter-mcp-server-webflux/2.0.0-M8/spring-ai-starter-mcp-server-webflux-2.0.0-M8.pom
2026-10-04T12:36:17.2953024Z [INFO] Downloading from central: https://repo.maven.apache.org/maven2/org/springframework/ai/spring-ai-starter-mcp-server-webflux/2.0.0-M8/spring-ai-starter-mcp-server-webflux-2.0.0-M8.pom
2026-10-04T12:36:17.3207707Z [INFO] Downloaded from central: https://repo.maven.apache.org/maven2/org/springframework/ai/spring-ai-starter-mcp-server-webflux/2.0.0-M8/spring-ai-starter-mcp-server-webflux-2.0.0-M8.pom (3.7 kB at 148 kB/s)
2026-10-04T12:36:17.3222344Z [INFO] Downloading from spring-milestones: https://repo.spring.io/milestone/org/springframework/ai/spring-ai-autoconfigure-mcp-server-webflux/2.0.0-M8/spring-ai-autoconfigure-mcp-server-webflux-2.0.0-M8.pom
2026-10-04T12:36:17.3972250Z [INFO] Downloading from central: https://repo.maven.apache.org/maven2/org/springframework/ai/spring-ai-autoconfigure-mcp-server-webflux/2.0.0-M8/spring-ai-autoconfigure-mcp-server-webflux-2.0.0-M8.pom
2026-10-04T12:36:17.4197772Z [INFO] Downloaded from central: https://repo.maven.apache.org/maven2/org/springframework/ai/spring-ai-autoconfigure-mcp-server-webflux/2.0.0-M8/spring-ai-autoconfigure-mcp-server-webflux-2.0.0-M8.pom (3.5 kB at 152 kB/s)
2026-10-04T12:36:17.4210613Z [INFO] Downloading from spring-milestones: https://repo.spring.io/milestone/org/springframework/ai/spring-ai-autoconfigure-mcp-server-common/2.0.0-M8/spring-ai-autoconfigure-mcp-server-common-2.0.0-M8.pom
2026-10-04T12:36:17.4957414Z [INFO] Downloading from central: https://repo.maven.apache.org/maven2/org/springframework/ai/spring-ai-autoconfigure-mcp-server-common/2.0.0-M8/spring-ai-autoconfigure-mcp-server-common-2.0.0-M8.pom
2026-10-04T12:36:17.5174867Z [INFO] Downloaded from central: https://repo.maven.apache.org/maven2/org/springframework/ai/spring-ai-autoconfigure-mcp-server-common/2.0.0-M8/spring-ai-autoconfigure-mcp-server-common-2.0.0-M8.pom (3.6 kB at 162 kB/s)
2026-10-04T12:36:17.5184920Z [INFO] Downloading from spring-milestones: https://repo.spring.io/milestone/org/springframework/ai/spring-ai-mcp/2.0.0-M8/spring-ai-mcp-2.0.0-M8.pom
2026-10-04T12:36:17.5948066Z [INFO] Downloading from central: https://repo.maven.apache.org/maven2/org/springframework/ai/spring-ai-mcp/2.0.0-M8/spring-ai-mcp-2.0.0-M8.pom
2026-10-04T12:36:17.6259960Z [INFO] Downloaded from central: https://repo.maven.apache.org/maven2/org/springframework/ai/spring-ai-mcp/2.0.0-M8/spring-ai-mcp-2.0.0-M8.pom (2.8 kB at 89 kB/s)
2026-10-04T12:36:17.6266345Z [INFO] Downloading from spring-milestones: https://repo.spring.io/milestone/io/modelcontextprotocol/sdk/mcp/2.0.0-M3/mcp-2.0.0-M3.pom
2026-10-04T12:36:17.7013412Z [INFO] Downloading from central: https://repo.maven.apache.org/maven2/io/modelcontextprotocol/sdk/mcp/2.0.0-M3/mcp-2.0.0-M3.pom
2026-10-04T12:36:17.7226321Z [INFO] Downloaded from central: https://repo.maven.apache.org/maven2/io/modelcontextprotocol/sdk/mcp/2.0.0-M3/mcp-2.0.0-M3.pom (1.8 kB at 85 kB/s)
2026-10-04T12:36:17.7238525Z [INFO] Downloading from spring-milestones: https://repo.spring.io/milestone/io/modelcontextprotocol/sdk/mcp-json-jackson3/2.0.0-M3/mcp-json-jackson3-2.0.0-M3.pom
2026-10-04T12:36:17.7980433Z [INFO] Downloading from central: https://repo.maven.apache.org/maven2/io/modelcontextprotocol/sdk/mcp-json-jackson3/2.0.0-M3/mcp-json-jackson3-2.0.0-M3.pom
2026-10-04T12:36:17.8217685Z [INFO] Downloaded from central: https://repo.maven.apache.org/maven2/io/modelcontextprotocol/sdk/mcp-json-jackson3/2.0.0-M3/mcp-json-jackson3-2.0.0-M3.pom (1.9 kB at 80 kB/s)
2026-10-04T12:36:17.8230308Z [INFO] Downloading from spring-milestones: https://repo.spring.io/milestone/io/modelcontextprotocol/sdk/mcp-core/2.0.0-M3/mcp-core-2.0.0-M3.pom
2026-10-04T12:36:17.8975743Z [INFO] Downloading from central: https://repo.maven.apache.org/maven2/io/modelcontextprotocol/sdk/mcp-core/2.0.0-M3/mcp-core-2.0.0-M3.pom
2026-10-04T12:36:17.9217438Z [INFO] Downloaded from central: https://repo.maven.apache.org/maven2/io/modelcontextprotocol/sdk/mcp-core/2.0.0-M3/mcp-core-2.0.0-M3.pom (2.2 kB at 90 kB/s)
2026-10-04T12:36:17.9231340Z [INFO] Downloading from spring-milestones: https://repo.spring.io/milestone/com/networknt/json-schema-validator/3.0.0/json-schema-validator-3.0.0.pom
2026-10-04T12:36:17.9989855Z [INFO] Downloading from central: https://repo.maven.apache.org/maven2/com/networknt/json-schema-validator/3.0.0/json-schema-validator-3.0.0.pom
2026-10-04T12:36:18.0370932Z [INFO] Downloaded from central: https://repo.maven.apache.org/maven2/com/networknt/json-schema-validator/3.0.0/json-schema-validator-3.0.0.pom (18 kB at 462 kB/s)
2026-10-04T12:36:18.0388827Z [INFO] Downloading from spring-milestones: https://repo.spring.io/milestone/tools/jackson/dataformat/jackson-dataformat-yaml/3.1.4/jackson-dataformat-yaml-3.1.4.pom
2026-10-04T12:36:18.1171604Z [INFO] Downloading from central: https://repo.maven.apache.org/maven2/tools/jackson/dataformat/jackson-dataformat-yaml/3.1.4/jackson-dataformat-yaml-3.1.4.pom
2026-10-04T12:36:18.1411071Z [INFO] Downloaded from central: https://repo.maven.apache.org/maven2/tools/jackson/dataformat/jackson-dataformat-yaml/3.1.4/jackson-dataformat-yaml-3.1.4.pom (2.9 kB at 120 kB/s)
2026-10-04T12:36:18.1422592Z [INFO] Downloading from spring-milestones: https://repo.spring.io/milestone/tools/jackson/dataformat/jackson-dataformats-text/3.1.4/jackson-dataformats-text-3.1.4.pom
2026-10-04T12:36:18.2189942Z [INFO] Downloading from central: https://repo.maven.apache.org/maven2/tools/jackson/dataformat/jackson-dataformats-text/3.1.4/jackson-dataformats-text-3.1.4.pom
2026-10-04T12:36:18.2468635Z [INFO] Downloaded from central: https://repo.maven.apache.org/maven2/tools/jackson/dataformat/jackson-dataformats-text/3.1.4/jackson-dataformats-text-3.1.4.pom (3.5 kB at 127 kB/s)
2026-10-04T12:36:18.2488485Z [INFO] Downloading from spring-milestones: https://repo.spring.io/milestone/org/snakeyaml/snakeyaml-engine/3.0.1/snakeyaml-engine-3.0.1.pom
2026-10-04T12:36:18.3249690Z [INFO] Downloading from central: https://repo.maven.apache.org/maven2/org/snakeyaml/snakeyaml-engine/3.0.1/snakeyaml-engine-3.0.1.pom
2026-10-04T12:36:18.3485984Z [INFO] Downloaded from central: https://repo.maven.apache.org/maven2/org/snakeyaml/snakeyaml-engine/3.0.1/snakeyaml-engine-3.0.1.pom (20 kB at 817 kB/s)
2026-10-04T12:36:18.3503806Z [INFO] Downloading from spring-milestones: https://repo.spring.io/milestone/org/springframework/ai/spring-ai-mcp-annotations/2.0.0-M8/spring-ai-mcp-annotations-2.0.0-M8.pom
2026-10-04T12:36:18.4258043Z [INFO] Downloading from central: https://repo.maven.apache.org/maven2/org/springframework/ai/spring-ai-mcp-annotations/2.0.0-M8/spring-ai-mcp-annotations-2.0.0-M8.pom
2026-10-04T12:36:18.4455820Z [INFO] Downloaded from central: https://repo.maven.apache.org/maven2/org/springframework/ai/spring-ai-mcp-annotations/2.0.0-M8/spring-ai-mcp-annotations-2.0.0-M8.pom (2.2 kB at 110 kB/s)
2026-10-04T12:36:18.4469476Z [INFO] Downloading from spring-milestones: https://repo.spring.io/milestone/org/springframework/ai/mcp-spring-webflux/2.0.0-M8/mcp-spring-webflux-2.0.0-M8.pom
2026-10-04T12:36:18.5229964Z [INFO] Downloading from central: https://repo.maven.apache.org/maven2/org/springframework/ai/mcp-spring-webflux/2.0.0-M8/mcp-spring-webflux-2.0.0-M8.pom
2026-10-04T12:36:18.5438685Z [INFO] Downloaded from central: https://repo.maven.apache.org/maven2/org/springframework/ai/mcp-spring-webflux/2.0.0-M8/mcp-spring-webflux-2.0.0-M8.pom (2.2 kB at 106 kB/s)
2026-10-04T12:36:18.5452606Z [INFO] Downloading from spring-milestones: https://repo.spring.io/milestone/net/objecthunter/exp4j/0.4.8/exp4j-0.4.8.pom
2026-10-04T12:36:18.6191530Z [INFO] Downloading from central: https://repo.maven.apache.org/maven2/net/objecthunter/exp4j/0.4.8/exp4j-0.4.8.pom
2026-10-04T12:36:18.6529700Z [INFO] Downloaded from central: https://repo.maven.apache.org/maven2/net/objecthunter/exp4j/0.4.8/exp4j-0.4.8.pom (8.9 kB at 263 kB/s)
2026-10-04T12:36:18.6624655Z [INFO] Downloading from spring-milestones: https://repo.spring.io/milestone/org/awaitility/awaitility/4.2.0/awaitility-4.2.0.pom
2026-10-04T12:36:18.7357035Z [INFO] Downloading from central: https://repo.maven.apache.org/maven2/org/awaitility/awaitility/4.2.0/awaitility-4.2.0.pom
2026-10-04T12:36:18.7696687Z [INFO] Downloaded from central: https://repo.maven.apache.org/maven2/org/awaitility/awaitility/4.2.0/awaitility-4.2.0.pom (3.5 kB at 104 kB/s)
2026-10-04T12:36:18.7705499Z [INFO] Downloading from spring-milestones: https://repo.spring.io/milestone/org/awaitility/awaitility-parent/4.2.0/awaitility-parent-4.2.0.pom
2026-10-04T12:36:18.8448191Z [INFO] Downloading from central: https://repo.maven.apache.org/maven2/org/awaitility/awaitility-parent/4.2.0/awaitility-parent-4.2.0.pom
2026-10-04T12:36:18.8743111Z [INFO] Downloaded from central: https://repo.maven.apache.org/maven2/org/awaitility/awaitility-parent/4.2.0/awaitility-parent-4.2.0.pom (10 kB at 342 kB/s)
2026-10-04T12:36:18.9303219Z [INFO] Downloading from spring-milestones: https://repo.spring.io/milestone/org/springframework/boot/spring-boot-starter-webflux/4.1.0/spring-boot-starter-webflux-4.1.0.jar
2026-10-04T12:36:19.0059899Z [INFO] Downloading from spring-milestones: https://repo.spring.io/milestone/org/springframework/boot/spring-boot-starter/4.1.0/spring-boot-starter-4.1.0.jar
2026-10-04T12:36:19.0061697Z [INFO] Downloading from spring-milestones: https://repo.spring.io/milestone/org/springframework/boot/spring-boot-starter-logging/4.1.0/spring-boot-starter-logging-4.1.0.jar
2026-10-04T12:36:19.0063041Z [INFO] Downloading from spring-milestones: https://repo.spring.io/milestone/ch/qos/logback/logback-classic/1.5.34/logback-classic-1.5.34.jar
2026-10-04T12:36:19.0068393Z [INFO] Downloading from spring-milestones: https://repo.spring.io/milestone/ch/qos/logback/logback-core/1.5.34/logback-core-1.5.34.jar
2026-10-04T12:36:19.0111727Z [INFO] Downloading from spring-milestones: https://repo.spring.io/milestone/org/apache/logging/log4j/log4j-to-slf4j/2.25.4/log4j-to-slf4j-2.25.4.jar
2026-10-04T12:36:19.0801356Z [INFO] Downloading from spring-milestones: https://repo.spring.io/milestone/org/apache/logging/log4j/log4j-api/2.25.4/log4j-api-2.25.4.jar
2026-10-04T12:36:19.1537737Z [INFO] Downloading from spring-milestones: https://repo.spring.io/milestone/org/slf4j/jul-to-slf4j/2.0.18/jul-to-slf4j-2.0.18.jar
2026-10-04T12:36:19.2272331Z [INFO] Downloading from spring-milestones: https://repo.spring.io/milestone/jakarta/annotation/jakarta.annotation-api/3.0.0/jakarta.annotation-api-3.0.0.jar
2026-10-04T12:36:19.3008185Z [INFO] Downloading from spring-milestones: https://repo.spring.io/milestone/org/yaml/snakeyaml/2.6/snakeyaml-2.6.jar
2026-10-04T12:36:19.3190831Z [INFO] Downloading from spring-milestones: https://repo.spring.io/milestone/org/springframework/boot/spring-boot-starter-jackson/4.1.0/spring-boot-starter-jackson-4.1.0.jar
2026-10-04T12:36:19.3191869Z [INFO] Downloading from spring-milestones: https://repo.spring.io/milestone/org/springframework/boot/spring-boot-jackson/4.1.0/spring-boot-jackson-4.1.0.jar
2026-10-04T12:36:19.3351449Z [INFO] Downloading from spring-milestones: https://repo.spring.io/milestone/org/springframework/boot/spring-boot-starter-reactor-netty/4.1.0/spring-boot-starter-reactor-netty-4.1.0.jar
2026-10-04T12:36:19.3356204Z [INFO] Downloading from spring-milestones: https://repo.spring.io/milestone/org/springframework/boot/spring-boot-reactor-netty/4.1.0/spring-boot-reactor-netty-4.1.0.jar
2026-10-04T12:36:19.3760274Z [INFO] Downloading from spring-milestones: https://repo.spring.io/milestone/org/springframework/boot/spring-boot-reactor/4.1.0/spring-boot-reactor-4.1.0.jar
2026-10-04T12:36:19.3886474Z [INFO] Downloading from spring-milestones: https://repo.spring.io/milestone/org/springframework/boot/spring-boot-webflux/4.1.0/spring-boot-webflux-4.1.0.jar
2026-10-04T12:36:19.3899271Z [INFO] Downloading from spring-milestones: https://repo.spring.io/milestone/org/springframework/boot/spring-boot-http-codec/4.1.0/spring-boot-http-codec-4.1.0.jar
2026-10-04T12:36:19.4089318Z [INFO] Downloading from spring-milestones: https://repo.spring.io/milestone/org/springframework/spring-webflux/7.0.8/spring-webflux-7.0.8.jar
2026-10-04T12:36:19.4102774Z [INFO] Downloading from spring-milestones: https://repo.spring.io/milestone/org/springframework/boot/spring-boot-web-server/4.1.0/spring-boot-web-server-4.1.0.jar
2026-10-04T12:36:19.4506718Z [INFO] Downloading from spring-milestones: https://repo.spring.io/milestone/org/springframework/boot/spring-boot-starter-oauth2-resource-server/4.1.0/spring-boot-starter-oauth2-resource-server-4.1.0.jar
2026-10-04T12:36:19.4591073Z [INFO] Downloading from spring-milestones: https://repo.spring.io/milestone/org/springframework/boot/spring-boot-starter-security/4.1.0/spring-boot-starter-security-4.1.0.jar
2026-10-04T12:36:19.4609199Z [INFO] Downloading from spring-milestones: https://repo.spring.io/milestone/org/springframework/boot/spring-boot-security/4.1.0/spring-boot-security-4.1.0.jar
2026-10-04T12:36:19.4827177Z [INFO] Downloading from spring-milestones: https://repo.spring.io/milestone/org/springframework/security/spring-security-config/7.1.0/spring-security-config-7.1.0.jar
2026-10-04T12:36:19.4841850Z [INFO] Downloading from spring-milestones: https://repo.spring.io/milestone/org/springframework/spring-aop/7.0.8/spring-aop-7.0.8.jar
2026-10-04T12:36:19.5262933Z [INFO] Downloading from spring-milestones: https://repo.spring.io/milestone/org/springframework/boot/spring-boot-security-oauth2-resource-server/4.1.0/spring-boot-security-oauth2-resource-server-4.1.0.jar
2026-10-04T12:36:19.5290428Z [INFO] Downloading from spring-milestones: https://repo.spring.io/milestone/org/springframework/security/spring-security-oauth2-jose/7.1.0/spring-security-oauth2-jose-7.1.0.jar
2026-10-04T12:36:19.5311845Z [INFO] Downloading from spring-milestones: https://repo.spring.io/milestone/org/springframework/security/spring-security-oauth2-core/7.1.0/spring-security-oauth2-core-7.1.0.jar
2026-10-04T12:36:19.5569028Z [INFO] Downloading from spring-milestones: https://repo.spring.io/milestone/com/nimbusds/nimbus-jose-jwt/10.9/nimbus-jose-jwt-10.9.jar
2026-10-04T12:36:19.5574628Z [INFO] Downloading from spring-milestones: https://repo.spring.io/milestone/org/springframework/security/spring-security-oauth2-resource-server/7.1.0/spring-security-oauth2-resource-server-7.1.0.jar
2026-10-04T12:36:19.5990430Z [INFO] Downloading from spring-milestones: https://repo.spring.io/milestone/org/springframework/boot/spring-boot-starter-validation/4.1.0/spring-boot-starter-validation-4.1.0.jar
2026-10-04T12:36:19.5991969Z [INFO] Downloading from spring-milestones: https://repo.spring.io/milestone/org/springframework/boot/spring-boot-validation/4.1.0/spring-boot-validation-4.1.0.jar
2026-10-04T12:36:19.6000933Z [INFO] Downloading from spring-milestones: https://repo.spring.io/milestone/org/apache/tomcat/embed/tomcat-embed-el/11.0.22/tomcat-embed-el-11.0.22.jar
2026-10-04T12:36:19.6331703Z [INFO] Downloading from spring-milestones: https://repo.spring.io/milestone/org/hibernate/validator/hibernate-validator/9.1.0.Final/hibernate-validator-9.1.0.Final.jar
2026-10-04T12:36:19.6336235Z [INFO] Downloading from spring-milestones: https://repo.spring.io/milestone/jakarta/validation/jakarta.validation-api/3.1.1/jakarta.validation-api-3.1.1.jar
2026-10-04T12:36:19.6707881Z [INFO] Downloading from spring-milestones: https://repo.spring.io/milestone/org/jboss/logging/jboss-logging/3.6.3.Final/jboss-logging-3.6.3.Final.jar
2026-10-04T12:36:19.6722829Z [INFO] Downloading from spring-milestones: https://repo.spring.io/milestone/com/fasterxml/classmate/1.7.3/classmate-1.7.3.jar
2026-10-04T12:36:19.6726009Z [INFO] Downloading from spring-milestones: https://repo.spring.io/milestone/org/springframework/boot/spring-boot-starter-actuator/4.1.0/spring-boot-starter-actuator-4.1.0.jar
2026-10-04T12:36:19.7083446Z [INFO] Downloading from spring-milestones: https://repo.spring.io/milestone/org/springframework/boot/spring-boot-starter-micrometer-metrics/4.1.0/spring-boot-starter-micrometer-metrics-4.1.0.jar
2026-10-04T12:36:19.7088012Z [INFO] Downloading from spring-milestones: https://repo.spring.io/milestone/org/springframework/boot/spring-boot-micrometer-metrics/4.1.0/spring-boot-micrometer-metrics-4.1.0.jar
2026-10-04T12:36:19.7414930Z [INFO] Downloading from spring-milestones: https://repo.spring.io/milestone/org/springframework/boot/spring-boot-micrometer-observation/4.1.0/spring-boot-micrometer-observation-4.1.0.jar
2026-10-04T12:36:19.7427370Z [INFO] Downloading from spring-milestones: https://repo.spring.io/milestone/org/springframework/boot/spring-boot-actuator-autoconfigure/4.1.0/spring-boot-actuator-autoconfigure-4.1.0.jar
2026-10-04T12:36:19.7451186Z [INFO] Downloading from spring-milestones: https://repo.spring.io/milestone/org/springframework/boot/spring-boot-actuator/4.1.0/spring-boot-actuator-4.1.0.jar
2026-10-04T12:36:19.7833423Z [INFO] Downloading from spring-milestones: https://repo.spring.io/milestone/org/springframework/boot/spring-boot-health/4.1.0/spring-boot-health-4.1.0.jar
2026-10-04T12:36:19.7840945Z [INFO] Downloading from spring-milestones: https://repo.spring.io/milestone/io/micrometer/micrometer-observation/1.17.0/micrometer-observation-1.17.0.jar
2026-10-04T12:36:19.8110029Z [INFO] Downloading from spring-milestones: https://repo.spring.io/milestone/io/micrometer/micrometer-commons/1.17.0/micrometer-commons-1.17.0.jar
2026-10-04T12:36:19.8129262Z [INFO] Downloading from spring-milestones: https://repo.spring.io/milestone/io/micrometer/micrometer-jakarta9/1.17.0/micrometer-jakarta9-1.17.0.jar
2026-10-04T12:36:19.8188929Z [INFO] Downloading from spring-milestones: https://repo.spring.io/milestone/org/springframework/boot/spring-boot-configuration-processor/4.1.0/spring-boot-configuration-processor-4.1.0.jar
2026-10-04T12:36:19.8575906Z [INFO] Downloading from spring-milestones: https://repo.spring.io/milestone/org/springframework/boot/spring-boot-devtools/4.1.0/spring-boot-devtools-4.1.0.jar
2026-10-04T12:36:19.8585336Z [INFO] Downloading from spring-milestones: https://repo.spring.io/milestone/org/springframework/boot/spring-boot/4.1.0/spring-boot-4.1.0.jar
2026-10-04T12:36:19.8815363Z [INFO] Downloading from spring-milestones: https://repo.spring.io/milestone/org/springframework/spring-context/7.0.8/spring-context-7.0.8.jar
2026-10-04T12:36:19.8826878Z [INFO] Downloading from spring-milestones: https://repo.spring.io/milestone/org/springframework/boot/spring-boot-autoconfigure/4.1.0/spring-boot-autoconfigure-4.1.0.jar
2026-10-04T12:36:19.9070477Z [INFO] Downloading from spring-milestones: https://repo.spring.io/milestone/org/springframework/boot/spring-boot-starter-data-r2dbc/4.1.0/spring-boot-starter-data-r2dbc-4.1.0.jar
2026-10-04T12:36:19.9329157Z [INFO] Downloading from spring-milestones: https://repo.spring.io/milestone/org/springframework/boot/spring-boot-data-r2dbc/4.1.0/spring-boot-data-r2dbc-4.1.0.jar
2026-10-04T12:36:19.9344861Z [INFO] Downloading from spring-milestones: https://repo.spring.io/milestone/org/springframework/boot/spring-boot-data-commons/4.1.0/spring-boot-data-commons-4.1.0.jar
2026-10-04T12:36:19.9511687Z [INFO] Downloading from spring-milestones: https://repo.spring.io/milestone/org/springframework/boot/spring-boot-persistence/4.1.0/spring-boot-persistence-4.1.0.jar
2026-10-04T12:36:19.9514554Z [INFO] Downloading from spring-milestones: https://repo.spring.io/milestone/org/springframework/data/spring-data-commons/4.1.0/spring-data-commons-4.1.0.jar
2026-10-04T12:36:19.9804159Z [INFO] Downloading from spring-milestones: https://repo.spring.io/milestone/io/r2dbc/r2dbc-pool/1.0.2.RELEASE/r2dbc-pool-1.0.2.RELEASE.jar
2026-10-04T12:36:20.0070398Z [INFO] Downloading from spring-milestones: https://repo.spring.io/milestone/io/projectreactor/addons/reactor-pool/1.2.6/reactor-pool-1.2.6.jar
2026-10-04T12:36:20.0090955Z [INFO] Downloading from spring-milestones: https://repo.spring.io/milestone/org/springframework/data/spring-data-r2dbc/4.1.0/spring-data-r2dbc-4.1.0.jar
2026-10-04T12:36:20.0204403Z [INFO] Downloading from spring-milestones: https://repo.spring.io/milestone/org/springframework/data/spring-data-relational/4.1.0/spring-data-relational-4.1.0.jar
2026-10-04T12:36:20.0208552Z [INFO] Downloading from spring-milestones: https://repo.spring.io/milestone/org/springframework/spring-tx/7.0.8/spring-tx-7.0.8.jar
2026-10-04T12:36:20.0534266Z [INFO] Downloading from spring-milestones: https://repo.spring.io/milestone/org/springframework/boot/spring-boot-r2dbc/4.1.0/spring-boot-r2dbc-4.1.0.jar
2026-10-04T12:36:20.0825487Z [INFO] Downloading from spring-milestones: https://repo.spring.io/milestone/org/springframework/boot/spring-boot-sql/4.1.0/spring-boot-sql-4.1.0.jar
2026-10-04T12:36:20.0827648Z [INFO] Downloading from spring-milestones: https://repo.spring.io/milestone/org/springframework/boot/spring-boot-transaction/4.1.0/spring-boot-transaction-4.1.0.jar
2026-10-04T12:36:20.0896903Z [INFO] Downloading from spring-milestones: https://repo.spring.io/milestone/org/springframework/spring-r2dbc/7.0.8/spring-r2dbc-7.0.8.jar
2026-10-04T12:36:20.0921554Z [INFO] Downloading from spring-milestones: https://repo.spring.io/milestone/org/springframework/boot/spring-boot-starter-jdbc/4.1.0/spring-boot-starter-jdbc-4.1.0.jar
2026-10-04T12:36:20.1268815Z [INFO] Downloading from spring-milestones: https://repo.spring.io/milestone/org/springframework/boot/spring-boot-jdbc/4.1.0/spring-boot-jdbc-4.1.0.jar
2026-10-04T12:36:20.1561236Z [INFO] Downloading from spring-milestones: https://repo.spring.io/milestone/org/springframework/spring-jdbc/7.0.8/spring-jdbc-7.0.8.jar
2026-10-04T12:36:20.1580443Z [INFO] Downloading from spring-milestones: https://repo.spring.io/milestone/com/zaxxer/HikariCP/7.0.2/HikariCP-7.0.2.jar
2026-10-04T12:36:20.1598277Z [INFO] Downloading from spring-milestones: https://repo.spring.io/milestone/org/slf4j/slf4j-api/2.0.18/slf4j-api-2.0.18.jar
2026-10-04T12:36:20.1621142Z [INFO] Downloading from spring-milestones: https://repo.spring.io/milestone/org/postgresql/r2dbc-postgresql/1.1.1.RELEASE/r2dbc-postgresql-1.1.1.RELEASE.jar
2026-10-04T12:36:20.2019734Z [INFO] Downloading from spring-milestones: https://repo.spring.io/milestone/io/r2dbc/r2dbc-spi/1.0.0.RELEASE/r2dbc-spi-1.0.0.RELEASE.jar
2026-10-04T12:36:20.2301697Z [INFO] Downloading from spring-milestones: https://repo.spring.io/milestone/org/reactivestreams/reactive-streams/1.0.4/reactive-streams-1.0.4.jar
2026-10-04T12:36:20.2302577Z [INFO] Downloading from spring-milestones: https://repo.spring.io/milestone/com/ongres/scram/scram-client/3.2/scram-client-3.2.jar
2026-10-04T12:36:20.2319657Z [INFO] Downloading from spring-milestones: https://repo.spring.io/milestone/com/ongres/stringprep/saslprep/2.2/saslprep-2.2.jar
2026-10-04T12:36:20.2322619Z [INFO] Downloading from spring-milestones: https://repo.spring.io/milestone/com/ongres/stringprep/stringprep/2.2/stringprep-2.2.jar
2026-10-04T12:36:20.2750526Z [INFO] Downloading from spring-milestones: https://repo.spring.io/milestone/com/ongres/scram/scram-common/3.2/scram-common-3.2.jar
2026-10-04T12:36:20.2998708Z [INFO] Downloading from spring-milestones: https://repo.spring.io/milestone/io/projectreactor/reactor-core/3.8.6/reactor-core-3.8.6.jar
2026-10-04T12:36:20.3037087Z [INFO] Downloading from spring-milestones: https://repo.spring.io/milestone/io/projectreactor/netty/reactor-netty-core/1.3.6/reactor-netty-core-1.3.6.jar
2026-10-04T12:36:20.3060595Z [INFO] Downloading from spring-milestones: https://repo.spring.io/milestone/io/netty/netty-handler/4.2.15.Final/netty-handler-4.2.15.Final.jar
2026-10-04T12:36:20.3062609Z [INFO] Downloading from spring-milestones: https://repo.spring.io/milestone/io/netty/netty-resolver/4.2.15.Final/netty-resolver-4.2.15.Final.jar
2026-10-04T12:36:20.3483197Z [INFO] Downloading from spring-milestones: https://repo.spring.io/milestone/io/netty/netty-buffer/4.2.15.Final/netty-buffer-4.2.15.Final.jar
2026-10-04T12:36:20.3715700Z [INFO] Downloading from spring-milestones: https://repo.spring.io/milestone/io/netty/netty-transport/4.2.15.Final/netty-transport-4.2.15.Final.jar
2026-10-04T12:36:20.3777992Z [INFO] Downloading from spring-milestones: https://repo.spring.io/milestone/io/netty/netty-codec-base/4.2.15.Final/netty-codec-base-4.2.15.Final.jar
2026-10-04T12:36:20.3804436Z [INFO] Downloading from spring-milestones: https://repo.spring.io/milestone/io/netty/netty-handler-proxy/4.2.15.Final/netty-handler-proxy-4.2.15.Final.jar
2026-10-04T12:36:20.3806490Z [INFO] Downloading from spring-milestones: https://repo.spring.io/milestone/io/netty/netty-codec-socks/4.2.15.Final/netty-codec-socks-4.2.15.Final.jar
2026-10-04T12:36:20.4342227Z [INFO] Downloading from spring-milestones: https://repo.spring.io/milestone/io/netty/netty-codec-http/4.2.15.Final/netty-codec-http-4.2.15.Final.jar
2026-10-04T12:36:20.4420261Z [INFO] Downloading from spring-milestones: https://repo.spring.io/milestone/io/netty/netty-codec-compression/4.2.15.Final/netty-codec-compression-4.2.15.Final.jar
2026-10-04T12:36:20.4475495Z [INFO] Downloading from spring-milestones: https://repo.spring.io/milestone/io/netty/netty-resolver-dns/4.2.15.Final/netty-resolver-dns-4.2.15.Final.jar
2026-10-04T12:36:20.4585203Z [INFO] Downloading from spring-milestones: https://repo.spring.io/milestone/io/netty/netty-codec-dns/4.2.15.Final/netty-codec-dns-4.2.15.Final.jar
2026-10-04T12:36:20.4589239Z [INFO] Downloading from spring-milestones: https://repo.spring.io/milestone/io/netty/netty-resolver-dns-native-macos/4.2.15.Final/netty-resolver-dns-native-macos-4.2.15.Final-osx-x86_64.jar
2026-10-04T12:36:20.5076998Z [INFO] Downloading from spring-milestones: https://repo.spring.io/milestone/io/netty/netty-transport-native-epoll/4.2.15.Final/netty-transport-native-epoll-4.2.15.Final-linux-x86_64.jar
2026-10-04T12:36:20.5135737Z [INFO] Downloading from spring-milestones: https://repo.spring.io/milestone/io/netty/netty-transport-classes-epoll/4.2.15.Final/netty-transport-classes-epoll-4.2.15.Final.jar
2026-10-04T12:36:20.5181789Z [INFO] Downloading from spring-milestones: https://repo.spring.io/milestone/org/postgresql/postgresql/42.7.11/postgresql-42.7.11.jar
2026-10-04T12:36:20.5329278Z [INFO] Downloading from spring-milestones: https://repo.spring.io/milestone/org/flywaydb/flyway-core/13.1.0/flyway-core-13.1.0.jar
2026-10-04T12:36:20.5395371Z [INFO] Downloading from spring-milestones: https://repo.spring.io/milestone/tools/jackson/core/jackson-databind/3.1.4/jackson-databind-3.1.4.jar
2026-10-04T12:36:20.5832105Z [INFO] Downloading from spring-milestones: https://repo.spring.io/milestone/com/fasterxml/jackson/core/jackson-annotations/2.21/jackson-annotations-2.21.jar
2026-10-04T12:36:20.5841325Z [INFO] Downloading from spring-milestones: https://repo.spring.io/milestone/tools/jackson/core/jackson-core/3.1.4/jackson-core-3.1.4.jar
2026-10-04T12:36:20.5889459Z [INFO] Downloading from spring-milestones: https://repo.spring.io/milestone/org/flywaydb/flyway-database-postgresql/13.1.0/flyway-database-postgresql-13.1.0.jar
2026-10-04T12:36:20.6069260Z [INFO] Downloading from spring-milestones: https://repo.spring.io/milestone/org/springframework/boot/spring-boot-starter-data-redis-reactive/4.1.0/spring-boot-starter-data-redis-reactive-4.1.0.jar
2026-10-04T12:36:20.6126918Z [INFO] Downloading from spring-milestones: https://repo.spring.io/milestone/org/springframework/boot/spring-boot-data-redis/4.1.0/spring-boot-data-redis-4.1.0.jar
2026-10-04T12:36:20.6566077Z [INFO] Downloading from spring-milestones: https://repo.spring.io/milestone/io/lettuce/lettuce-core/7.5.2.RELEASE/lettuce-core-7.5.2.RELEASE.jar
2026-10-04T12:36:20.6605452Z [INFO] Downloading from spring-milestones: https://repo.spring.io/milestone/redis/clients/authentication/redis-authx-core/0.1.1-beta2/redis-authx-core-0.1.1-beta2.jar
2026-10-04T12:36:20.6657500Z [INFO] Downloading from spring-milestones: https://repo.spring.io/milestone/org/springframework/data/spring-data-redis/4.1.0/spring-data-redis-4.1.0.jar
2026-10-04T12:36:20.6856210Z [INFO] Downloading from spring-milestones: https://repo.spring.io/milestone/org/springframework/data/spring-data-keyvalue/4.1.0/spring-data-keyvalue-4.1.0.jar
2026-10-04T12:36:20.6887335Z [INFO] Downloading from spring-milestones: https://repo.spring.io/milestone/org/springframework/spring-oxm/7.0.8/spring-oxm-7.0.8.jar
2026-10-04T12:36:20.7261538Z [INFO] Downloading from spring-milestones: https://repo.spring.io/milestone/org/springframework/boot/spring-boot-netty/4.1.0/spring-boot-netty-4.1.0.jar
2026-10-04T12:36:20.7338733Z [INFO] Downloading from spring-milestones: https://repo.spring.io/milestone/io/netty/netty-resolver-dns-native-macos/4.2.15.Final/netty-resolver-dns-native-macos-4.2.15.Final.jar
2026-10-04T12:36:20.7368804Z [INFO] Downloading from spring-milestones: https://repo.spring.io/milestone/io/netty/netty-resolver-dns-classes-macos/4.2.15.Final/netty-resolver-dns-classes-macos-4.2.15.Final.jar
2026-10-04T12:36:20.7607446Z [INFO] Downloading from spring-milestones: https://repo.spring.io/milestone/io/netty/netty-common/4.2.15.Final/netty-common-4.2.15.Final.jar
2026-10-04T12:36:20.7633891Z [INFO] Downloading from spring-milestones: https://repo.spring.io/milestone/io/netty/netty-transport-native-unix-common/4.2.15.Final/netty-transport-native-unix-common-4.2.15.Final.jar
2026-10-04T12:36:20.7960946Z [INFO] Downloading from spring-milestones: https://repo.spring.io/milestone/org/springframework/ai/spring-ai-starter-model-ollama/2.0.0-M8/spring-ai-starter-model-ollama-2.0.0-M8.jar
2026-10-04T12:36:20.8064915Z [INFO] Downloading from spring-milestones: https://repo.spring.io/milestone/org/springframework/boot/spring-boot-starter-webclient/4.1.0/spring-boot-starter-webclient-4.1.0.jar
2026-10-04T12:36:20.8069156Z [INFO] Downloading from spring-milestones: https://repo.spring.io/milestone/org/springframework/boot/spring-boot-webclient/4.1.0/spring-boot-webclient-4.1.0.jar
2026-10-04T12:36:20.8345600Z [INFO] Downloading from spring-milestones: https://repo.spring.io/milestone/org/springframework/boot/spring-boot-http-client/4.1.0/spring-boot-http-client-4.1.0.jar
2026-10-04T12:36:20.8365852Z [INFO] Downloading from spring-milestones: https://repo.spring.io/milestone/io/projectreactor/netty/reactor-netty-http/1.3.6/reactor-netty-http-1.3.6.jar
2026-10-04T12:36:20.8667553Z [INFO] Downloading from spring-milestones: https://repo.spring.io/milestone/io/netty/netty-codec-http2/4.2.15.Final/netty-codec-http2-4.2.15.Final.jar
2026-10-04T12:36:20.8775590Z [INFO] Downloading from spring-milestones: https://repo.spring.io/milestone/io/netty/netty-codec-http3/4.2.15.Final/netty-codec-http3-4.2.15.Final.jar
2026-10-04T12:36:20.8808794Z [INFO] Downloading from spring-milestones: https://repo.spring.io/milestone/io/netty/netty-codec-classes-quic/4.2.15.Final/netty-codec-classes-quic-4.2.15.Final.jar
2026-10-04T12:36:20.9084790Z [INFO] Downloading from spring-milestones: https://repo.spring.io/milestone/io/netty/netty-codec-native-quic/4.2.15.Final/netty-codec-native-quic-4.2.15.Final-linux-x86_64.jar
2026-10-04T12:36:20.9101187Z [INFO] Downloading from spring-milestones: https://repo.spring.io/milestone/io/netty/netty-codec-native-quic/4.2.15.Final/netty-codec-native-quic-4.2.15.Final-linux-aarch_64.jar
2026-10-04T12:36:20.9367166Z [INFO] Downloading from spring-milestones: https://repo.spring.io/milestone/io/netty/netty-codec-native-quic/4.2.15.Final/netty-codec-native-quic-4.2.15.Final-osx-x86_64.jar
2026-10-04T12:36:20.9466465Z [INFO] Downloading from spring-milestones: https://repo.spring.io/milestone/io/netty/netty-codec-native-quic/4.2.15.Final/netty-codec-native-quic-4.2.15.Final-osx-aarch_64.jar
2026-10-04T12:36:20.9589266Z [INFO] Downloading from spring-milestones: https://repo.spring.io/milestone/io/netty/netty-codec-native-quic/4.2.15.Final/netty-codec-native-quic-4.2.15.Final-windows-x86_64.jar
2026-10-04T12:36:20.9860636Z [INFO] Downloading from spring-milestones: https://repo.spring.io/milestone/org/springframework/boot/spring-boot-starter-restclient/4.1.0/spring-boot-starter-restclient-4.1.0.jar
2026-10-04T12:36:20.9934970Z [INFO] Downloading from spring-milestones: https://repo.spring.io/milestone/org/springframework/boot/spring-boot-restclient/4.1.0/spring-boot-restclient-4.1.0.jar
2026-10-04T12:36:21.0088812Z [INFO] Downloading from spring-milestones: https://repo.spring.io/milestone/org/springframework/boot/spring-boot-http-converter/4.1.0/spring-boot-http-converter-4.1.0.jar
2026-10-04T12:36:21.0174752Z [INFO] Downloading from spring-milestones: https://repo.spring.io/milestone/org/springframework/ai/spring-ai-autoconfigure-model-ollama/2.0.0-M8/spring-ai-autoconfigure-model-ollama-2.0.0-M8.jar
2026-10-04T12:36:21.0813756Z [INFO] Downloading from spring-milestones: https://repo.spring.io/milestone/org/springframework/ai/spring-ai-autoconfigure-retry/2.0.0-M8/spring-ai-autoconfigure-retry-2.0.0-M8.jar
2026-10-04T12:36:21.0922732Z [INFO] Downloading from spring-milestones: https://repo.spring.io/milestone/org/springframework/ai/spring-ai-autoconfigure-model-tool/2.0.0-M8/spring-ai-autoconfigure-model-tool-2.0.0-M8.jar
2026-10-04T12:36:21.0923513Z [INFO] Downloading from spring-milestones: https://repo.spring.io/milestone/org/springframework/ai/spring-ai-autoconfigure-model-chat-observation/2.0.0-M8/spring-ai-autoconfigure-model-chat-observation-2.0.0-M8.jar
2026-10-04T12:36:21.0924360Z [INFO] Downloading from spring-milestones: https://repo.spring.io/milestone/org/springframework/ai/spring-ai-autoconfigure-model-embedding-observation/2.0.0-M8/spring-ai-autoconfigure-model-embedding-observation-2.0.0-M8.jar
2026-10-04T12:36:21.1049322Z [INFO] Downloading from spring-milestones: https://repo.spring.io/milestone/org/springframework/ai/spring-ai-ollama/2.0.0-M8/spring-ai-ollama-2.0.0-M8.jar
2026-10-04T12:36:21.1665906Z [INFO] Downloading from spring-milestones: https://repo.spring.io/milestone/org/springframework/ai/spring-ai-model/2.0.0-M8/spring-ai-model-2.0.0-M8.jar
2026-10-04T12:36:21.1671347Z [INFO] Downloading from spring-milestones: https://repo.spring.io/milestone/org/springframework/ai/spring-ai-commons/2.0.0-M8/spring-ai-commons-2.0.0-M8.jar
2026-10-04T12:36:21.1712732Z [INFO] Downloading from spring-milestones: https://repo.spring.io/milestone/io/micrometer/context-propagation/1.2.1/context-propagation-1.2.1.jar
2026-10-04T12:36:21.1718739Z [INFO] Downloading from spring-milestones: https://repo.spring.io/milestone/org/springframework/ai/spring-ai-template-st/2.0.0-M8/spring-ai-template-st-2.0.0-M8.jar
2026-10-04T12:36:21.1752020Z [INFO] Downloading from spring-milestones: https://repo.spring.io/milestone/org/antlr/antlr4-runtime/4.13.1/antlr4-runtime-4.13.1.jar
2026-10-04T12:36:21.2454581Z [INFO] Downloading from spring-milestones: https://repo.spring.io/milestone/org/springframework/ai/spring-ai-retry/2.0.0-M8/spring-ai-retry-2.0.0-M8.jar
2026-10-04T12:36:21.2535701Z [INFO] Downloading from spring-milestones: https://repo.spring.io/milestone/org/springframework/ai/spring-ai-client-chat/2.0.0-M8/spring-ai-client-chat-2.0.0-M8.jar
2026-10-04T12:36:21.2578105Z [INFO] Downloading from spring-milestones: https://repo.spring.io/milestone/com/networknt/json-schema-validator/3.0.1/json-schema-validator-3.0.1.jar
2026-10-04T12:36:21.2590148Z [INFO] Downloading from spring-milestones: https://repo.spring.io/milestone/com/ethlo/time/itu/1.14.0/itu-1.14.0.jar
2026-10-04T12:36:21.2595576Z [INFO] Downloading from spring-milestones: https://repo.spring.io/milestone/io/swagger/core/v3/swagger-annotations-jakarta/2.2.38/swagger-annotations-jakarta-2.2.38.jar
2026-10-04T12:36:21.3162409Z [INFO] Downloading from spring-milestones: https://repo.spring.io/milestone/com/github/victools/jsonschema-module-swagger-2/5.0.0/jsonschema-module-swagger-2-5.0.0.jar
2026-10-04T12:36:21.3274018Z [INFO] Downloading from spring-milestones: https://repo.spring.io/milestone/com/knuddels/jtokkit/1.1.0/jtokkit-1.1.0.jar
2026-10-04T12:36:21.3303279Z [INFO] Downloading from spring-milestones: https://repo.spring.io/milestone/com/github/victools/jsonschema-generator/5.0.0/jsonschema-generator-5.0.0.jar
2026-10-04T12:36:21.3309273Z [INFO] Downloading from spring-milestones: https://repo.spring.io/milestone/org/springframework/ai/spring-ai-autoconfigure-model-chat-client/2.0.0-M8/spring-ai-autoconfigure-model-chat-client-2.0.0-M8.jar
2026-10-04T12:36:21.3318175Z [INFO] Downloading from spring-milestones: https://repo.spring.io/milestone/org/springframework/ai/spring-ai-autoconfigure-model-chat-memory/2.0.0-M8/spring-ai-autoconfigure-model-chat-memory-2.0.0-M8.jar
2026-10-04T12:36:21.3868306Z [INFO] Downloading from spring-milestones: https://repo.spring.io/milestone/org/springframework/ai/spring-ai-starter-model-google-genai/2.0.0-M8/spring-ai-starter-model-google-genai-2.0.0-M8.jar
2026-10-04T12:36:21.3999304Z [INFO] Downloading from spring-milestones: https://repo.spring.io/milestone/org/springframework/ai/spring-ai-autoconfigure-model-google-genai/2.0.0-M8/spring-ai-autoconfigure-model-google-genai-2.0.0-M8.jar
2026-10-04T12:36:21.4013309Z [INFO] Downloading from spring-milestones: https://repo.spring.io/milestone/org/springframework/ai/spring-ai-google-genai/2.0.0-M8/spring-ai-google-genai-2.0.0-M8.jar
2026-10-04T12:36:21.4049220Z [INFO] Downloading from spring-milestones: https://repo.spring.io/milestone/com/google/genai/google-genai/1.54.0/google-genai-1.54.0.jar
2026-10-04T12:36:21.4054374Z [INFO] Downloading from spring-milestones: https://repo.spring.io/milestone/com/google/auth/google-auth-library-oauth2-http/1.33.0/google-auth-library-oauth2-http-1.33.0.jar
2026-10-04T12:36:21.4564710Z [INFO] Downloading from spring-milestones: https://repo.spring.io/milestone/com/google/auto/value/auto-value-annotations/1.11.0/auto-value-annotations-1.11.0.jar
2026-10-04T12:36:21.4696487Z [INFO] Downloading from spring-milestones: https://repo.spring.io/milestone/com/google/code/findbugs/jsr305/3.0.2/jsr305-3.0.2.jar
2026-10-04T12:36:21.4747049Z [INFO] Downloading from spring-milestones: https://repo.spring.io/milestone/com/google/auth/google-auth-library-credentials/1.33.0/google-auth-library-credentials-1.33.0.jar
2026-10-04T12:36:21.4773908Z [INFO] Downloading from spring-milestones: https://repo.spring.io/milestone/com/google/http-client/google-http-client/1.46.2/google-http-client-1.46.2.jar
2026-10-04T12:36:21.4793166Z [INFO] Downloading from spring-milestones: https://repo.spring.io/milestone/org/apache/httpcomponents/httpclient/4.5.14/httpclient-4.5.14.jar
2026-10-04T12:36:21.5259377Z [INFO] Downloading from spring-milestones: https://repo.spring.io/milestone/org/apache/httpcomponents/httpcore/4.4.16/httpcore-4.4.16.jar
2026-10-04T12:36:21.5386526Z [INFO] Downloading from spring-milestones: https://repo.spring.io/milestone/io/grpc/grpc-context/1.80.0/grpc-context-1.80.0.jar
2026-10-04T12:36:21.5479992Z [INFO] Downloading from spring-milestones: https://repo.spring.io/milestone/io/grpc/grpc-api/1.80.0/grpc-api-1.80.0.jar
2026-10-04T12:36:21.5492298Z [INFO] Downloading from spring-milestones: https://repo.spring.io/milestone/io/opencensus/opencensus-api/0.31.1/opencensus-api-0.31.1.jar
2026-10-04T12:36:21.5528889Z [INFO] Downloading from spring-milestones: https://repo.spring.io/milestone/io/opencensus/opencensus-contrib-http-util/0.31.1/opencensus-contrib-http-util-0.31.1.jar
2026-10-04T12:36:21.5939935Z [INFO] Downloading from spring-milestones: https://repo.spring.io/milestone/com/google/http-client/google-http-client-gson/1.46.2/google-http-client-gson-1.46.2.jar
2026-10-04T12:36:21.6075674Z [INFO] Downloading from spring-milestones: https://repo.spring.io/milestone/com/google/guava/guava/33.4.0-android/guava-33.4.0-android.jar
2026-10-04T12:36:21.6213044Z [INFO] Downloading from spring-milestones: https://repo.spring.io/milestone/com/google/guava/failureaccess/1.0.2/failureaccess-1.0.2.jar
2026-10-04T12:36:21.6214061Z [INFO] Downloading from spring-milestones: https://repo.spring.io/milestone/com/google/guava/listenablefuture/9999.0-empty-to-avoid-conflict-with-guava/listenablefuture-9999.0-empty-to-avoid-conflict-with-guava.jar
2026-10-04T12:36:21.6259288Z [INFO] Downloading from spring-milestones: https://repo.spring.io/milestone/org/checkerframework/checker-qual/3.43.0/checker-qual-3.43.0.jar
2026-10-04T12:36:21.6641467Z [INFO] Downloading from spring-milestones: https://repo.spring.io/milestone/com/google/errorprone/error_prone_annotations/2.36.0/error_prone_annotations-2.36.0.jar
2026-10-04T12:36:21.6770178Z [INFO] Downloading from spring-milestones: https://repo.spring.io/milestone/com/google/code/gson/gson/2.13.2/gson-2.13.2.jar
2026-10-04T12:36:21.6944405Z [INFO] Downloading from spring-milestones: https://repo.spring.io/milestone/com/google/api/api-common/2.45.0/api-common-2.45.0.jar
2026-10-04T12:36:21.6952473Z [INFO] Downloading from spring-milestones: https://repo.spring.io/milestone/javax/annotation/javax.annotation-api/1.3.2/javax.annotation-api-1.3.2.jar
2026-10-04T12:36:21.7005565Z [INFO] Downloading from spring-milestones: https://repo.spring.io/milestone/com/google/j2objc/j2objc-annotations/3.0.0/j2objc-annotations-3.0.0.jar
2026-10-04T12:36:21.7369885Z [INFO] Downloading from spring-milestones: https://repo.spring.io/milestone/com/fasterxml/jackson/datatype/jackson-datatype-jdk8/2.21.4/jackson-datatype-jdk8-2.21.4.jar
2026-10-04T12:36:21.7480291Z [INFO] Downloading from spring-milestones: https://repo.spring.io/milestone/com/fasterxml/jackson/datatype/jackson-datatype-jsr310/2.21.4/jackson-datatype-jsr310-2.21.4.jar
2026-10-04T12:36:21.7679821Z [INFO] Downloading from spring-milestones: https://repo.spring.io/milestone/org/java-websocket/Java-WebSocket/1.6.0/Java-WebSocket-1.6.0.jar
2026-10-04T12:36:21.7687129Z [INFO] Downloading from spring-milestones: https://repo.spring.io/milestone/com/squareup/okhttp3/okhttp/4.12.0/okhttp-4.12.0.jar
2026-10-04T12:36:21.7738919Z [INFO] Downloading from spring-milestones: https://repo.spring.io/milestone/com/squareup/okio/okio/3.6.0/okio-3.6.0.jar
2026-10-04T12:36:21.8073441Z [INFO] Downloading from spring-milestones: https://repo.spring.io/milestone/com/squareup/okio/okio-jvm/3.6.0/okio-jvm-3.6.0.jar
2026-10-04T12:36:21.8171966Z [INFO] Downloading from spring-milestones: https://repo.spring.io/milestone/org/jetbrains/kotlin/kotlin-stdlib-common/1.9.10/kotlin-stdlib-common-1.9.10.jar
2026-10-04T12:36:21.8407539Z [INFO] Downloading from spring-milestones: https://repo.spring.io/milestone/org/jetbrains/kotlin/kotlin-stdlib-jdk8/2.3.21/kotlin-stdlib-jdk8-2.3.21.jar
2026-10-04T12:36:21.8421965Z [INFO] Downloading from spring-milestones: https://repo.spring.io/milestone/org/jetbrains/kotlin/kotlin-stdlib/2.3.21/kotlin-stdlib-2.3.21.jar
2026-10-04T12:36:21.8476891Z [INFO] Downloading from spring-milestones: https://repo.spring.io/milestone/org/jetbrains/kotlin/kotlin-stdlib-jdk7/2.3.21/kotlin-stdlib-jdk7-2.3.21.jar
2026-10-04T12:36:21.8775525Z [INFO] Downloading from spring-milestones: https://repo.spring.io/milestone/com/google/protobuf/protobuf-java/4.34.2/protobuf-java-4.34.2.jar
2026-10-04T12:36:21.8862653Z [INFO] Downloading from spring-milestones: https://repo.spring.io/milestone/com/github/victools/jsonschema-module-jackson/5.0.0/jsonschema-module-jackson-5.0.0.jar
2026-10-04T12:36:21.9149612Z [INFO] Downloading from spring-milestones: https://repo.spring.io/milestone/org/springframework/spring-context-support/7.0.8/spring-context-support-7.0.8.jar
2026-10-04T12:36:21.9153379Z [INFO] Downloading from spring-milestones: https://repo.spring.io/milestone/org/springframework/ai/spring-ai-starter-vector-store-pgvector/2.0.0-M8/spring-ai-starter-vector-store-pgvector-2.0.0-M8.jar
2026-10-04T12:36:21.9227303Z [INFO] Downloading from spring-milestones: https://repo.spring.io/milestone/org/springframework/ai/spring-ai-autoconfigure-vector-store-pgvector/2.0.0-M8/spring-ai-autoconfigure-vector-store-pgvector-2.0.0-M8.jar
2026-10-04T12:36:21.9468353Z [INFO] Downloading from spring-milestones: https://repo.spring.io/milestone/org/springframework/ai/spring-ai-autoconfigure-vector-store-observation/2.0.0-M8/spring-ai-autoconfigure-vector-store-observation-2.0.0-M8.jar
2026-10-04T12:36:21.9565265Z [INFO] Downloading from spring-milestones: https://repo.spring.io/milestone/org/springframework/ai/spring-ai-pgvector-store/2.0.0-M8/spring-ai-pgvector-store-2.0.0-M8.jar
2026-10-04T12:36:21.9882524Z [INFO] Downloading from spring-milestones: https://repo.spring.io/milestone/org/springframework/ai/spring-ai-vector-store/2.0.0-M8/spring-ai-vector-store-2.0.0-M8.jar
2026-10-04T12:36:21.9883483Z [INFO] Downloading from spring-milestones: https://repo.spring.io/milestone/com/pgvector/pgvector/0.1.6/pgvector-0.1.6.jar
2026-10-04T12:36:21.9961971Z [INFO] Downloading from spring-milestones: https://repo.spring.io/milestone/io/jsonwebtoken/jjwt-api/0.12.7/jjwt-api-0.12.7.jar
2026-10-04T12:36:22.0160029Z [INFO] Downloading from spring-milestones: https://repo.spring.io/milestone/io/jsonwebtoken/jjwt-impl/0.12.7/jjwt-impl-0.12.7.jar
2026-10-04T12:36:22.0253936Z [INFO] Downloading from spring-milestones: https://repo.spring.io/milestone/io/jsonwebtoken/jjwt-jackson/0.12.7/jjwt-jackson-0.12.7.jar
2026-10-04T12:36:22.0619210Z [INFO] Downloading from spring-milestones: https://repo.spring.io/milestone/com/fasterxml/jackson/core/jackson-databind/2.21.4/jackson-databind-2.21.4.jar
2026-10-04T12:36:22.0632038Z [INFO] Downloading from spring-milestones: https://repo.spring.io/milestone/com/fasterxml/jackson/core/jackson-core/2.21.4/jackson-core-2.21.4.jar
2026-10-04T12:36:22.0709202Z [INFO] Downloading from spring-milestones: https://repo.spring.io/milestone/org/bouncycastle/bcprov-jdk18on/1.84/bcprov-jdk18on-1.84.jar
2026-10-04T12:36:22.0863973Z [INFO] Downloading from spring-milestones: https://repo.spring.io/milestone/org/springframework/shell/spring-shell-starter/4.0.3/spring-shell-starter-4.0.3.jar
2026-10-04T12:36:22.0957093Z [INFO] Downloading from spring-milestones: https://repo.spring.io/milestone/org/springframework/shell/spring-shell-core-autoconfigure/4.0.3/spring-shell-core-autoconfigure-4.0.3.jar
2026-10-04T12:36:22.1372780Z [INFO] Downloading from spring-milestones: https://repo.spring.io/milestone/org/springframework/shell/spring-shell-core/4.0.3/spring-shell-core-4.0.3.jar
2026-10-04T12:36:22.1373969Z [INFO] Downloading from spring-milestones: https://repo.spring.io/milestone/org/springframework/shell/spring-shell-jline/4.0.3/spring-shell-jline-4.0.3.jar
2026-10-04T12:36:22.1452677Z [INFO] Downloading from spring-milestones: https://repo.spring.io/milestone/org/glassfish/jakarta.el/4.0.2/jakarta.el-4.0.2.jar
2026-10-04T12:36:22.1609145Z [INFO] Downloading from spring-milestones: https://repo.spring.io/milestone/jakarta/el/jakarta.el-api/4.0.0/jakarta.el-api-4.0.0.jar
2026-10-04T12:36:22.1668529Z [INFO] Downloading from spring-milestones: https://repo.spring.io/milestone/org/jline/jline/3.30.13/jline-3.30.13.jar
2026-10-04T12:36:22.2110019Z [INFO] Downloading from spring-milestones: https://repo.spring.io/milestone/org/antlr/ST4/4.3.4/ST4-4.3.4.jar
2026-10-04T12:36:22.2197432Z [INFO] Downloading from spring-milestones: https://repo.spring.io/milestone/org/antlr/antlr-runtime/3.5.3/antlr-runtime-3.5.3.jar
2026-10-04T12:36:22.2214785Z [INFO] Downloading from spring-milestones: https://repo.spring.io/milestone/org/springframework/spring-messaging/7.0.8/spring-messaging-7.0.8.jar
2026-10-04T12:36:22.2296832Z [INFO] Downloading from spring-milestones: https://repo.spring.io/milestone/org/springframework/spring-beans/7.0.8/spring-beans-7.0.8.jar
2026-10-04T12:36:22.2368731Z [INFO] Downloading from spring-milestones: https://repo.spring.io/milestone/org/mapstruct/mapstruct/1.6.3/mapstruct-1.6.3.jar
2026-10-04T12:36:22.2856078Z [INFO] Downloading from spring-milestones: https://repo.spring.io/milestone/org/springdoc/springdoc-openapi-starter-webflux-ui/3.0.3/springdoc-openapi-starter-webflux-ui-3.0.3.jar
2026-10-04T12:36:22.2943332Z [INFO] Downloading from spring-milestones: https://repo.spring.io/milestone/org/springdoc/springdoc-openapi-starter-webflux-api/3.0.3/springdoc-openapi-starter-webflux-api-3.0.3.jar
2026-10-04T12:36:22.2973658Z [INFO] Downloading from spring-milestones: https://repo.spring.io/milestone/org/springdoc/springdoc-openapi-starter-common/3.0.3/springdoc-openapi-starter-common-3.0.3.jar
2026-10-04T12:36:22.3011014Z [INFO] Downloading from spring-milestones: https://repo.spring.io/milestone/io/swagger/core/v3/swagger-core-jakarta/2.2.47/swagger-core-jakarta-2.2.47.jar
2026-10-04T12:36:22.3085172Z [INFO] Downloading from spring-milestones: https://repo.spring.io/milestone/io/swagger/core/v3/swagger-models-jakarta/2.2.47/swagger-models-jakarta-2.2.47.jar
2026-10-04T12:36:22.3605071Z [INFO] Downloading from spring-milestones: https://repo.spring.io/milestone/com/fasterxml/jackson/dataformat/jackson-dataformat-yaml/2.21.4/jackson-dataformat-yaml-2.21.4.jar
2026-10-04T12:36:22.3688257Z [INFO] Downloading from spring-milestones: https://repo.spring.io/milestone/org/webjars/swagger-ui/5.32.2/swagger-ui-5.32.2.jar
2026-10-04T12:36:22.3703817Z [INFO] Downloading from spring-milestones: https://repo.spring.io/milestone/org/webjars/webjars-locator-lite/1.1.3/webjars-locator-lite-1.1.3.jar
2026-10-04T12:36:22.3710913Z [INFO] Downloading from spring-milestones: https://repo.spring.io/milestone/io/projectreactor/addons/reactor-extra/3.6.0/reactor-extra-3.6.0.jar
2026-10-04T12:36:22.3783531Z [INFO] Downloading from spring-milestones: https://repo.spring.io/milestone/io/micrometer/micrometer-registry-prometheus/1.17.0/micrometer-registry-prometheus-1.17.0.jar
2026-10-04T12:36:22.4340636Z [INFO] Downloading from spring-milestones: https://repo.spring.io/milestone/org/jspecify/jspecify/1.0.0/jspecify-1.0.0.jar
2026-10-04T12:36:22.4414064Z [INFO] Downloading from spring-milestones: https://repo.spring.io/milestone/io/micrometer/micrometer-core/1.17.0/micrometer-core-1.17.0.jar
2026-10-04T12:36:22.4435341Z [INFO] Downloading from spring-milestones: https://repo.spring.io/milestone/org/hdrhistogram/HdrHistogram/2.2.2/HdrHistogram-2.2.2.jar
2026-10-04T12:36:22.4436734Z [INFO] Downloading from spring-milestones: https://repo.spring.io/milestone/io/prometheus/prometheus-metrics-core/1.5.1/prometheus-metrics-core-1.5.1.jar
2026-10-04T12:36:22.4497614Z [INFO] Downloading from spring-milestones: https://repo.spring.io/milestone/io/prometheus/prometheus-metrics-model/1.5.1/prometheus-metrics-model-1.5.1.jar
2026-10-04T12:36:22.5077575Z [INFO] Downloading from spring-milestones: https://repo.spring.io/milestone/io/prometheus/prometheus-metrics-config/1.5.1/prometheus-metrics-config-1.5.1.jar
2026-10-04T12:36:22.5113423Z [INFO] Downloading from spring-milestones: https://repo.spring.io/milestone/io/prometheus/prometheus-metrics-tracer-common/1.5.1/prometheus-metrics-tracer-common-1.5.1.jar
2026-10-04T12:36:22.5167927Z [INFO] Downloading from spring-milestones: https://repo.spring.io/milestone/io/prometheus/prometheus-metrics-exposition-formats/1.5.1/prometheus-metrics-exposition-formats-1.5.1.jar
2026-10-04T12:36:22.5177232Z [INFO] Downloading from spring-milestones: https://repo.spring.io/milestone/io/prometheus/prometheus-metrics-exposition-textformats/1.5.1/prometheus-metrics-exposition-textformats-1.5.1.jar
2026-10-04T12:36:22.5208009Z [INFO] Downloading from spring-milestones: https://repo.spring.io/milestone/org/projectlombok/lombok/1.18.46/lombok-1.18.46.jar
2026-10-04T12:36:22.5819874Z [INFO] Downloading from spring-milestones: https://repo.spring.io/milestone/org/springframework/boot/spring-boot-test/4.1.0/spring-boot-test-4.1.0.jar
2026-10-04T12:36:22.5821050Z [INFO] Downloading from spring-milestones: https://repo.spring.io/milestone/org/springframework/boot/spring-boot-starter-test/4.1.0/spring-boot-starter-test-4.1.0.jar
2026-10-04T12:36:22.5900359Z [INFO] Downloading from spring-milestones: https://repo.spring.io/milestone/org/springframework/boot/spring-boot-test-autoconfigure/4.1.0/spring-boot-test-autoconfigure-4.1.0.jar
2026-10-04T12:36:22.5905394Z [INFO] Downloading from spring-milestones: https://repo.spring.io/milestone/com/jayway/jsonpath/json-path/2.10.0/json-path-2.10.0.jar
2026-10-04T12:36:22.5930068Z [INFO] Downloading from spring-milestones: https://repo.spring.io/milestone/jakarta/xml/bind/jakarta.xml.bind-api/4.0.5/jakarta.xml.bind-api-4.0.5.jar
2026-10-04T12:36:22.6524603Z [INFO] Downloading from spring-milestones: https://repo.spring.io/milestone/jakarta/activation/jakarta.activation-api/2.1.4/jakarta.activation-api-2.1.4.jar
2026-10-04T12:36:22.6547630Z [INFO] Downloading from spring-milestones: https://repo.spring.io/milestone/net/minidev/json-smart/2.6.0/json-smart-2.6.0.jar
2026-10-04T12:36:22.6638038Z [INFO] Downloading from spring-milestones: https://repo.spring.io/milestone/net/minidev/accessors-smart/2.6.0/accessors-smart-2.6.0.jar
2026-10-04T12:36:22.6701287Z [INFO] Downloading from spring-milestones: https://repo.spring.io/milestone/org/ow2/asm/asm/9.7.1/asm-9.7.1.jar
2026-10-04T12:36:22.6709249Z [INFO] Downloading from spring-milestones: https://repo.spring.io/milestone/org/assertj/assertj-core/3.27.7/assertj-core-3.27.7.jar
2026-10-04T12:36:22.7223109Z [INFO] Downloading from spring-milestones: https://repo.spring.io/milestone/net/bytebuddy/byte-buddy/1.18.10/byte-buddy-1.18.10.jar
2026-10-04T12:36:22.7276872Z [INFO] Downloading from spring-milestones: https://repo.spring.io/milestone/org/hamcrest/hamcrest/3.0/hamcrest-3.0.jar
2026-10-04T12:36:22.7404093Z [INFO] Downloading from spring-milestones: https://repo.spring.io/milestone/org/junit/jupiter/junit-jupiter/6.0.3/junit-jupiter-6.0.3.jar
2026-10-04T12:36:22.7461104Z [INFO] Downloading from spring-milestones: https://repo.spring.io/milestone/org/junit/jupiter/junit-jupiter-api/6.0.3/junit-jupiter-api-6.0.3.jar
2026-10-04T12:36:22.7481201Z [INFO] Downloading from spring-milestones: https://repo.spring.io/milestone/org/opentest4j/opentest4j/1.3.0/opentest4j-1.3.0.jar
2026-10-04T12:36:22.8022415Z [INFO] Downloading from spring-milestones: https://repo.spring.io/milestone/org/junit/platform/junit-platform-commons/6.0.3/junit-platform-commons-6.0.3.jar
2026-10-04T12:36:22.8030465Z [INFO] Downloading from spring-milestones: https://repo.spring.io/milestone/org/apiguardian/apiguardian-api/1.1.2/apiguardian-api-1.1.2.jar
2026-10-04T12:36:22.8136849Z [INFO] Downloading from spring-milestones: https://repo.spring.io/milestone/org/junit/jupiter/junit-jupiter-params/6.0.3/junit-jupiter-params-6.0.3.jar
2026-10-04T12:36:22.8227877Z [INFO] Downloading from spring-milestones: https://repo.spring.io/milestone/org/junit/jupiter/junit-jupiter-engine/6.0.3/junit-jupiter-engine-6.0.3.jar
2026-10-04T12:36:22.8371113Z [INFO] Downloading from spring-milestones: https://repo.spring.io/milestone/org/junit/platform/junit-platform-engine/6.0.3/junit-platform-engine-6.0.3.jar
2026-10-04T12:36:22.8747300Z [INFO] Downloading from spring-milestones: https://repo.spring.io/milestone/org/mockito/mockito-core/5.23.0/mockito-core-5.23.0.jar
2026-10-04T12:36:22.8763553Z [INFO] Downloading from spring-milestones: https://repo.spring.io/milestone/net/bytebuddy/byte-buddy-agent/1.18.10/byte-buddy-agent-1.18.10.jar
2026-10-04T12:36:22.8892562Z [INFO] Downloading from spring-milestones: https://repo.spring.io/milestone/org/objenesis/objenesis/3.3/objenesis-3.3.jar
2026-10-04T12:36:22.8941134Z [INFO] Downloading from spring-milestones: https://repo.spring.io/milestone/org/mockito/mockito-junit-jupiter/5.23.0/mockito-junit-jupiter-5.23.0.jar
2026-10-04T12:36:22.9106269Z [INFO] Downloading from spring-milestones: https://repo.spring.io/milestone/org/skyscreamer/jsonassert/1.5.3/jsonassert-1.5.3.jar
2026-10-04T12:36:22.9464526Z [INFO] Downloading from spring-milestones: https://repo.spring.io/milestone/com/vaadin/external/google/android-json/0.0.20131108.vaadin1/android-json-0.0.20131108.vaadin1.jar
2026-10-04T12:36:22.9501018Z [INFO] Downloading from spring-milestones: https://repo.spring.io/milestone/org/springframework/spring-core/7.0.8/spring-core-7.0.8.jar
2026-10-04T12:36:22.9631264Z [INFO] Downloading from spring-milestones: https://repo.spring.io/milestone/commons-logging/commons-logging/1.3.6/commons-logging-1.3.6.jar
2026-10-04T12:36:22.9662199Z [INFO] Downloading from spring-milestones: https://repo.spring.io/milestone/org/springframework/spring-test/7.0.8/spring-test-7.0.8.jar
2026-10-04T12:36:22.9858774Z [INFO] Downloading from spring-milestones: https://repo.spring.io/milestone/org/xmlunit/xmlunit-core/2.11.0/xmlunit-core-2.11.0.jar
2026-10-04T12:36:23.0177551Z [INFO] Downloading from spring-milestones: https://repo.spring.io/milestone/org/springframework/security/spring-security-test/7.1.0/spring-security-test-7.1.0.jar
2026-10-04T12:36:23.0246346Z [INFO] Downloading from spring-milestones: https://repo.spring.io/milestone/org/springframework/security/spring-security-core/7.1.0/spring-security-core-7.1.0.jar
2026-10-04T12:36:23.0363537Z [INFO] Downloading from spring-milestones: https://repo.spring.io/milestone/org/springframework/security/spring-security-crypto/7.1.0/spring-security-crypto-7.1.0.jar
2026-10-04T12:36:23.0372344Z [INFO] Downloading from spring-milestones: https://repo.spring.io/milestone/org/springframework/spring-expression/7.0.8/spring-expression-7.0.8.jar
2026-10-04T12:36:23.0614249Z [INFO] Downloading from spring-milestones: https://repo.spring.io/milestone/org/springframework/security/spring-security-web/7.1.0/spring-security-web-7.1.0.jar
2026-10-04T12:36:23.0898337Z [INFO] Downloading from spring-milestones: https://repo.spring.io/milestone/org/springframework/spring-web/7.0.8/spring-web-7.0.8.jar
2026-10-04T12:36:23.1004046Z [INFO] Downloading from spring-milestones: https://repo.spring.io/milestone/io/projectreactor/reactor-test/3.8.6/reactor-test-3.8.6.jar
2026-10-04T12:36:23.1104049Z [INFO] Downloading from spring-milestones: https://repo.spring.io/milestone/org/springframework/boot/spring-boot-starter-webflux-test/4.1.0/spring-boot-starter-webflux-test-4.1.0.jar
2026-10-04T12:36:23.1140947Z [INFO] Downloading from spring-milestones: https://repo.spring.io/milestone/org/springframework/boot/spring-boot-starter-jackson-test/4.1.0/spring-boot-starter-jackson-test-4.1.0.jar
2026-10-04T12:36:23.1365349Z [INFO] Downloading from spring-milestones: https://repo.spring.io/milestone/org/springframework/boot/spring-boot-webflux-test/4.1.0/spring-boot-webflux-test-4.1.0.jar
2026-10-04T12:36:23.1624707Z [INFO] Downloading from spring-milestones: https://repo.spring.io/milestone/org/springframework/boot/spring-boot-webtestclient/4.1.0/spring-boot-webtestclient-4.1.0.jar
2026-10-04T12:36:23.1770887Z [INFO] Downloading from spring-milestones: https://repo.spring.io/milestone/org/testcontainers/testcontainers-postgresql/2.0.5/testcontainers-postgresql-2.0.5.jar
2026-10-04T12:36:23.1880545Z [INFO] Downloading from spring-milestones: https://repo.spring.io/milestone/org/testcontainers/testcontainers-jdbc/2.0.5/testcontainers-jdbc-2.0.5.jar
2026-10-04T12:36:23.1881566Z [INFO] Downloading from spring-milestones: https://repo.spring.io/milestone/org/testcontainers/testcontainers-database-commons/2.0.5/testcontainers-database-commons-2.0.5.jar
2026-10-04T12:36:23.2119872Z [INFO] Downloading from spring-milestones: https://repo.spring.io/milestone/org/testcontainers/testcontainers-r2dbc/2.0.5/testcontainers-r2dbc-2.0.5.jar
2026-10-04T12:36:23.2335553Z [INFO] Downloading from spring-milestones: https://repo.spring.io/milestone/org/testcontainers/testcontainers/2.0.5/testcontainers-2.0.5.jar
2026-10-04T12:36:23.2514243Z [INFO] Downloading from spring-milestones: https://repo.spring.io/milestone/org/apache/commons/commons-compress/1.28.0/commons-compress-1.28.0.jar
2026-10-04T12:36:23.2633074Z [INFO] Downloading from spring-milestones: https://repo.spring.io/milestone/commons-codec/commons-codec/1.21.0/commons-codec-1.21.0.jar
2026-10-04T12:36:23.2642514Z [INFO] Downloading from spring-milestones: https://repo.spring.io/milestone/commons-io/commons-io/2.20.0/commons-io-2.20.0.jar
2026-10-04T12:36:23.2865213Z [INFO] Downloading from spring-milestones: https://repo.spring.io/milestone/org/apache/commons/commons-lang3/3.20.0/commons-lang3-3.20.0.jar
2026-10-04T12:36:23.3041154Z [INFO] Downloading from spring-milestones: https://repo.spring.io/milestone/org/rnorth/duct-tape/duct-tape/1.0.8/duct-tape-1.0.8.jar
2026-10-04T12:36:23.3252052Z [INFO] Downloading from spring-milestones: https://repo.spring.io/milestone/org/jetbrains/annotations/17.0.0/annotations-17.0.0.jar
2026-10-04T12:36:23.3336541Z [INFO] Downloading from spring-milestones: https://repo.spring.io/milestone/com/github/docker-java/docker-java-api/3.7.1/docker-java-api-3.7.1.jar
2026-10-04T12:36:23.3370429Z [INFO] Downloading from spring-milestones: https://repo.spring.io/milestone/com/github/docker-java/docker-java-transport-zerodep/3.7.1/docker-java-transport-zerodep-3.7.1.jar
2026-10-04T12:36:23.3632674Z [INFO] Downloading from spring-milestones: https://repo.spring.io/milestone/com/github/docker-java/docker-java-transport/3.7.1/docker-java-transport-3.7.1.jar
2026-10-04T12:36:23.3753370Z [INFO] Downloading from spring-milestones: https://repo.spring.io/milestone/net/java/dev/jna/jna/5.18.1/jna-5.18.1.jar
2026-10-04T12:36:23.3986834Z [INFO] Downloading from spring-milestones: https://repo.spring.io/milestone/org/springframework/boot/spring-boot-testcontainers/4.1.0/spring-boot-testcontainers-4.1.0.jar
2026-10-04T12:36:23.4042085Z [INFO] Downloading from spring-milestones: https://repo.spring.io/milestone/org/springframework/ai/spring-ai-starter-mcp-server-webflux/2.0.0-M8/spring-ai-starter-mcp-server-webflux-2.0.0-M8.jar
2026-10-04T12:36:23.4114234Z [INFO] Downloading from spring-milestones: https://repo.spring.io/milestone/org/springframework/ai/spring-ai-autoconfigure-mcp-server-webflux/2.0.0-M8/spring-ai-autoconfigure-mcp-server-webflux-2.0.0-M8.jar
2026-10-04T12:36:23.4404560Z [INFO] Downloading from spring-milestones: https://repo.spring.io/milestone/org/springframework/ai/spring-ai-autoconfigure-mcp-server-common/2.0.0-M8/spring-ai-autoconfigure-mcp-server-common-2.0.0-M8.jar
2026-10-04T12:36:23.4452925Z [INFO] Downloading from spring-milestones: https://repo.spring.io/milestone/org/springframework/ai/spring-ai-mcp/2.0.0-M8/spring-ai-mcp-2.0.0-M8.jar
2026-10-04T12:36:23.4861719Z [INFO] Downloading from spring-milestones: https://repo.spring.io/milestone/io/modelcontextprotocol/sdk/mcp/2.0.0-M3/mcp-2.0.0-M3.jar
2026-10-04T12:36:23.4863400Z [INFO] Downloading from spring-milestones: https://repo.spring.io/milestone/io/modelcontextprotocol/sdk/mcp-json-jackson3/2.0.0-M3/mcp-json-jackson3-2.0.0-M3.jar
2026-10-04T12:36:23.4908491Z [INFO] Downloading from spring-milestones: https://repo.spring.io/milestone/org/springframework/ai/spring-ai-mcp-annotations/2.0.0-M8/spring-ai-mcp-annotations-2.0.0-M8.jar
2026-10-04T12:36:23.5153786Z [INFO] Downloading from spring-milestones: https://repo.spring.io/milestone/org/springframework/ai/mcp-spring-webflux/2.0.0-M8/mcp-spring-webflux-2.0.0-M8.jar
2026-10-04T12:36:23.5162710Z [INFO] Downloading from spring-milestones: https://repo.spring.io/milestone/io/modelcontextprotocol/sdk/mcp-core/2.0.0-M3/mcp-core-2.0.0-M3.jar
2026-10-04T12:36:23.5593092Z [INFO] Downloading from spring-milestones: https://repo.spring.io/milestone/net/objecthunter/exp4j/0.4.8/exp4j-0.4.8.jar
2026-10-04T12:36:23.5593598Z [INFO] Downloading from spring-milestones: https://repo.spring.io/milestone/org/awaitility/awaitility/4.2.0/awaitility-4.2.0.jar
2026-10-04T12:36:23.6690089Z [INFO] Downloading from central: https://repo.maven.apache.org/maven2/org/springframework/boot/spring-boot-starter-webflux/4.1.0/spring-boot-starter-webflux-4.1.0.jar
2026-10-04T12:36:23.7087338Z [INFO] Downloaded from central: https://repo.maven.apache.org/maven2/org/springframework/boot/spring-boot-starter-webflux/4.1.0/spring-boot-starter-webflux-4.1.0.jar (4.8 kB at 119 kB/s)
2026-10-04T12:36:23.7091017Z [INFO] Downloading from central: https://repo.maven.apache.org/maven2/org/springframework/boot/spring-boot-starter/4.1.0/spring-boot-starter-4.1.0.jar
2026-10-04T12:36:23.7092142Z [INFO] Downloading from central: https://repo.maven.apache.org/maven2/org/springframework/boot/spring-boot-starter-logging/4.1.0/spring-boot-starter-logging-4.1.0.jar
2026-10-04T12:36:23.7093498Z [INFO] Downloading from central: https://repo.maven.apache.org/maven2/ch/qos/logback/logback-classic/1.5.34/logback-classic-1.5.34.jar
2026-10-04T12:36:23.7094294Z [INFO] Downloading from central: https://repo.maven.apache.org/maven2/ch/qos/logback/logback-core/1.5.34/logback-core-1.5.34.jar
2026-10-04T12:36:23.7096177Z [INFO] Downloading from central: https://repo.maven.apache.org/maven2/org/apache/logging/log4j/log4j-to-slf4j/2.25.4/log4j-to-slf4j-2.25.4.jar
2026-10-04T12:36:23.7306752Z [INFO] Downloaded from central: https://repo.maven.apache.org/maven2/org/springframework/boot/spring-boot-starter-logging/4.1.0/spring-boot-starter-logging-4.1.0.jar (4.7 kB at 215 kB/s)
2026-10-04T12:36:23.7307431Z [INFO] Downloading from central: https://repo.maven.apache.org/maven2/org/apache/logging/log4j/log4j-api/2.25.4/log4j-api-2.25.4.jar
2026-10-04T12:36:23.7591462Z [INFO] Downloaded from central: https://repo.maven.apache.org/maven2/org/apache/logging/log4j/log4j-api/2.25.4/log4j-api-2.25.4.jar (351 kB at 7.2 MB/s)
2026-10-04T12:36:23.7592280Z [INFO] Downloading from central: https://repo.maven.apache.org/maven2/org/slf4j/jul-to-slf4j/2.0.18/jul-to-slf4j-2.0.18.jar
2026-10-04T12:36:23.7822206Z [INFO] Downloaded from central: https://repo.maven.apache.org/maven2/org/slf4j/jul-to-slf4j/2.0.18/jul-to-slf4j-2.0.18.jar (6.3 kB at 87 kB/s)
2026-10-04T12:36:23.7822992Z [INFO] Downloading from central: https://repo.maven.apache.org/maven2/jakarta/annotation/jakarta.annotation-api/3.0.0/jakarta.annotation-api-3.0.0.jar
2026-10-04T12:36:23.8020241Z [INFO] Downloaded from central: https://repo.maven.apache.org/maven2/jakarta/annotation/jakarta.annotation-api/3.0.0/jakarta.annotation-api-3.0.0.jar (26 kB at 287 kB/s)
2026-10-04T12:36:23.8021208Z [INFO] Downloading from central: https://repo.maven.apache.org/maven2/org/yaml/snakeyaml/2.6/snakeyaml-2.6.jar
2026-10-04T12:36:23.8231833Z [INFO] Downloaded from central: https://repo.maven.apache.org/maven2/org/yaml/snakeyaml/2.6/snakeyaml-2.6.jar (340 kB at 3.0 MB/s)
2026-10-04T12:36:23.8232668Z [INFO] Downloading from central: https://repo.maven.apache.org/maven2/org/springframework/boot/spring-boot-starter-jackson/4.1.0/spring-boot-starter-jackson-4.1.0.jar
2026-10-04T12:36:23.8436466Z [INFO] Downloaded from central: https://repo.maven.apache.org/maven2/org/springframework/boot/spring-boot-starter-jackson/4.1.0/spring-boot-starter-jackson-4.1.0.jar (4.7 kB at 35 kB/s)
2026-10-04T12:36:23.8437702Z [INFO] Downloading from central: https://repo.maven.apache.org/maven2/org/springframework/boot/spring-boot-jackson/4.1.0/spring-boot-jackson-4.1.0.jar
2026-10-04T12:36:23.8631847Z [INFO] Downloaded from central: https://repo.maven.apache.org/maven2/org/springframework/boot/spring-boot-jackson/4.1.0/spring-boot-jackson-4.1.0.jar (82 kB at 533 kB/s)
2026-10-04T12:36:23.8633094Z [INFO] Downloading from central: https://repo.maven.apache.org/maven2/org/springframework/boot/spring-boot-starter-reactor-netty/4.1.0/spring-boot-starter-reactor-netty-4.1.0.jar
2026-10-04T12:36:23.8878212Z [INFO] Downloaded from central: https://repo.maven.apache.org/maven2/org/springframework/boot/spring-boot-starter-reactor-netty/4.1.0/spring-boot-starter-reactor-netty-4.1.0.jar (4.7 kB at 27 kB/s)
2026-10-04T12:36:23.8878920Z [INFO] Downloading from central: https://repo.maven.apache.org/maven2/org/springframework/boot/spring-boot-reactor-netty/4.1.0/spring-boot-reactor-netty-4.1.0.jar
2026-10-04T12:36:23.9096715Z [INFO] Downloaded from central: https://repo.maven.apache.org/maven2/org/springframework/boot/spring-boot-reactor-netty/4.1.0/spring-boot-reactor-netty-4.1.0.jar (43 kB at 214 kB/s)
2026-10-04T12:36:23.9097905Z [INFO] Downloading from central: https://repo.maven.apache.org/maven2/org/springframework/boot/spring-boot-reactor/4.1.0/spring-boot-reactor-4.1.0.jar
2026-10-04T12:36:23.9304006Z [INFO] Downloaded from central: https://repo.maven.apache.org/maven2/org/springframework/boot/spring-boot-reactor/4.1.0/spring-boot-reactor-4.1.0.jar (12 kB at 54 kB/s)
2026-10-04T12:36:23.9304782Z [INFO] Downloading from central: https://repo.maven.apache.org/maven2/org/springframework/boot/spring-boot-webflux/4.1.0/spring-boot-webflux-4.1.0.jar
2026-10-04T12:36:23.9571356Z [INFO] Downloaded from central: https://repo.maven.apache.org/maven2/org/springframework/boot/spring-boot-webflux/4.1.0/spring-boot-webflux-4.1.0.jar (152 kB at 615 kB/s)
2026-10-04T12:36:23.9571981Z [INFO] Downloading from central: https://repo.maven.apache.org/maven2/org/springframework/boot/spring-boot-http-codec/4.1.0/spring-boot-http-codec-4.1.0.jar
2026-10-04T12:36:23.9747685Z [INFO] Downloaded from central: https://repo.maven.apache.org/maven2/org/springframework/boot/spring-boot-http-codec/4.1.0/spring-boot-http-codec-4.1.0.jar (20 kB at 76 kB/s)
2026-10-04T12:36:23.9748300Z [INFO] Downloading from central: https://repo.maven.apache.org/maven2/org/springframework/spring-webflux/7.0.8/spring-webflux-7.0.8.jar
2026-10-04T12:36:24.0115265Z [INFO] Downloaded from central: https://repo.maven.apache.org/maven2/org/springframework/spring-webflux/7.0.8/spring-webflux-7.0.8.jar (1.0 MB at 3.4 MB/s)
2026-10-04T12:36:24.0116355Z [INFO] Downloading from central: https://repo.maven.apache.org/maven2/org/springframework/boot/spring-boot-web-server/4.1.0/spring-boot-web-server-4.1.0.jar
2026-10-04T12:36:24.0317165Z [INFO] Downloaded from central: https://repo.maven.apache.org/maven2/org/springframework/boot/spring-boot-web-server/4.1.0/spring-boot-web-server-4.1.0.jar (172 kB at 533 kB/s)
2026-10-04T12:36:24.0319033Z [INFO] Downloading from central: https://repo.maven.apache.org/maven2/org/springframework/boot/spring-boot-starter-oauth2-resource-server/4.1.0/spring-boot-starter-oauth2-resource-server-4.1.0.jar
2026-10-04T12:36:24.0402581Z [INFO] Downloaded from central: https://repo.maven.apache.org/maven2/org/apache/logging/log4j/log4j-to-slf4j/2.25.4/log4j-to-slf4j-2.25.4.jar (24 kB at 73 kB/s)
2026-10-04T12:36:24.0403311Z [INFO] Downloading from central: https://repo.maven.apache.org/maven2/org/springframework/boot/spring-boot-starter-security/4.1.0/spring-boot-starter-security-4.1.0.jar
2026-10-04T12:36:24.0431787Z [INFO] Downloaded from central: https://repo.maven.apache.org/maven2/org/springframework/boot/spring-boot-starter/4.1.0/spring-boot-starter-4.1.0.jar (4.8 kB at 14 kB/s)
2026-10-04T12:36:24.0432789Z [INFO] Downloading from central: https://repo.maven.apache.org/maven2/org/springframework/boot/spring-boot-security/4.1.0/spring-boot-security-4.1.0.jar
2026-10-04T12:36:24.0494207Z [INFO] Downloaded from central: https://repo.maven.apache.org/maven2/org/springframework/boot/spring-boot-starter-oauth2-resource-server/4.1.0/spring-boot-starter-oauth2-resource-server-4.1.0.jar (4.8 kB at 14 kB/s)
2026-10-04T12:36:24.0495007Z [INFO] Downloading from central: https://repo.maven.apache.org/maven2/org/springframework/security/spring-security-config/7.1.0/spring-security-config-7.1.0.jar
2026-10-04T12:36:24.0600512Z [INFO] Downloaded from central: https://repo.maven.apache.org/maven2/org/springframework/boot/spring-boot-starter-security/4.1.0/spring-boot-starter-security-4.1.0.jar (4.7 kB at 14 kB/s)
2026-10-04T12:36:24.0601477Z [INFO] Downloading from central: https://repo.maven.apache.org/maven2/org/springframework/spring-aop/7.0.8/spring-aop-7.0.8.jar
2026-10-04T12:36:24.0678451Z [INFO] Downloaded from central: https://repo.maven.apache.org/maven2/ch/qos/logback/logback-core/1.5.34/logback-core-1.5.34.jar (645 kB at 1.8 MB/s)
2026-10-04T12:36:24.0679457Z [INFO] Downloading from central: https://repo.maven.apache.org/maven2/org/springframework/boot/spring-boot-security-oauth2-resource-server/4.1.0/spring-boot-security-oauth2-resource-server-4.1.0.jar
2026-10-04T12:36:24.0685082Z [INFO] Downloaded from central: https://repo.maven.apache.org/maven2/org/springframework/boot/spring-boot-security/4.1.0/spring-boot-security-4.1.0.jar (98 kB at 272 kB/s)
2026-10-04T12:36:24.0685780Z [INFO] Downloading from central: https://repo.maven.apache.org/maven2/org/springframework/security/spring-security-oauth2-jose/7.1.0/spring-security-oauth2-jose-7.1.0.jar
2026-10-04T12:36:24.0713669Z [INFO] Downloaded from central: https://repo.maven.apache.org/maven2/ch/qos/logback/logback-classic/1.5.34/logback-classic-1.5.34.jar (287 kB at 790 kB/s)
2026-10-04T12:36:24.0714445Z [INFO] Downloading from central: https://repo.maven.apache.org/maven2/org/springframework/security/spring-security-oauth2-core/7.1.0/spring-security-oauth2-core-7.1.0.jar
2026-10-04T12:36:24.0853172Z [INFO] Downloaded from central: https://repo.maven.apache.org/maven2/org/springframework/security/spring-security-config/7.1.0/spring-security-config-7.1.0.jar (2.1 MB at 5.7 MB/s)
2026-10-04T12:36:24.0854442Z [INFO] Downloading from central: https://repo.maven.apache.org/maven2/com/nimbusds/nimbus-jose-jwt/10.9/nimbus-jose-jwt-10.9.jar
2026-10-04T12:36:24.0863726Z [INFO] Downloaded from central: https://repo.maven.apache.org/maven2/org/springframework/boot/spring-boot-security-oauth2-resource-server/4.1.0/spring-boot-security-oauth2-resource-server-4.1.0.jar (61 kB at 163 kB/s)
2026-10-04T12:36:24.0864559Z [INFO] Downloading from central: https://repo.maven.apache.org/maven2/org/springframework/security/spring-security-oauth2-resource-server/7.1.0/spring-security-oauth2-resource-server-7.1.0.jar
2026-10-04T12:36:24.0938003Z [INFO] Downloaded from central: https://repo.maven.apache.org/maven2/org/springframework/security/spring-security-oauth2-jose/7.1.0/spring-security-oauth2-jose-7.1.0.jar (143 kB at 371 kB/s)
2026-10-04T12:36:24.0938773Z [INFO] Downloading from central: https://repo.maven.apache.org/maven2/org/springframework/boot/spring-boot-starter-validation/4.1.0/spring-boot-starter-validation-4.1.0.jar
2026-10-04T12:36:24.1013526Z [INFO] Downloaded from central: https://repo.maven.apache.org/maven2/org/springframework/spring-aop/7.0.8/spring-aop-7.0.8.jar (426 kB at 1.1 MB/s)
2026-10-04T12:36:24.1014423Z [INFO] Downloading from central: https://repo.maven.apache.org/maven2/org/springframework/boot/spring-boot-validation/4.1.0/spring-boot-validation-4.1.0.jar
2026-10-04T12:36:24.1027467Z [INFO] Downloaded from central: https://repo.maven.apache.org/maven2/org/springframework/security/spring-security-oauth2-core/7.1.0/spring-security-oauth2-core-7.1.0.jar (126 kB at 322 kB/s)
2026-10-04T12:36:24.1028137Z [INFO] Downloading from central: https://repo.maven.apache.org/maven2/org/apache/tomcat/embed/tomcat-embed-el/11.0.22/tomcat-embed-el-11.0.22.jar
2026-10-04T12:36:24.1106738Z [INFO] Downloaded from central: https://repo.maven.apache.org/maven2/org/springframework/security/spring-security-oauth2-resource-server/7.1.0/spring-security-oauth2-resource-server-7.1.0.jar (158 kB at 394 kB/s)
2026-10-04T12:36:24.1107591Z [INFO] Downloaded from central: https://repo.maven.apache.org/maven2/com/nimbusds/nimbus-jose-jwt/10.9/nimbus-jose-jwt-10.9.jar (813 kB at 2.0 MB/s)
2026-10-04T12:36:24.1108293Z [INFO] Downloading from central: https://repo.maven.apache.org/maven2/org/hibernate/validator/hibernate-validator/9.1.0.Final/hibernate-validator-9.1.0.Final.jar
2026-10-04T12:36:24.1108932Z [INFO] Downloading from central: https://repo.maven.apache.org/maven2/jakarta/validation/jakarta.validation-api/3.1.1/jakarta.validation-api-3.1.1.jar
2026-10-04T12:36:24.1148824Z [INFO] Downloaded from central: https://repo.maven.apache.org/maven2/org/springframework/boot/spring-boot-starter-validation/4.1.0/spring-boot-starter-validation-4.1.0.jar (4.8 kB at 12 kB/s)
2026-10-04T12:36:24.1149548Z [INFO] Downloading from central: https://repo.maven.apache.org/maven2/org/jboss/logging/jboss-logging/3.6.3.Final/jboss-logging-3.6.3.Final.jar
2026-10-04T12:36:24.1218592Z [INFO] Downloaded from central: https://repo.maven.apache.org/maven2/org/springframework/boot/spring-boot-validation/4.1.0/spring-boot-validation-4.1.0.jar (15 kB at 37 kB/s)
2026-10-04T12:36:24.1219510Z [INFO] Downloading from central: https://repo.maven.apache.org/maven2/com/fasterxml/classmate/1.7.3/classmate-1.7.3.jar
2026-10-04T12:36:24.1304224Z [INFO] Downloaded from central: https://repo.maven.apache.org/maven2/jakarta/validation/jakarta.validation-api/3.1.1/jakarta.validation-api-3.1.1.jar (106 kB at 252 kB/s)
2026-10-04T12:36:24.1305747Z [INFO] Downloading from central: https://repo.maven.apache.org/maven2/org/springframework/boot/spring-boot-starter-actuator/4.1.0/spring-boot-starter-actuator-4.1.0.jar
2026-10-04T12:36:24.1359292Z [INFO] Downloaded from central: https://repo.maven.apache.org/maven2/org/jboss/logging/jboss-logging/3.6.3.Final/jboss-logging-3.6.3.Final.jar (63 kB at 147 kB/s)
2026-10-04T12:36:24.1360417Z [INFO] Downloading from central: https://repo.maven.apache.org/maven2/org/springframework/boot/spring-boot-starter-micrometer-metrics/4.1.0/spring-boot-starter-micrometer-metrics-4.1.0.jar
2026-10-04T12:36:24.1381728Z [INFO] Downloaded from central: https://repo.maven.apache.org/maven2/org/hibernate/validator/hibernate-validator/9.1.0.Final/hibernate-validator-9.1.0.Final.jar (1.4 MB at 3.3 MB/s)
2026-10-04T12:36:24.1382851Z [INFO] Downloading from central: https://repo.maven.apache.org/maven2/org/springframework/boot/spring-boot-micrometer-metrics/4.1.0/spring-boot-micrometer-metrics-4.1.0.jar
2026-10-04T12:36:24.1393978Z [INFO] Downloaded from central: https://repo.maven.apache.org/maven2/org/apache/tomcat/embed/tomcat-embed-el/11.0.22/tomcat-embed-el-11.0.22.jar (270 kB at 628 kB/s)
2026-10-04T12:36:24.1395101Z [INFO] Downloading from central: https://repo.maven.apache.org/maven2/org/springframework/boot/spring-boot-micrometer-observation/4.1.0/spring-boot-micrometer-observation-4.1.0.jar
2026-10-04T12:36:24.1405108Z [INFO] Downloaded from central: https://repo.maven.apache.org/maven2/com/fasterxml/classmate/1.7.3/classmate-1.7.3.jar (68 kB at 158 kB/s)
2026-10-04T12:36:24.1406209Z [INFO] Downloading from central: https://repo.maven.apache.org/maven2/org/springframework/boot/spring-boot-actuator-autoconfigure/4.1.0/spring-boot-actuator-autoconfigure-4.1.0.jar
2026-10-04T12:36:24.1473155Z [INFO] Downloaded from central: https://repo.maven.apache.org/maven2/org/springframework/boot/spring-boot-starter-actuator/4.1.0/spring-boot-starter-actuator-4.1.0.jar (4.8 kB at 11 kB/s)
2026-10-04T12:36:24.1474285Z [INFO] Downloading from central: https://repo.maven.apache.org/maven2/org/springframework/boot/spring-boot-actuator/4.1.0/spring-boot-actuator-4.1.0.jar
2026-10-04T12:36:24.1566338Z [INFO] Downloaded from central: https://repo.maven.apache.org/maven2/org/springframework/boot/spring-boot-starter-micrometer-metrics/4.1.0/spring-boot-starter-micrometer-metrics-4.1.0.jar (4.7 kB at 11 kB/s)
2026-10-04T12:36:24.1567309Z [INFO] Downloading from central: https://repo.maven.apache.org/maven2/org/springframework/boot/spring-boot-health/4.1.0/spring-boot-health-4.1.0.jar
2026-10-04T12:36:24.1613405Z [INFO] Downloaded from central: https://repo.maven.apache.org/maven2/org/springframework/boot/spring-boot-actuator-autoconfigure/4.1.0/spring-boot-actuator-autoconfigure-4.1.0.jar (141 kB at 312 kB/s)
2026-10-04T12:36:24.1614419Z [INFO] Downloading from central: https://repo.maven.apache.org/maven2/io/micrometer/micrometer-observation/1.17.0/micrometer-observation-1.17.0.jar
2026-10-04T12:36:24.1670925Z [INFO] Downloaded from central: https://repo.maven.apache.org/maven2/org/springframework/boot/spring-boot-micrometer-observation/4.1.0/spring-boot-micrometer-observation-4.1.0.jar (29 kB at 63 kB/s)
2026-10-04T12:36:24.1671699Z [INFO] Downloading from central: https://repo.maven.apache.org/maven2/io/micrometer/micrometer-commons/1.17.0/micrometer-commons-1.17.0.jar
2026-10-04T12:36:24.1687466Z [INFO] Downloaded from central: https://repo.maven.apache.org/maven2/org/springframework/boot/spring-boot-micrometer-metrics/4.1.0/spring-boot-micrometer-metrics-4.1.0.jar (248 kB at 541 kB/s)
2026-10-04T12:36:24.1688506Z [INFO] Downloading from central: https://repo.maven.apache.org/maven2/io/micrometer/micrometer-jakarta9/1.17.0/micrometer-jakarta9-1.17.0.jar
2026-10-04T12:36:24.1689305Z [INFO] Downloaded from central: https://repo.maven.apache.org/maven2/org/springframework/boot/spring-boot-actuator/4.1.0/spring-boot-actuator-4.1.0.jar (357 kB at 778 kB/s)
2026-10-04T12:36:24.1690191Z [INFO] Downloading from central: https://repo.maven.apache.org/maven2/org/springframework/boot/spring-boot-configuration-processor/4.1.0/spring-boot-configuration-processor-4.1.0.jar
2026-10-04T12:36:24.1802459Z [INFO] Downloaded from central: https://repo.maven.apache.org/maven2/io/micrometer/micrometer-observation/1.17.0/micrometer-observation-1.17.0.jar (84 kB at 179 kB/s)
2026-10-04T12:36:24.1803142Z [INFO] Downloading from central: https://repo.maven.apache.org/maven2/org/springframework/boot/spring-boot-devtools/4.1.0/spring-boot-devtools-4.1.0.jar
2026-10-04T12:36:24.1874450Z [INFO] Downloaded from central: https://repo.maven.apache.org/maven2/io/micrometer/micrometer-jakarta9/1.17.0/micrometer-jakarta9-1.17.0.jar (55 kB at 115 kB/s)
2026-10-04T12:36:24.1875130Z [INFO] Downloading from central: https://repo.maven.apache.org/maven2/org/springframework/boot/spring-boot/4.1.0/spring-boot-4.1.0.jar
2026-10-04T12:36:24.1907861Z [INFO] Downloaded from central: https://repo.maven.apache.org/maven2/org/springframework/boot/spring-boot-configuration-processor/4.1.0/spring-boot-configuration-processor-4.1.0.jar (146 kB at 304 kB/s)
2026-10-04T12:36:24.1908933Z [INFO] Downloading from central: https://repo.maven.apache.org/maven2/org/springframework/spring-context/7.0.8/spring-context-7.0.8.jar
2026-10-04T12:36:24.1918642Z [INFO] Downloaded from central: https://repo.maven.apache.org/maven2/org/springframework/boot/spring-boot-health/4.1.0/spring-boot-health-4.1.0.jar (155 kB at 322 kB/s)
2026-10-04T12:36:24.1919493Z [INFO] Downloading from central: https://repo.maven.apache.org/maven2/org/springframework/boot/spring-boot-autoconfigure/4.1.0/spring-boot-autoconfigure-4.1.0.jar
2026-10-04T12:36:24.1956252Z [INFO] Downloaded from central: https://repo.maven.apache.org/maven2/io/micrometer/micrometer-commons/1.17.0/micrometer-commons-1.17.0.jar (52 kB at 107 kB/s)
2026-10-04T12:36:24.1957207Z [INFO] Downloading from central: https://repo.maven.apache.org/maven2/org/springframework/boot/spring-boot-starter-data-r2dbc/4.1.0/spring-boot-starter-data-r2dbc-4.1.0.jar
2026-10-04T12:36:24.2032526Z [INFO] Downloaded from central: https://repo.maven.apache.org/maven2/org/springframework/boot/spring-boot-devtools/4.1.0/spring-boot-devtools-4.1.0.jar (215 kB at 437 kB/s)
2026-10-04T12:36:24.2033468Z [INFO] Downloading from central: https://repo.maven.apache.org/maven2/org/springframework/boot/spring-boot-data-r2dbc/4.1.0/spring-boot-data-r2dbc-4.1.0.jar
2026-10-04T12:36:24.2194627Z [INFO] Downloaded from central: https://repo.maven.apache.org/maven2/org/springframework/boot/spring-boot/4.1.0/spring-boot-4.1.0.jar (1.4 MB at 2.7 MB/s)
2026-10-04T12:36:24.2196123Z [INFO] Downloading from central: https://repo.maven.apache.org/maven2/org/springframework/boot/spring-boot-data-commons/4.1.0/spring-boot-data-commons-4.1.0.jar
2026-10-04T12:36:24.2197111Z [INFO] Downloaded from central: https://repo.maven.apache.org/maven2/org/springframework/spring-context/7.0.8/spring-context-7.0.8.jar (1.4 MB at 2.7 MB/s)
2026-10-04T12:36:24.2197998Z [INFO] Downloading from central: https://repo.maven.apache.org/maven2/org/springframework/boot/spring-boot-persistence/4.1.0/spring-boot-persistence-4.1.0.jar
2026-10-04T12:36:24.2200470Z [INFO] Downloaded from central: https://repo.maven.apache.org/maven2/org/springframework/boot/spring-boot-autoconfigure/4.1.0/spring-boot-autoconfigure-4.1.0.jar (373 kB at 732 kB/s)
2026-10-04T12:36:24.2201319Z [INFO] Downloading from central: https://repo.maven.apache.org/maven2/org/springframework/data/spring-data-commons/4.1.0/spring-data-commons-4.1.0.jar
2026-10-04T12:36:24.2240066Z [INFO] Downloaded from central: https://repo.maven.apache.org/maven2/org/springframework/boot/spring-boot-starter-data-r2dbc/4.1.0/spring-boot-starter-data-r2dbc-4.1.0.jar (4.7 kB at 9.3 kB/s)
2026-10-04T12:36:24.2241028Z [INFO] Downloading from central: https://repo.maven.apache.org/maven2/io/r2dbc/r2dbc-pool/1.0.2.RELEASE/r2dbc-pool-1.0.2.RELEASE.jar
2026-10-04T12:36:24.2249197Z [INFO] Downloaded from central: https://repo.maven.apache.org/maven2/org/springframework/boot/spring-boot-data-r2dbc/4.1.0/spring-boot-data-r2dbc-4.1.0.jar (12 kB at 24 kB/s)
2026-10-04T12:36:24.2250089Z [INFO] Downloading from central: https://repo.maven.apache.org/maven2/io/projectreactor/addons/reactor-pool/1.2.6/reactor-pool-1.2.6.jar
2026-10-04T12:36:24.2411619Z [INFO] Downloaded from central: https://repo.maven.apache.org/maven2/org/springframework/boot/spring-boot-data-commons/4.1.0/spring-boot-data-commons-4.1.0.jar (30 kB at 57 kB/s)
2026-10-04T12:36:24.2417588Z [INFO] Downloading from central: https://repo.maven.apache.org/maven2/org/springframework/data/spring-data-r2dbc/4.1.0/spring-data-r2dbc-4.1.0.jar
2026-10-04T12:36:24.2481668Z [INFO] Downloaded from central: https://repo.maven.apache.org/maven2/io/projectreactor/addons/reactor-pool/1.2.6/reactor-pool-1.2.6.jar (63 kB at 117 kB/s)
2026-10-04T12:36:24.2482644Z [INFO] Downloading from central: https://repo.maven.apache.org/maven2/org/springframework/data/spring-data-relational/4.1.0/spring-data-relational-4.1.0.jar
2026-10-04T12:36:24.2498957Z [INFO] Downloaded from central: https://repo.maven.apache.org/maven2/org/springframework/boot/spring-boot-persistence/4.1.0/spring-boot-persistence-4.1.0.jar (16 kB at 30 kB/s)
2026-10-04T12:36:24.2499895Z [INFO] Downloading from central: https://repo.maven.apache.org/maven2/org/springframework/spring-tx/7.0.8/spring-tx-7.0.8.jar
2026-10-04T12:36:24.2559395Z [INFO] Downloaded from central: https://repo.maven.apache.org/maven2/io/r2dbc/r2dbc-pool/1.0.2.RELEASE/r2dbc-pool-1.0.2.RELEASE.jar (48 kB at 88 kB/s)
2026-10-04T12:36:24.2560297Z [INFO] Downloading from central: https://repo.maven.apache.org/maven2/org/springframework/boot/spring-boot-r2dbc/4.1.0/spring-boot-r2dbc-4.1.0.jar
2026-10-04T12:36:24.2568243Z [INFO] Downloaded from central: https://repo.maven.apache.org/maven2/org/springframework/data/spring-data-commons/4.1.0/spring-data-commons-4.1.0.jar (1.8 MB at 3.2 MB/s)
2026-10-04T12:36:24.2569186Z [INFO] Downloading from central: https://repo.maven.apache.org/maven2/org/springframework/boot/spring-boot-sql/4.1.0/spring-boot-sql-4.1.0.jar
2026-10-04T12:36:24.2627934Z [INFO] Downloaded from central: https://repo.maven.apache.org/maven2/org/springframework/data/spring-data-r2dbc/4.1.0/spring-data-r2dbc-4.1.0.jar (302 kB at 547 kB/s)
2026-10-04T12:36:24.2628883Z [INFO] Downloading from central: https://repo.maven.apache.org/maven2/org/springframework/boot/spring-boot-transaction/4.1.0/spring-boot-transaction-4.1.0.jar
2026-10-04T12:36:24.2721975Z [INFO] Downloaded from central: https://repo.maven.apache.org/maven2/org/springframework/spring-tx/7.0.8/spring-tx-7.0.8.jar (292 kB at 521 kB/s)
2026-10-04T12:36:24.2724656Z [INFO] Downloading from central: https://repo.maven.apache.org/maven2/org/springframework/spring-r2dbc/7.0.8/spring-r2dbc-7.0.8.jar
2026-10-04T12:36:24.2731980Z [INFO] Downloaded from central: https://repo.maven.apache.org/maven2/org/springframework/data/spring-data-relational/4.1.0/spring-data-relational-4.1.0.jar (583 kB at 1.0 MB/s)
2026-10-04T12:36:24.2733097Z [INFO] Downloading from central: https://repo.maven.apache.org/maven2/org/springframework/boot/spring-boot-starter-jdbc/4.1.0/spring-boot-starter-jdbc-4.1.0.jar
2026-10-04T12:36:24.2836143Z [INFO] Downloaded from central: https://repo.maven.apache.org/maven2/org/springframework/boot/spring-boot-r2dbc/4.1.0/spring-boot-r2dbc-4.1.0.jar (121 kB at 211 kB/s)
2026-10-04T12:36:24.2837188Z [INFO] Downloading from central: https://repo.maven.apache.org/maven2/org/springframework/boot/spring-boot-jdbc/4.1.0/spring-boot-jdbc-4.1.0.jar
2026-10-04T12:36:24.2842167Z [INFO] Downloaded from central: https://repo.maven.apache.org/maven2/org/springframework/boot/spring-boot-transaction/4.1.0/spring-boot-transaction-4.1.0.jar (21 kB at 37 kB/s)
2026-10-04T12:36:24.2843396Z [INFO] Downloading from central: https://repo.maven.apache.org/maven2/org/springframework/spring-jdbc/7.0.8/spring-jdbc-7.0.8.jar
2026-10-04T12:36:24.2904702Z [INFO] Downloaded from central: https://repo.maven.apache.org/maven2/org/springframework/boot/spring-boot-sql/4.1.0/spring-boot-sql-4.1.0.jar (36 kB at 62 kB/s)
2026-10-04T12:36:24.2905967Z [INFO] Downloading from central: https://repo.maven.apache.org/maven2/com/zaxxer/HikariCP/7.0.2/HikariCP-7.0.2.jar
2026-10-04T12:36:24.2924594Z [INFO] Downloaded from central: https://repo.maven.apache.org/maven2/org/springframework/boot/spring-boot-starter-jdbc/4.1.0/spring-boot-starter-jdbc-4.1.0.jar (4.8 kB at 8.2 kB/s)
2026-10-04T12:36:24.2925518Z [INFO] Downloading from central: https://repo.maven.apache.org/maven2/org/slf4j/slf4j-api/2.0.18/slf4j-api-2.0.18.jar
2026-10-04T12:36:24.2947539Z [INFO] Downloaded from central: https://repo.maven.apache.org/maven2/org/springframework/spring-r2dbc/7.0.8/spring-r2dbc-7.0.8.jar (150 kB at 257 kB/s)
2026-10-04T12:36:24.2948494Z [INFO] Downloading from central: https://repo.maven.apache.org/maven2/org/postgresql/r2dbc-postgresql/1.1.1.RELEASE/r2dbc-postgresql-1.1.1.RELEASE.jar
2026-10-04T12:36:24.3045097Z [INFO] Downloaded from central: https://repo.maven.apache.org/maven2/org/springframework/spring-jdbc/7.0.8/spring-jdbc-7.0.8.jar (481 kB at 809 kB/s)
2026-10-04T12:36:24.3046013Z [INFO] Downloading from central: https://repo.maven.apache.org/maven2/io/r2dbc/r2dbc-spi/1.0.0.RELEASE/r2dbc-spi-1.0.0.RELEASE.jar
2026-10-04T12:36:24.3095345Z [INFO] Downloaded from central: https://repo.maven.apache.org/maven2/org/slf4j/slf4j-api/2.0.18/slf4j-api-2.0.18.jar (70 kB at 117 kB/s)
2026-10-04T12:36:24.3095998Z [INFO] Downloading from central: https://repo.maven.apache.org/maven2/org/reactivestreams/reactive-streams/1.0.4/reactive-streams-1.0.4.jar
2026-10-04T12:36:24.3119044Z [INFO] Downloaded from central: https://repo.maven.apache.org/maven2/org/springframework/boot/spring-boot-jdbc/4.1.0/spring-boot-jdbc-4.1.0.jar (205 kB at 340 kB/s)
2026-10-04T12:36:24.3119948Z [INFO] Downloading from central: https://repo.maven.apache.org/maven2/com/ongres/scram/scram-client/3.2/scram-client-3.2.jar
2026-10-04T12:36:24.3143028Z [INFO] Downloaded from central: https://repo.maven.apache.org/maven2/com/zaxxer/HikariCP/7.0.2/HikariCP-7.0.2.jar (172 kB at 285 kB/s)
2026-10-04T12:36:24.3143806Z [INFO] Downloading from central: https://repo.maven.apache.org/maven2/com/ongres/stringprep/saslprep/2.2/saslprep-2.2.jar
2026-10-04T12:36:24.3221989Z [INFO] Downloaded from central: https://repo.maven.apache.org/maven2/org/postgresql/r2dbc-postgresql/1.1.1.RELEASE/r2dbc-postgresql-1.1.1.RELEASE.jar (649 kB at 1.1 MB/s)
2026-10-04T12:36:24.3222985Z [INFO] Downloading from central: https://repo.maven.apache.org/maven2/com/ongres/stringprep/stringprep/2.2/stringprep-2.2.jar
2026-10-04T12:36:24.3247722Z [INFO] Downloaded from central: https://repo.maven.apache.org/maven2/io/r2dbc/r2dbc-spi/1.0.0.RELEASE/r2dbc-spi-1.0.0.RELEASE.jar (68 kB at 110 kB/s)
2026-10-04T12:36:24.3248593Z [INFO] Downloading from central: https://repo.maven.apache.org/maven2/com/ongres/scram/scram-common/3.2/scram-common-3.2.jar
2026-10-04T12:36:24.3285937Z [INFO] Downloaded from central: https://repo.maven.apache.org/maven2/org/reactivestreams/reactive-streams/1.0.4/reactive-streams-1.0.4.jar (12 kB at 19 kB/s)
2026-10-04T12:36:24.3286694Z [INFO] Downloading from central: https://repo.maven.apache.org/maven2/io/projectreactor/reactor-core/3.8.6/reactor-core-3.8.6.jar
2026-10-04T12:36:24.3343225Z [INFO] Downloaded from central: https://repo.maven.apache.org/maven2/com/ongres/stringprep/saslprep/2.2/saslprep-2.2.jar (5.4 kB at 8.7 kB/s)
2026-10-04T12:36:24.3344112Z [INFO] Downloading from central: https://repo.maven.apache.org/maven2/io/projectreactor/netty/reactor-netty-core/1.3.6/reactor-netty-core-1.3.6.jar
2026-10-04T12:36:24.3408946Z [INFO] Downloaded from central: https://repo.maven.apache.org/maven2/com/ongres/scram/scram-client/3.2/scram-client-3.2.jar (18 kB at 28 kB/s)
2026-10-04T12:36:24.3409872Z [INFO] Downloading from central: https://repo.maven.apache.org/maven2/io/netty/netty-handler/4.2.15.Final/netty-handler-4.2.15.Final.jar
2026-10-04T12:36:24.3431443Z [INFO] Downloaded from central: https://repo.maven.apache.org/maven2/com/ongres/scram/scram-common/3.2/scram-common-3.2.jar (49 kB at 77 kB/s)
2026-10-04T12:36:24.3432660Z [INFO] Downloading from central: https://repo.maven.apache.org/maven2/io/netty/netty-resolver/4.2.15.Final/netty-resolver-4.2.15.Final.jar
2026-10-04T12:36:24.3467989Z [INFO] Downloaded from central: https://repo.maven.apache.org/maven2/com/ongres/stringprep/stringprep/2.2/stringprep-2.2.jar (45 kB at 71 kB/s)
2026-10-04T12:36:24.3468773Z [INFO] Downloading from central: https://repo.maven.apache.org/maven2/io/netty/netty-buffer/4.2.15.Final/netty-buffer-4.2.15.Final.jar
2026-10-04T12:36:24.3639050Z [INFO] Downloaded from central: https://repo.maven.apache.org/maven2/io/netty/netty-resolver/4.2.15.Final/netty-resolver-4.2.15.Final.jar (33 kB at 50 kB/s)
2026-10-04T12:36:24.3639906Z [INFO] Downloading from central: https://repo.maven.apache.org/maven2/io/netty/netty-transport/4.2.15.Final/netty-transport-4.2.15.Final.jar
2026-10-04T12:36:24.3641138Z [INFO] Downloaded from central: https://repo.maven.apache.org/maven2/io/projectreactor/reactor-core/3.8.6/reactor-core-3.8.6.jar (1.9 MB at 3.0 MB/s)
2026-10-04T12:36:24.3641960Z [INFO] Downloading from central: https://repo.maven.apache.org/maven2/io/netty/netty-codec-base/4.2.15.Final/netty-codec-base-4.2.15.Final.jar
2026-10-04T12:36:24.3708353Z [INFO] Downloaded from central: https://repo.maven.apache.org/maven2/io/netty/netty-buffer/4.2.15.Final/netty-buffer-4.2.15.Final.jar (372 kB at 564 kB/s)
2026-10-04T12:36:24.3709284Z [INFO] Downloading from central: https://repo.maven.apache.org/maven2/io/netty/netty-handler-proxy/4.2.15.Final/netty-handler-proxy-4.2.15.Final.jar
2026-10-04T12:36:24.3744956Z [INFO] Downloaded from central: https://repo.maven.apache.org/maven2/io/projectreactor/netty/reactor-netty-core/1.3.6/reactor-netty-core-1.3.6.jar (550 kB at 828 kB/s)
2026-10-04T12:36:24.3745614Z [INFO] Downloading from central: https://repo.maven.apache.org/maven2/io/netty/netty-codec-socks/4.2.15.Final/netty-codec-socks-4.2.15.Final.jar
2026-10-04T12:36:24.3763365Z [INFO] Downloaded from central: https://repo.maven.apache.org/maven2/io/netty/netty-handler/4.2.15.Final/netty-handler-4.2.15.Final.jar (586 kB at 881 kB/s)
2026-10-04T12:36:24.3763981Z [INFO] Downloading from central: https://repo.maven.apache.org/maven2/io/netty/netty-codec-http/4.2.15.Final/netty-codec-http-4.2.15.Final.jar
2026-10-04T12:36:24.3865345Z [INFO] Downloaded from central: https://repo.maven.apache.org/maven2/io/netty/netty-codec-base/4.2.15.Final/netty-codec-base-4.2.15.Final.jar (153 kB at 227 kB/s)
2026-10-04T12:36:24.3865925Z [INFO] Downloading from central: https://repo.maven.apache.org/maven2/io/netty/netty-codec-compression/4.2.15.Final/netty-codec-compression-4.2.15.Final.jar
2026-10-04T12:36:24.3924136Z [INFO] Downloaded from central: https://repo.maven.apache.org/maven2/io/netty/netty-transport/4.2.15.Final/netty-transport-4.2.15.Final.jar (550 kB at 806 kB/s)
2026-10-04T12:36:24.3925014Z [INFO] Downloading from central: https://repo.maven.apache.org/maven2/io/netty/netty-resolver-dns/4.2.15.Final/netty-resolver-dns-4.2.15.Final.jar
2026-10-04T12:36:24.3935617Z [INFO] Downloaded from central: https://repo.maven.apache.org/maven2/io/netty/netty-codec-socks/4.2.15.Final/netty-codec-socks-4.2.15.Final.jar (132 kB at 194 kB/s)
2026-10-04T12:36:24.3936438Z [INFO] Downloading from central: https://repo.maven.apache.org/maven2/io/netty/netty-codec-dns/4.2.15.Final/netty-codec-dns-4.2.15.Final.jar
2026-10-04T12:36:24.4043608Z [INFO] Downloaded from central: https://repo.maven.apache.org/maven2/io/netty/netty-codec-compression/4.2.15.Final/netty-codec-compression-4.2.15.Final.jar (183 kB at 264 kB/s)
2026-10-04T12:36:24.4044717Z [INFO] Downloading from central: https://repo.maven.apache.org/maven2/io/netty/netty-resolver-dns-native-macos/4.2.15.Final/netty-resolver-dns-native-macos-4.2.15.Final-osx-x86_64.jar
2026-10-04T12:36:24.4046440Z [INFO] Downloaded from central: https://repo.maven.apache.org/maven2/io/netty/netty-handler-proxy/4.2.15.Final/netty-handler-proxy-4.2.15.Final.jar (27 kB at 39 kB/s)
2026-10-04T12:36:24.4047398Z [INFO] Downloading from central: https://repo.maven.apache.org/maven2/io/netty/netty-transport-native-epoll/4.2.15.Final/netty-transport-native-epoll-4.2.15.Final-linux-x86_64.jar
2026-10-04T12:36:24.4129289Z [INFO] Downloaded from central: https://repo.maven.apache.org/maven2/io/netty/netty-resolver-dns/4.2.15.Final/netty-resolver-dns-4.2.15.Final.jar (174 kB at 248 kB/s)
2026-10-04T12:36:24.4130075Z [INFO] Downloading from central: https://repo.maven.apache.org/maven2/io/netty/netty-transport-classes-epoll/4.2.15.Final/netty-transport-classes-epoll-4.2.15.Final.jar
2026-10-04T12:36:24.4181080Z [INFO] Downloaded from central: https://repo.maven.apache.org/maven2/io/netty/netty-codec-dns/4.2.15.Final/netty-codec-dns-4.2.15.Final.jar (71 kB at 101 kB/s)
2026-10-04T12:36:24.4181757Z [INFO] Downloading from central: https://repo.maven.apache.org/maven2/org/postgresql/postgresql/42.7.11/postgresql-42.7.11.jar
2026-10-04T12:36:24.4224564Z [INFO] Downloaded from central: https://repo.maven.apache.org/maven2/io/netty/netty-resolver-dns-native-macos/4.2.15.Final/netty-resolver-dns-native-macos-4.2.15.Final-osx-x86_64.jar (20 kB at 29 kB/s)
2026-10-04T12:36:24.4225491Z [INFO] Downloading from central: https://repo.maven.apache.org/maven2/org/flywaydb/flyway-core/13.1.0/flyway-core-13.1.0.jar
2026-10-04T12:36:24.4240466Z [INFO] Downloaded from central: https://repo.maven.apache.org/maven2/io/netty/netty-transport-native-epoll/4.2.15.Final/netty-transport-native-epoll-4.2.15.Final-linux-x86_64.jar (42 kB at 59 kB/s)
2026-10-04T12:36:24.4241320Z [INFO] Downloading from central: https://repo.maven.apache.org/maven2/tools/jackson/core/jackson-databind/3.1.4/jackson-databind-3.1.4.jar
2026-10-04T12:36:24.4266310Z [INFO] Downloaded from central: https://repo.maven.apache.org/maven2/io/netty/netty-codec-http/4.2.15.Final/netty-codec-http-4.2.15.Final.jar (675 kB at 943 kB/s)
2026-10-04T12:36:24.4267163Z [INFO] Downloading from central: https://repo.maven.apache.org/maven2/com/fasterxml/jackson/core/jackson-annotations/2.21/jackson-annotations-2.21.jar
2026-10-04T12:36:24.4321440Z [INFO] Downloaded from central: https://repo.maven.apache.org/maven2/io/netty/netty-transport-classes-epoll/4.2.15.Final/netty-transport-classes-epoll-4.2.15.Final.jar (160 kB at 221 kB/s)
2026-10-04T12:36:24.4322124Z [INFO] Downloading from central: https://repo.maven.apache.org/maven2/tools/jackson/core/jackson-core/3.1.4/jackson-core-3.1.4.jar
2026-10-04T12:36:24.4438594Z [INFO] Downloaded from central: https://repo.maven.apache.org/maven2/org/postgresql/postgresql/42.7.11/postgresql-42.7.11.jar (1.1 MB at 1.6 MB/s)
2026-10-04T12:36:24.4439496Z [INFO] Downloading from central: https://repo.maven.apache.org/maven2/org/flywaydb/flyway-database-postgresql/13.1.0/flyway-database-postgresql-13.1.0.jar
2026-10-04T12:36:24.4478514Z [INFO] Downloaded from central: https://repo.maven.apache.org/maven2/org/flywaydb/flyway-core/13.1.0/flyway-core-13.1.0.jar (817 kB at 1.1 MB/s)
2026-10-04T12:36:24.4479143Z [INFO] Downloading from central: https://repo.maven.apache.org/maven2/org/springframework/boot/spring-boot-starter-data-redis-reactive/4.1.0/spring-boot-starter-data-redis-reactive-4.1.0.jar
2026-10-04T12:36:24.4565835Z [INFO] Downloaded from central: https://repo.maven.apache.org/maven2/tools/jackson/core/jackson-core/3.1.4/jackson-core-3.1.4.jar (599 kB at 802 kB/s)
2026-10-04T12:36:24.4566527Z [INFO] Downloading from central: https://repo.maven.apache.org/maven2/org/springframework/boot/spring-boot-data-redis/4.1.0/spring-boot-data-redis-4.1.0.jar
2026-10-04T12:36:24.4588054Z [INFO] Downloaded from central: https://repo.maven.apache.org/maven2/com/fasterxml/jackson/core/jackson-annotations/2.21/jackson-annotations-2.21.jar (82 kB at 110 kB/s)
2026-10-04T12:36:24.4589048Z [INFO] Downloading from central: https://repo.maven.apache.org/maven2/io/lettuce/lettuce-core/7.5.2.RELEASE/lettuce-core-7.5.2.RELEASE.jar
2026-10-04T12:36:24.4648672Z [INFO] Downloaded from central: https://repo.maven.apache.org/maven2/org/flywaydb/flyway-database-postgresql/13.1.0/flyway-database-postgresql-13.1.0.jar (51 kB at 67 kB/s)
2026-10-04T12:36:24.4651002Z [INFO] Downloading from central: https://repo.maven.apache.org/maven2/redis/clients/authentication/redis-authx-core/0.1.1-beta2/redis-authx-core-0.1.1-beta2.jar
2026-10-04T12:36:24.4668163Z [INFO] Downloaded from central: https://repo.maven.apache.org/maven2/org/springframework/boot/spring-boot-starter-data-redis-reactive/4.1.0/spring-boot-starter-data-redis-reactive-4.1.0.jar (4.8 kB at 6.3 kB/s)
2026-10-04T12:36:24.4669107Z [INFO] Downloading from central: https://repo.maven.apache.org/maven2/org/springframework/data/spring-data-redis/4.1.0/spring-data-redis-4.1.0.jar
2026-10-04T12:36:24.4702752Z [INFO] Downloaded from central: https://repo.maven.apache.org/maven2/tools/jackson/core/jackson-databind/3.1.4/jackson-databind-3.1.4.jar (1.9 MB at 2.6 MB/s)
2026-10-04T12:36:24.4703458Z [INFO] Downloading from central: https://repo.maven.apache.org/maven2/org/springframework/data/spring-data-keyvalue/4.1.0/spring-data-keyvalue-4.1.0.jar
2026-10-04T12:36:24.4780986Z [INFO] Downloaded from central: https://repo.maven.apache.org/maven2/org/springframework/boot/spring-boot-data-redis/4.1.0/spring-boot-data-redis-4.1.0.jar (90 kB at 117 kB/s)
2026-10-04T12:36:24.4781663Z [INFO] Downloading from central: https://repo.maven.apache.org/maven2/org/springframework/spring-oxm/7.0.8/spring-oxm-7.0.8.jar
2026-10-04T12:36:24.4887653Z [INFO] Downloaded from central: https://repo.maven.apache.org/maven2/redis/clients/authentication/redis-authx-core/0.1.1-beta2/redis-authx-core-0.1.1-beta2.jar (18 kB at 23 kB/s)
2026-10-04T12:36:24.4890550Z [INFO] Downloading from central: https://repo.maven.apache.org/maven2/org/springframework/boot/spring-boot-netty/4.1.0/spring-boot-netty-4.1.0.jar
2026-10-04T12:36:24.4906697Z [INFO] Downloaded from central: https://repo.maven.apache.org/maven2/org/springframework/data/spring-data-keyvalue/4.1.0/spring-data-keyvalue-4.1.0.jar (143 kB at 183 kB/s)
2026-10-04T12:36:24.4907992Z [INFO] Downloading from central: https://repo.maven.apache.org/maven2/io/netty/netty-resolver-dns-native-macos/4.2.15.Final/netty-resolver-dns-native-macos-4.2.15.Final.jar
2026-10-04T12:36:24.4973428Z [INFO] Downloaded from central: https://repo.maven.apache.org/maven2/org/springframework/spring-oxm/7.0.8/spring-oxm-7.0.8.jar (60 kB at 76 kB/s)
2026-10-04T12:36:24.4974229Z [INFO] Downloading from central: https://repo.maven.apache.org/maven2/io/netty/netty-resolver-dns-classes-macos/4.2.15.Final/netty-resolver-dns-classes-macos-4.2.15.Final.jar
2026-10-04T12:36:24.5017700Z [INFO] Downloaded from central: https://repo.maven.apache.org/maven2/io/lettuce/lettuce-core/7.5.2.RELEASE/lettuce-core-7.5.2.RELEASE.jar (2.6 MB at 3.3 MB/s)
2026-10-04T12:36:24.5018562Z [INFO] Downloading from central: https://repo.maven.apache.org/maven2/io/netty/netty-common/4.2.15.Final/netty-common-4.2.15.Final.jar
2026-10-04T12:36:24.5134975Z [INFO] Downloaded from central: https://repo.maven.apache.org/maven2/io/netty/netty-resolver-dns-native-macos/4.2.15.Final/netty-resolver-dns-native-macos-4.2.15.Final.jar (6.0 kB at 7.5 kB/s)
2026-10-04T12:36:24.5136092Z [INFO] Downloading from central: https://repo.maven.apache.org/maven2/io/netty/netty-transport-native-unix-common/4.2.15.Final/netty-transport-native-unix-common-4.2.15.Final.jar
2026-10-04T12:36:24.5136995Z [INFO] Downloaded from central: https://repo.maven.apache.org/maven2/org/springframework/data/spring-data-redis/4.1.0/spring-data-redis-4.1.0.jar (2.5 MB at 3.1 MB/s)
2026-10-04T12:36:24.5137893Z [INFO] Downloading from central: https://repo.maven.apache.org/maven2/org/springframework/ai/spring-ai-starter-model-ollama/2.0.0-M8/spring-ai-starter-model-ollama-2.0.0-M8.jar
2026-10-04T12:36:24.5191925Z [INFO] Downloaded from central: https://repo.maven.apache.org/maven2/io/netty/netty-resolver-dns-classes-macos/4.2.15.Final/netty-resolver-dns-classes-macos-4.2.15.Final.jar (9.8 kB at 12 kB/s)
2026-10-04T12:36:24.5192730Z [INFO] Downloading from central: https://repo.maven.apache.org/maven2/org/springframework/boot/spring-boot-starter-webclient/4.1.0/spring-boot-starter-webclient-4.1.0.jar
2026-10-04T12:36:24.5223999Z [INFO] Downloaded from central: https://repo.maven.apache.org/maven2/org/springframework/boot/spring-boot-netty/4.1.0/spring-boot-netty-4.1.0.jar (9.8 kB at 12 kB/s)
2026-10-04T12:36:24.5224913Z [INFO] Downloading from central: https://repo.maven.apache.org/maven2/org/springframework/boot/spring-boot-webclient/4.1.0/spring-boot-webclient-4.1.0.jar
2026-10-04T12:36:24.5345533Z [INFO] Downloaded from central: https://repo.maven.apache.org/maven2/org/springframework/ai/spring-ai-starter-model-ollama/2.0.0-M8/spring-ai-starter-model-ollama-2.0.0-M8.jar (2.5 kB at 3.0 kB/s)
2026-10-04T12:36:24.5346793Z [INFO] Downloading from central: https://repo.maven.apache.org/maven2/org/springframework/boot/spring-boot-http-client/4.1.0/spring-boot-http-client-4.1.0.jar
2026-10-04T12:36:24.5359743Z [INFO] Downloaded from central: https://repo.maven.apache.org/maven2/io/netty/netty-common/4.2.15.Final/netty-common-4.2.15.Final.jar (818 kB at 992 kB/s)
2026-10-04T12:36:24.5360533Z [INFO] Downloading from central: https://repo.maven.apache.org/maven2/io/projectreactor/netty/reactor-netty-http/1.3.6/reactor-netty-http-1.3.6.jar
2026-10-04T12:36:24.5380272Z [INFO] Downloaded from central: https://repo.maven.apache.org/maven2/io/netty/netty-transport-native-unix-common/4.2.15.Final/netty-transport-native-unix-common-4.2.15.Final.jar (47 kB at 57 kB/s)
2026-10-04T12:36:24.5381494Z [INFO] Downloading from central: https://repo.maven.apache.org/maven2/io/netty/netty-codec-http2/4.2.15.Final/netty-codec-http2-4.2.15.Final.jar
2026-10-04T12:36:24.5382579Z [INFO] Downloaded from central: https://repo.maven.apache.org/maven2/org/springframework/boot/spring-boot-starter-webclient/4.1.0/spring-boot-starter-webclient-4.1.0.jar (4.8 kB at 5.8 kB/s)
2026-10-04T12:36:24.5383574Z [INFO] Downloading from central: https://repo.maven.apache.org/maven2/io/netty/netty-codec-http3/4.2.15.Final/netty-codec-http3-4.2.15.Final.jar
2026-10-04T12:36:24.5418647Z [INFO] Downloaded from central: https://repo.maven.apache.org/maven2/org/springframework/boot/spring-boot-webclient/4.1.0/spring-boot-webclient-4.1.0.jar (24 kB at 28 kB/s)
2026-10-04T12:36:24.5419473Z [INFO] Downloading from central: https://repo.maven.apache.org/maven2/io/netty/netty-codec-classes-quic/4.2.15.Final/netty-codec-classes-quic-4.2.15.Final.jar
2026-10-04T12:36:24.5566161Z [INFO] Downloaded from central: https://repo.maven.apache.org/maven2/org/springframework/boot/spring-boot-http-client/4.1.0/spring-boot-http-client-4.1.0.jar (143 kB at 169 kB/s)
2026-10-04T12:36:24.5567198Z [INFO] Downloading from central: https://repo.maven.apache.org/maven2/io/netty/netty-codec-native-quic/4.2.15.Final/netty-codec-native-quic-4.2.15.Final-linux-x86_64.jar
2026-10-04T12:36:24.5590175Z [INFO] Downloaded from central: https://repo.maven.apache.org/maven2/io/netty/netty-codec-http2/4.2.15.Final/netty-codec-http2-4.2.15.Final.jar (494 kB at 583 kB/s)
2026-10-04T12:36:24.5591344Z [INFO] Downloading from central: https://repo.maven.apache.org/maven2/io/netty/netty-codec-native-quic/4.2.15.Final/netty-codec-native-quic-4.2.15.Final-linux-aarch_64.jar
2026-10-04T12:36:24.5639182Z [INFO] Downloaded from central: https://repo.maven.apache.org/maven2/io/netty/netty-codec-http3/4.2.15.Final/netty-codec-http3-4.2.15.Final.jar (224 kB at 262 kB/s)
2026-10-04T12:36:24.5639771Z [INFO] Downloading from central: https://repo.maven.apache.org/maven2/io/netty/netty-codec-native-quic/4.2.15.Final/netty-codec-native-quic-4.2.15.Final-osx-x86_64.jar
2026-10-04T12:36:24.5676392Z [INFO] Downloaded from central: https://repo.maven.apache.org/maven2/io/netty/netty-codec-classes-quic/4.2.15.Final/netty-codec-classes-quic-4.2.15.Final.jar (265 kB at 310 kB/s)
2026-10-04T12:36:24.5677595Z [INFO] Downloading from central: https://repo.maven.apache.org/maven2/io/netty/netty-codec-native-quic/4.2.15.Final/netty-codec-native-quic-4.2.15.Final-osx-aarch_64.jar
2026-10-04T12:36:24.5756700Z [INFO] Downloaded from central: https://repo.maven.apache.org/maven2/io/projectreactor/netty/reactor-netty-http/1.3.6/reactor-netty-http-1.3.6.jar (638 kB at 738 kB/s)
2026-10-04T12:36:24.5757751Z [INFO] Downloading from central: https://repo.maven.apache.org/maven2/io/netty/netty-codec-native-quic/4.2.15.Final/netty-codec-native-quic-4.2.15.Final-windows-x86_64.jar
2026-10-04T12:36:24.6041721Z [INFO] Downloaded from central: https://repo.maven.apache.org/maven2/io/netty/netty-codec-native-quic/4.2.15.Final/netty-codec-native-quic-4.2.15.Final-linux-x86_64.jar (2.7 MB at 3.1 MB/s)
2026-10-04T12:36:24.6043243Z [INFO] Downloading from central: https://repo.maven.apache.org/maven2/org/springframework/boot/spring-boot-starter-restclient/4.1.0/spring-boot-starter-restclient-4.1.0.jar
2026-10-04T12:36:24.6051860Z [INFO] Downloaded from central: https://repo.maven.apache.org/maven2/io/netty/netty-codec-native-quic/4.2.15.Final/netty-codec-native-quic-4.2.15.Final-linux-aarch_64.jar (2.6 MB at 2.9 MB/s)
2026-10-04T12:36:24.6053061Z [INFO] Downloading from central: https://repo.maven.apache.org/maven2/org/springframework/boot/spring-boot-restclient/4.1.0/spring-boot-restclient-4.1.0.jar
2026-10-04T12:36:24.6118061Z [INFO] Downloaded from central: https://repo.maven.apache.org/maven2/io/netty/netty-codec-native-quic/4.2.15.Final/netty-codec-native-quic-4.2.15.Final-osx-x86_64.jar (2.5 MB at 2.8 MB/s)
2026-10-04T12:36:24.6136832Z [INFO] Downloading from central: https://repo.maven.apache.org/maven2/org/springframework/boot/spring-boot-http-converter/4.1.0/spring-boot-http-converter-4.1.0.jar
2026-10-04T12:36:24.6139593Z [INFO] Downloaded from central: https://repo.maven.apache.org/maven2/io/netty/netty-codec-native-quic/4.2.15.Final/netty-codec-native-quic-4.2.15.Final-windows-x86_64.jar (1.5 MB at 1.7 MB/s)
2026-10-04T12:36:24.6140434Z [INFO] Downloading from central: https://repo.maven.apache.org/maven2/org/springframework/ai/spring-ai-autoconfigure-model-ollama/2.0.0-M8/spring-ai-autoconfigure-model-ollama-2.0.0-M8.jar
2026-10-04T12:36:24.6141619Z [INFO] Downloaded from central: https://repo.maven.apache.org/maven2/io/netty/netty-codec-native-quic/4.2.15.Final/netty-codec-native-quic-4.2.15.Final-osx-aarch_64.jar (2.4 MB at 2.6 MB/s)
2026-10-04T12:36:24.6142381Z [INFO] Downloading from central: https://repo.maven.apache.org/maven2/org/springframework/ai/spring-ai-autoconfigure-retry/2.0.0-M8/spring-ai-autoconfigure-retry-2.0.0-M8.jar
2026-10-04T12:36:24.6234634Z [INFO] Downloaded from central: https://repo.maven.apache.org/maven2/org/springframework/boot/spring-boot-restclient/4.1.0/spring-boot-restclient-4.1.0.jar (45 kB at 49 kB/s)
2026-10-04T12:36:24.6235640Z [INFO] Downloading from central: https://repo.maven.apache.org/maven2/org/springframework/ai/spring-ai-autoconfigure-model-tool/2.0.0-M8/spring-ai-autoconfigure-model-tool-2.0.0-M8.jar
2026-10-04T12:36:24.6324331Z [INFO] Downloaded from central: https://repo.maven.apache.org/maven2/org/springframework/boot/spring-boot-http-converter/4.1.0/spring-boot-http-converter-4.1.0.jar (54 kB at 59 kB/s)
2026-10-04T12:36:24.6325052Z [INFO] Downloading from central: https://repo.maven.apache.org/maven2/org/springframework/ai/spring-ai-autoconfigure-model-chat-observation/2.0.0-M8/spring-ai-autoconfigure-model-chat-observation-2.0.0-M8.jar
2026-10-04T12:36:24.6361268Z [INFO] Downloaded from central: https://repo.maven.apache.org/maven2/org/springframework/boot/spring-boot-starter-restclient/4.1.0/spring-boot-starter-restclient-4.1.0.jar (4.8 kB at 5.2 kB/s)
2026-10-04T12:36:24.6362239Z [INFO] Downloading from central: https://repo.maven.apache.org/maven2/org/springframework/ai/spring-ai-autoconfigure-model-embedding-observation/2.0.0-M8/spring-ai-autoconfigure-model-embedding-observation-2.0.0-M8.jar
2026-10-04T12:36:24.6377991Z [INFO] Downloaded from central: https://repo.maven.apache.org/maven2/org/springframework/ai/spring-ai-autoconfigure-model-ollama/2.0.0-M8/spring-ai-autoconfigure-model-ollama-2.0.0-M8.jar (25 kB at 27 kB/s)
2026-10-04T12:36:24.6378653Z [INFO] Downloading from central: https://repo.maven.apache.org/maven2/org/springframework/ai/spring-ai-ollama/2.0.0-M8/spring-ai-ollama-2.0.0-M8.jar
2026-10-04T12:36:24.6449306Z [INFO] Downloaded from central: https://repo.maven.apache.org/maven2/org/springframework/ai/spring-ai-autoconfigure-model-tool/2.0.0-M8/spring-ai-autoconfigure-model-tool-2.0.0-M8.jar (11 kB at 12 kB/s)
2026-10-04T12:36:24.6449942Z [INFO] Downloading from central: https://repo.maven.apache.org/maven2/org/springframework/ai/spring-ai-model/2.0.0-M8/spring-ai-model-2.0.0-M8.jar
2026-10-04T12:36:24.6483910Z [INFO] Downloaded from central: https://repo.maven.apache.org/maven2/org/springframework/ai/spring-ai-autoconfigure-retry/2.0.0-M8/spring-ai-autoconfigure-retry-2.0.0-M8.jar (11 kB at 12 kB/s)
2026-10-04T12:36:24.6484550Z [INFO] Downloading from central: https://repo.maven.apache.org/maven2/org/springframework/ai/spring-ai-commons/2.0.0-M8/spring-ai-commons-2.0.0-M8.jar
2026-10-04T12:36:24.6531321Z [INFO] Downloaded from central: https://repo.maven.apache.org/maven2/org/springframework/ai/spring-ai-autoconfigure-model-chat-observation/2.0.0-M8/spring-ai-autoconfigure-model-chat-observation-2.0.0-M8.jar (10 kB at 11 kB/s)
2026-10-04T12:36:24.6532498Z [INFO] Downloading from central: https://repo.maven.apache.org/maven2/io/micrometer/context-propagation/1.2.1/context-propagation-1.2.1.jar
2026-10-04T12:36:24.6637667Z [INFO] Downloaded from central: https://repo.maven.apache.org/maven2/org/springframework/ai/spring-ai-ollama/2.0.0-M8/spring-ai-ollama-2.0.0-M8.jar (99 kB at 103 kB/s)
2026-10-04T12:36:24.6702092Z [INFO] Downloading from central: https://repo.maven.apache.org/maven2/org/springframework/ai/spring-ai-template-st/2.0.0-M8/spring-ai-template-st-2.0.0-M8.jar
2026-10-04T12:36:24.6702870Z [INFO] Downloaded from central: https://repo.maven.apache.org/maven2/org/springframework/ai/spring-ai-autoconfigure-model-embedding-observation/2.0.0-M8/spring-ai-autoconfigure-model-embedding-observation-2.0.0-M8.jar (5.8 kB at 6.0 kB/s)
2026-10-04T12:36:24.6703570Z [INFO] Downloading from central: https://repo.maven.apache.org/maven2/org/antlr/antlr4-runtime/4.13.1/antlr4-runtime-4.13.1.jar
2026-10-04T12:36:24.6734832Z [INFO] Downloaded from central: https://repo.maven.apache.org/maven2/org/springframework/ai/spring-ai-model/2.0.0-M8/spring-ai-model-2.0.0-M8.jar (414 kB at 430 kB/s)
2026-10-04T12:36:24.6735522Z [INFO] Downloading from central: https://repo.maven.apache.org/maven2/org/springframework/ai/spring-ai-retry/2.0.0-M8/spring-ai-retry-2.0.0-M8.jar
2026-10-04T12:36:24.6758729Z [INFO] Downloaded from central: https://repo.maven.apache.org/maven2/io/micrometer/context-propagation/1.2.1/context-propagation-1.2.1.jar (36 kB at 37 kB/s)
2026-10-04T12:36:24.6759673Z [INFO] Downloading from central: https://repo.maven.apache.org/maven2/org/springframework/ai/spring-ai-client-chat/2.0.0-M8/spring-ai-client-chat-2.0.0-M8.jar
2026-10-04T12:36:24.6816630Z [INFO] Downloaded from central: https://repo.maven.apache.org/maven2/org/springframework/ai/spring-ai-commons/2.0.0-M8/spring-ai-commons-2.0.0-M8.jar (83 kB at 86 kB/s)
2026-10-04T12:36:24.6817637Z [INFO] Downloading from central: https://repo.maven.apache.org/maven2/com/networknt/json-schema-validator/3.0.1/json-schema-validator-3.0.1.jar
2026-10-04T12:36:24.6876494Z [INFO] Downloaded from central: https://repo.maven.apache.org/maven2/org/springframework/ai/spring-ai-template-st/2.0.0-M8/spring-ai-template-st-2.0.0-M8.jar (8.4 kB at 8.6 kB/s)
2026-10-04T12:36:24.6877019Z [INFO] Downloading from central: https://repo.maven.apache.org/maven2/com/ethlo/time/itu/1.14.0/itu-1.14.0.jar
2026-10-04T12:36:24.6930932Z [INFO] Downloaded from central: https://repo.maven.apache.org/maven2/org/antlr/antlr4-runtime/4.13.1/antlr4-runtime-4.13.1.jar (326 kB at 332 kB/s)
2026-10-04T12:36:24.6931856Z [INFO] Downloading from central: https://repo.maven.apache.org/maven2/io/swagger/core/v3/swagger-annotations-jakarta/2.2.38/swagger-annotations-jakarta-2.2.38.jar
2026-10-04T12:36:24.6958012Z [INFO] Downloaded from central: https://repo.maven.apache.org/maven2/org/springframework/ai/spring-ai-retry/2.0.0-M8/spring-ai-retry-2.0.0-M8.jar (9.2 kB at 9.3 kB/s)
2026-10-04T12:36:24.6958835Z [INFO] Downloading from central: https://repo.maven.apache.org/maven2/com/github/victools/jsonschema-module-swagger-2/5.0.0/jsonschema-module-swagger-2-5.0.0.jar
2026-10-04T12:36:24.6967748Z [INFO] Downloaded from central: https://repo.maven.apache.org/maven2/org/springframework/ai/spring-ai-client-chat/2.0.0-M8/spring-ai-client-chat-2.0.0-M8.jar (146 kB at 148 kB/s)
2026-10-04T12:36:24.6968374Z [INFO] Downloading from central: https://repo.maven.apache.org/maven2/com/knuddels/jtokkit/1.1.0/jtokkit-1.1.0.jar
2026-10-04T12:36:24.7114191Z [INFO] Downloaded from central: https://repo.maven.apache.org/maven2/com/ethlo/time/itu/1.14.0/itu-1.14.0.jar (58 kB at 58 kB/s)
2026-10-04T12:36:24.7115009Z [INFO] Downloading from central: https://repo.maven.apache.org/maven2/com/github/victools/jsonschema-generator/5.0.0/jsonschema-generator-5.0.0.jar
2026-10-04T12:36:24.7115997Z [INFO] Downloaded from central: https://repo.maven.apache.org/maven2/io/swagger/core/v3/swagger-annotations-jakarta/2.2.38/swagger-annotations-jakarta-2.2.38.jar (51 kB at 51 kB/s)
2026-10-04T12:36:24.7116720Z [INFO] Downloading from central: https://repo.maven.apache.org/maven2/org/springframework/ai/spring-ai-autoconfigure-model-chat-client/2.0.0-M8/spring-ai-autoconfigure-model-chat-client-2.0.0-M8.jar
2026-10-04T12:36:24.7152249Z [INFO] Downloaded from central: https://repo.maven.apache.org/maven2/com/networknt/json-schema-validator/3.0.1/json-schema-validator-3.0.1.jar (580 kB at 577 kB/s)
2026-10-04T12:36:24.7152925Z [INFO] Downloading from central: https://repo.maven.apache.org/maven2/org/springframework/ai/spring-ai-autoconfigure-model-chat-memory/2.0.0-M8/spring-ai-autoconfigure-model-chat-memory-2.0.0-M8.jar
2026-10-04T12:36:24.7159776Z [INFO] Downloaded from central: https://repo.maven.apache.org/maven2/com/github/victools/jsonschema-module-swagger-2/5.0.0/jsonschema-module-swagger-2-5.0.0.jar (19 kB at 19 kB/s)
2026-10-04T12:36:24.7161034Z [INFO] Downloading from central: https://repo.maven.apache.org/maven2/org/springframework/ai/spring-ai-starter-model-google-genai/2.0.0-M8/spring-ai-starter-model-google-genai-2.0.0-M8.jar
2026-10-04T12:36:24.7282501Z [INFO] Downloaded from central: https://repo.maven.apache.org/maven2/com/knuddels/jtokkit/1.1.0/jtokkit-1.1.0.jar (3.2 MB at 3.2 MB/s)
2026-10-04T12:36:24.7283637Z [INFO] Downloading from central: https://repo.maven.apache.org/maven2/org/springframework/ai/spring-ai-autoconfigure-model-google-genai/2.0.0-M8/spring-ai-autoconfigure-model-google-genai-2.0.0-M8.jar
2026-10-04T12:36:24.7320202Z [INFO] Downloaded from central: https://repo.maven.apache.org/maven2/com/github/victools/jsonschema-generator/5.0.0/jsonschema-generator-5.0.0.jar (166 kB at 162 kB/s)
2026-10-04T12:36:24.7320968Z [INFO] Downloading from central: https://repo.maven.apache.org/maven2/org/springframework/ai/spring-ai-google-genai/2.0.0-M8/spring-ai-google-genai-2.0.0-M8.jar
2026-10-04T12:36:24.7362497Z [INFO] Downloaded from central: https://repo.maven.apache.org/maven2/org/springframework/ai/spring-ai-starter-model-google-genai/2.0.0-M8/spring-ai-starter-model-google-genai-2.0.0-M8.jar (2.5 kB at 2.5 kB/s)
2026-10-04T12:36:24.7363157Z [INFO] Downloading from central: https://repo.maven.apache.org/maven2/com/google/genai/google-genai/1.54.0/google-genai-1.54.0.jar
2026-10-04T12:36:24.7443490Z [INFO] Downloaded from central: https://repo.maven.apache.org/maven2/org/springframework/ai/spring-ai-autoconfigure-model-chat-memory/2.0.0-M8/spring-ai-autoconfigure-model-chat-memory-2.0.0-M8.jar (5.1 kB at 5.0 kB/s)
2026-10-04T12:36:24.7444259Z [INFO] Downloading from central: https://repo.maven.apache.org/maven2/com/google/auth/google-auth-library-oauth2-http/1.33.0/google-auth-library-oauth2-http-1.33.0.jar
2026-10-04T12:36:24.7462746Z [INFO] Downloaded from central: https://repo.maven.apache.org/maven2/org/springframework/ai/spring-ai-autoconfigure-model-chat-client/2.0.0-M8/spring-ai-autoconfigure-model-chat-client-2.0.0-M8.jar (15 kB at 14 kB/s)
2026-10-04T12:36:24.7463532Z [INFO] Downloading from central: https://repo.maven.apache.org/maven2/com/google/auto/value/auto-value-annotations/1.11.0/auto-value-annotations-1.11.0.jar
2026-10-04T12:36:24.7472823Z [INFO] Downloaded from central: https://repo.maven.apache.org/maven2/org/springframework/ai/spring-ai-autoconfigure-model-google-genai/2.0.0-M8/spring-ai-autoconfigure-model-google-genai-2.0.0-M8.jar (26 kB at 25 kB/s)
2026-10-04T12:36:24.7473522Z [INFO] Downloading from central: https://repo.maven.apache.org/maven2/com/google/code/findbugs/jsr305/3.0.2/jsr305-3.0.2.jar
2026-10-04T12:36:24.7643250Z [INFO] Downloaded from central: https://repo.maven.apache.org/maven2/org/springframework/ai/spring-ai-google-genai/2.0.0-M8/spring-ai-google-genai-2.0.0-M8.jar (81 kB at 77 kB/s)
2026-10-04T12:36:24.7644254Z [INFO] Downloading from central: https://repo.maven.apache.org/maven2/com/google/auth/google-auth-library-credentials/1.33.0/google-auth-library-credentials-1.33.0.jar
2026-10-04T12:36:24.7652344Z [INFO] Downloaded from central: https://repo.maven.apache.org/maven2/com/google/code/findbugs/jsr305/3.0.2/jsr305-3.0.2.jar (20 kB at 19 kB/s)
2026-10-04T12:36:24.7653362Z [INFO] Downloading from central: https://repo.maven.apache.org/maven2/com/google/http-client/google-http-client/1.46.2/google-http-client-1.46.2.jar
2026-10-04T12:36:24.7686732Z [INFO] Downloaded from central: https://repo.maven.apache.org/maven2/com/google/auto/value/auto-value-annotations/1.11.0/auto-value-annotations-1.11.0.jar (7.5 kB at 7.1 kB/s)
2026-10-04T12:36:24.7687376Z [INFO] Downloading from central: https://repo.maven.apache.org/maven2/org/apache/httpcomponents/httpclient/4.5.14/httpclient-4.5.14.jar
2026-10-04T12:36:24.7759519Z [INFO] Downloaded from central: https://repo.maven.apache.org/maven2/com/google/auth/google-auth-library-oauth2-http/1.33.0/google-auth-library-oauth2-http-1.33.0.jar (301 kB at 283 kB/s)
2026-10-04T12:36:24.7760490Z [INFO] Downloading from central: https://repo.maven.apache.org/maven2/org/apache/httpcomponents/httpcore/4.4.16/httpcore-4.4.16.jar
2026-10-04T12:36:24.7792723Z [INFO] Downloaded from central: https://repo.maven.apache.org/maven2/com/google/genai/google-genai/1.54.0/google-genai-1.54.0.jar (4.8 MB at 4.5 MB/s)
2026-10-04T12:36:24.7793350Z [INFO] Downloading from central: https://repo.maven.apache.org/maven2/io/grpc/grpc-context/1.80.0/grpc-context-1.80.0.jar
2026-10-04T12:36:24.7857188Z [INFO] Downloaded from central: https://repo.maven.apache.org/maven2/com/google/auth/google-auth-library-credentials/1.33.0/google-auth-library-credentials-1.33.0.jar (8.4 kB at 7.8 kB/s)
2026-10-04T12:36:24.7866071Z [INFO] Downloading from central: https://repo.maven.apache.org/maven2/io/grpc/grpc-api/1.80.0/grpc-api-1.80.0.jar
2026-10-04T12:36:24.7866768Z [INFO] Downloaded from central: https://repo.maven.apache.org/maven2/com/google/http-client/google-http-client/1.46.2/google-http-client-1.46.2.jar (296 kB at 275 kB/s)
2026-10-04T12:36:24.7867301Z [INFO] Downloading from central: https://repo.maven.apache.org/maven2/io/opencensus/opencensus-api/0.31.1/opencensus-api-0.31.1.jar
2026-10-04T12:36:24.7981619Z [INFO] Downloaded from central: https://repo.maven.apache.org/maven2/io/grpc/grpc-context/1.80.0/grpc-context-1.80.0.jar (293 B at 269 B/s)
2026-10-04T12:36:24.7982585Z [INFO] Downloading from central: https://repo.maven.apache.org/maven2/io/opencensus/opencensus-contrib-http-util/0.31.1/opencensus-contrib-http-util-0.31.1.jar
2026-10-04T12:36:24.7989105Z [INFO] Downloaded from central: https://repo.maven.apache.org/maven2/org/apache/httpcomponents/httpclient/4.5.14/httpclient-4.5.14.jar (786 kB at 722 kB/s)
2026-10-04T12:36:24.7990246Z [INFO] Downloading from central: https://repo.maven.apache.org/maven2/com/google/http-client/google-http-client-gson/1.46.2/google-http-client-gson-1.46.2.jar
2026-10-04T12:36:24.8046862Z [INFO] Downloaded from central: https://repo.maven.apache.org/maven2/org/apache/httpcomponents/httpcore/4.4.16/httpcore-4.4.16.jar (328 kB at 300 kB/s)
2026-10-04T12:36:24.8047664Z [INFO] Downloading from central: https://repo.maven.apache.org/maven2/com/google/guava/guava/33.4.0-android/guava-33.4.0-android.jar
2026-10-04T12:36:24.8059906Z [INFO] Downloaded from central: https://repo.maven.apache.org/maven2/io/opencensus/opencensus-api/0.31.1/opencensus-api-0.31.1.jar (355 kB at 325 kB/s)
2026-10-04T12:36:24.8060846Z [INFO] Downloading from central: https://repo.maven.apache.org/maven2/com/google/guava/failureaccess/1.0.2/failureaccess-1.0.2.jar
2026-10-04T12:36:24.8075189Z [INFO] Downloaded from central: https://repo.maven.apache.org/maven2/io/grpc/grpc-api/1.80.0/grpc-api-1.80.0.jar (339 kB at 309 kB/s)
2026-10-04T12:36:24.8076051Z [INFO] Downloading from central: https://repo.maven.apache.org/maven2/com/google/guava/listenablefuture/9999.0-empty-to-avoid-conflict-with-guava/listenablefuture-9999.0-empty-to-avoid-conflict-with-guava.jar
2026-10-04T12:36:24.8166161Z [INFO] Downloaded from central: https://repo.maven.apache.org/maven2/io/opencensus/opencensus-contrib-http-util/0.31.1/opencensus-contrib-http-util-0.31.1.jar (23 kB at 21 kB/s)
2026-10-04T12:36:24.8166844Z [INFO] Downloading from central: https://repo.maven.apache.org/maven2/org/checkerframework/checker-qual/3.43.0/checker-qual-3.43.0.jar
2026-10-04T12:36:24.8223648Z [INFO] Downloaded from central: https://repo.maven.apache.org/maven2/com/google/guava/failureaccess/1.0.2/failureaccess-1.0.2.jar (4.7 kB at 4.3 kB/s)
2026-10-04T12:36:24.8224336Z [INFO] Downloading from central: https://repo.maven.apache.org/maven2/com/google/errorprone/error_prone_annotations/2.36.0/error_prone_annotations-2.36.0.jar
2026-10-04T12:36:24.8254049Z [INFO] Downloaded from central: https://repo.maven.apache.org/maven2/com/google/http-client/google-http-client-gson/1.46.2/google-http-client-gson-1.46.2.jar (13 kB at 12 kB/s)
2026-10-04T12:36:24.8254725Z [INFO] Downloading from central: https://repo.maven.apache.org/maven2/com/google/code/gson/gson/2.13.2/gson-2.13.2.jar
2026-10-04T12:36:24.8306391Z [INFO] Downloaded from central: https://repo.maven.apache.org/maven2/com/google/guava/listenablefuture/9999.0-empty-to-avoid-conflict-with-guava/listenablefuture-9999.0-empty-to-avoid-conflict-with-guava.jar (2.2 kB at 2.0 kB/s)
2026-10-04T12:36:24.8307087Z [INFO] Downloading from central: https://repo.maven.apache.org/maven2/com/google/api/api-common/2.45.0/api-common-2.45.0.jar
2026-10-04T12:36:24.8369470Z [INFO] Downloaded from central: https://repo.maven.apache.org/maven2/org/checkerframework/checker-qual/3.43.0/checker-qual-3.43.0.jar (232 kB at 206 kB/s)
2026-10-04T12:36:24.8370023Z [INFO] Downloading from central: https://repo.maven.apache.org/maven2/javax/annotation/javax.annotation-api/1.3.2/javax.annotation-api-1.3.2.jar
2026-10-04T12:36:24.8414364Z [INFO] Downloaded from central: https://repo.maven.apache.org/maven2/com/google/guava/guava/33.4.0-android/guava-33.4.0-android.jar (3.0 MB at 2.6 MB/s)
2026-10-04T12:36:24.8414864Z [INFO] Downloading from central: https://repo.maven.apache.org/maven2/com/google/j2objc/j2objc-annotations/3.0.0/j2objc-annotations-3.0.0.jar
2026-10-04T12:36:24.8445174Z [INFO] Downloaded from central: https://repo.maven.apache.org/maven2/com/google/errorprone/error_prone_annotations/2.36.0/error_prone_annotations-2.36.0.jar (19 kB at 17 kB/s)
2026-10-04T12:36:24.8445757Z [INFO] Downloading from central: https://repo.maven.apache.org/maven2/com/fasterxml/jackson/datatype/jackson-datatype-jdk8/2.21.4/jackson-datatype-jdk8-2.21.4.jar
2026-10-04T12:36:24.8519732Z [INFO] Downloaded from central: https://repo.maven.apache.org/maven2/com/google/code/gson/gson/2.13.2/gson-2.13.2.jar (290 kB at 254 kB/s)
2026-10-04T12:36:24.8520459Z [INFO] Downloading from central: https://repo.maven.apache.org/maven2/com/fasterxml/jackson/datatype/jackson-datatype-jsr310/2.21.4/jackson-datatype-jsr310-2.21.4.jar
2026-10-04T12:36:24.8571610Z [INFO] Downloaded from central: https://repo.maven.apache.org/maven2/javax/annotation/javax.annotation-api/1.3.2/javax.annotation-api-1.3.2.jar (27 kB at 23 kB/s)
2026-10-04T12:36:24.8572496Z [INFO] Downloading from central: https://repo.maven.apache.org/maven2/org/java-websocket/Java-WebSocket/1.6.0/Java-WebSocket-1.6.0.jar
2026-10-04T12:36:24.8615433Z [INFO] Downloaded from central: https://repo.maven.apache.org/maven2/com/google/api/api-common/2.45.0/api-common-2.45.0.jar (50 kB at 44 kB/s)
2026-10-04T12:36:24.8615914Z [INFO] Downloading from central: https://repo.maven.apache.org/maven2/com/squareup/okhttp3/okhttp/4.12.0/okhttp-4.12.0.jar
2026-10-04T12:36:24.8629319Z [INFO] Downloaded from central: https://repo.maven.apache.org/maven2/com/fasterxml/jackson/datatype/jackson-datatype-jdk8/2.21.4/jackson-datatype-jdk8-2.21.4.jar (36 kB at 31 kB/s)
2026-10-04T12:36:24.8629845Z [INFO] Downloading from central: https://repo.maven.apache.org/maven2/com/squareup/okio/okio/3.6.0/okio-3.6.0.jar
2026-10-04T12:36:24.8665161Z [INFO] Downloaded from central: https://repo.maven.apache.org/maven2/com/google/j2objc/j2objc-annotations/3.0.0/j2objc-annotations-3.0.0.jar (12 kB at 11 kB/s)
2026-10-04T12:36:24.8665641Z [INFO] Downloading from central: https://repo.maven.apache.org/maven2/com/squareup/okio/okio-jvm/3.6.0/okio-jvm-3.6.0.jar
2026-10-04T12:36:24.8779133Z [INFO] Downloaded from central: https://repo.maven.apache.org/maven2/com/fasterxml/jackson/datatype/jackson-datatype-jsr310/2.21.4/jackson-datatype-jsr310-2.21.4.jar (137 kB at 117 kB/s)
2026-10-04T12:36:24.8779916Z [INFO] Downloading from central: https://repo.maven.apache.org/maven2/org/jetbrains/kotlin/kotlin-stdlib-common/1.9.10/kotlin-stdlib-common-1.9.10.jar
2026-10-04T12:36:24.8798787Z [INFO] Downloaded from central: https://repo.maven.apache.org/maven2/org/java-websocket/Java-WebSocket/1.6.0/Java-WebSocket-1.6.0.jar (141 kB at 120 kB/s)
2026-10-04T12:36:24.8799392Z [INFO] Downloading from central: https://repo.maven.apache.org/maven2/org/jetbrains/kotlin/kotlin-stdlib-jdk8/2.3.21/kotlin-stdlib-jdk8-2.3.21.jar
2026-10-04T12:36:24.8805904Z [INFO] Downloaded from central: https://repo.maven.apache.org/maven2/com/squareup/okio/okio/3.6.0/okio-3.6.0.jar (26 kB at 22 kB/s)
2026-10-04T12:36:24.8806366Z [INFO] Downloading from central: https://repo.maven.apache.org/maven2/org/jetbrains/kotlin/kotlin-stdlib/2.3.21/kotlin-stdlib-2.3.21.jar
2026-10-04T12:36:24.8978495Z [INFO] Downloaded from central: https://repo.maven.apache.org/maven2/com/squareup/okio/okio-jvm/3.6.0/okio-jvm-3.6.0.jar (360 kB at 303 kB/s)
2026-10-04T12:36:24.8978989Z [INFO] Downloading from central: https://repo.maven.apache.org/maven2/org/jetbrains/kotlin/kotlin-stdlib-jdk7/2.3.21/kotlin-stdlib-jdk7-2.3.21.jar
2026-10-04T12:36:24.8992026Z [INFO] Downloaded from central: https://repo.maven.apache.org/maven2/org/jetbrains/kotlin/kotlin-stdlib-jdk8/2.3.21/kotlin-stdlib-jdk8-2.3.21.jar (951 B at 799 B/s)
2026-10-04T12:36:24.8992552Z [INFO] Downloading from central: https://repo.maven.apache.org/maven2/com/google/protobuf/protobuf-java/4.34.2/protobuf-java-4.34.2.jar
2026-10-04T12:36:24.9046710Z [INFO] Downloaded from central: https://repo.maven.apache.org/maven2/com/squareup/okhttp3/okhttp/4.12.0/okhttp-4.12.0.jar (790 kB at 661 kB/s)
2026-10-04T12:36:24.9047693Z [INFO] Downloading from central: https://repo.maven.apache.org/maven2/com/github/victools/jsonschema-module-jackson/5.0.0/jsonschema-module-jackson-5.0.0.jar
2026-10-04T12:36:24.9084659Z [INFO] Downloaded from central: https://repo.maven.apache.org/maven2/org/jetbrains/kotlin/kotlin-stdlib/2.3.21/kotlin-stdlib-2.3.21.jar (1.8 MB at 1.5 MB/s)
2026-10-04T12:36:24.9085419Z [INFO] Downloading from central: https://repo.maven.apache.org/maven2/org/springframework/spring-context-support/7.0.8/spring-context-support-7.0.8.jar
2026-10-04T12:36:24.9160142Z [INFO] Downloaded from central: https://repo.maven.apache.org/maven2/org/jetbrains/kotlin/kotlin-stdlib-common/1.9.10/kotlin-stdlib-common-1.9.10.jar (225 kB at 187 kB/s)
2026-10-04T12:36:24.9161136Z [INFO] Downloading from central: https://repo.maven.apache.org/maven2/org/springframework/ai/spring-ai-starter-vector-store-pgvector/2.0.0-M8/spring-ai-starter-vector-store-pgvector-2.0.0-M8.jar
2026-10-04T12:36:24.9245669Z [INFO] Downloaded from central: https://repo.maven.apache.org/maven2/com/github/victools/jsonschema-module-jackson/5.0.0/jsonschema-module-jackson-5.0.0.jar (35 kB at 29 kB/s)
2026-10-04T12:36:24.9247121Z [INFO] Downloading from central: https://repo.maven.apache.org/maven2/org/springframework/ai/spring-ai-autoconfigure-vector-store-pgvector/2.0.0-M8/spring-ai-autoconfigure-vector-store-pgvector-2.0.0-M8.jar
2026-10-04T12:36:24.9257268Z [INFO] Downloaded from central: https://repo.maven.apache.org/maven2/org/jetbrains/kotlin/kotlin-stdlib-jdk7/2.3.21/kotlin-stdlib-jdk7-2.3.21.jar (947 B at 779 B/s)
2026-10-04T12:36:24.9258580Z [INFO] Downloading from central: https://repo.maven.apache.org/maven2/org/springframework/ai/spring-ai-autoconfigure-vector-store-observation/2.0.0-M8/spring-ai-autoconfigure-vector-store-observation-2.0.0-M8.jar
2026-10-04T12:36:24.9280071Z [INFO] Downloaded from central: https://repo.maven.apache.org/maven2/org/springframework/spring-context-support/7.0.8/spring-context-support-7.0.8.jar (178 kB at 146 kB/s)
2026-10-04T12:36:24.9281258Z [INFO] Downloading from central: https://repo.maven.apache.org/maven2/org/springframework/ai/spring-ai-pgvector-store/2.0.0-M8/spring-ai-pgvector-store-2.0.0-M8.jar
2026-10-04T12:36:24.9331550Z [INFO] Downloaded from central: https://repo.maven.apache.org/maven2/com/google/protobuf/protobuf-java/4.34.2/protobuf-java-4.34.2.jar (1.9 MB at 1.5 MB/s)
2026-10-04T12:36:24.9332628Z [INFO] Downloading from central: https://repo.maven.apache.org/maven2/org/springframework/ai/spring-ai-vector-store/2.0.0-M8/spring-ai-vector-store-2.0.0-M8.jar
2026-10-04T12:36:24.9564869Z [INFO] Downloaded from central: https://repo.maven.apache.org/maven2/org/springframework/ai/spring-ai-autoconfigure-vector-store-observation/2.0.0-M8/spring-ai-autoconfigure-vector-store-observation-2.0.0-M8.jar (9.4 kB at 7.5 kB/s)
2026-10-04T12:36:24.9566271Z [INFO] Downloading from central: https://repo.maven.apache.org/maven2/com/pgvector/pgvector/0.1.6/pgvector-0.1.6.jar
2026-10-04T12:36:24.9567675Z [INFO] Downloaded from central: https://repo.maven.apache.org/maven2/org/springframework/ai/spring-ai-vector-store/2.0.0-M8/spring-ai-vector-store-2.0.0-M8.jar (131 kB at 105 kB/s)
2026-10-04T12:36:24.9568432Z [INFO] Downloading from central: https://repo.maven.apache.org/maven2/io/jsonwebtoken/jjwt-api/0.12.7/jjwt-api-0.12.7.jar
2026-10-04T12:36:24.9782338Z [INFO] Downloaded from central: https://repo.maven.apache.org/maven2/com/pgvector/pgvector/0.1.6/pgvector-0.1.6.jar (12 kB at 9.3 kB/s)
2026-10-04T12:36:24.9782954Z [INFO] Downloading from central: https://repo.maven.apache.org/maven2/io/jsonwebtoken/jjwt-impl/0.12.7/jjwt-impl-0.12.7.jar
2026-10-04T12:36:24.9909762Z [INFO] Downloaded from central: https://repo.maven.apache.org/maven2/io/jsonwebtoken/jjwt-api/0.12.7/jjwt-api-0.12.7.jar (141 kB at 110 kB/s)
2026-10-04T12:36:24.9910270Z [INFO] Downloading from central: https://repo.maven.apache.org/maven2/io/jsonwebtoken/jjwt-jackson/0.12.7/jjwt-jackson-0.12.7.jar
2026-10-04T12:36:25.0010508Z [INFO] Downloaded from central: https://repo.maven.apache.org/maven2/io/jsonwebtoken/jjwt-impl/0.12.7/jjwt-impl-0.12.7.jar (482 kB at 374 kB/s)
2026-10-04T12:36:25.0011288Z [INFO] Downloading from central: https://repo.maven.apache.org/maven2/com/fasterxml/jackson/core/jackson-databind/2.21.4/jackson-databind-2.21.4.jar
2026-10-04T12:36:25.0243237Z [INFO] Downloaded from central: https://repo.maven.apache.org/maven2/io/jsonwebtoken/jjwt-jackson/0.12.7/jjwt-jackson-0.12.7.jar (9.4 kB at 7.2 kB/s)
2026-10-04T12:36:25.0244021Z [INFO] Downloading from central: https://repo.maven.apache.org/maven2/com/fasterxml/jackson/core/jackson-core/2.21.4/jackson-core-2.21.4.jar
2026-10-04T12:36:25.0263377Z [INFO] Downloaded from central: https://repo.maven.apache.org/maven2/com/fasterxml/jackson/core/jackson-databind/2.21.4/jackson-databind-2.21.4.jar (1.7 MB at 1.3 MB/s)
2026-10-04T12:36:25.0264066Z [INFO] Downloading from central: https://repo.maven.apache.org/maven2/org/bouncycastle/bcprov-jdk18on/1.84/bcprov-jdk18on-1.84.jar
2026-10-04T12:36:25.0286026Z [INFO] Downloaded from central: https://repo.maven.apache.org/maven2/org/springframework/ai/spring-ai-pgvector-store/2.0.0-M8/spring-ai-pgvector-store-2.0.0-M8.jar (29 kB at 22 kB/s)
2026-10-04T12:36:25.0466076Z [INFO] Downloading from central: https://repo.maven.apache.org/maven2/org/springframework/shell/spring-shell-starter/4.0.3/spring-shell-starter-4.0.3.jar
2026-10-04T12:36:25.0466682Z [INFO] Downloaded from central: https://repo.maven.apache.org/maven2/org/springframework/shell/spring-shell-starter/4.0.3/spring-shell-starter-4.0.3.jar (1.9 kB at 1.4 kB/s)
2026-10-04T12:36:25.0467307Z [INFO] Downloading from central: https://repo.maven.apache.org/maven2/org/springframework/shell/spring-shell-core-autoconfigure/4.0.3/spring-shell-core-autoconfigure-4.0.3.jar
2026-10-04T12:36:25.0586925Z [INFO] Downloaded from central: https://repo.maven.apache.org/maven2/org/springframework/ai/spring-ai-starter-vector-store-pgvector/2.0.0-M8/spring-ai-starter-vector-store-pgvector-2.0.0-M8.jar (2.5 kB at 1.9 kB/s)
2026-10-04T12:36:25.0588192Z [INFO] Downloading from central: https://repo.maven.apache.org/maven2/org/springframework/shell/spring-shell-jline/4.0.3/spring-shell-jline-4.0.3.jar
2026-10-04T12:36:25.0597631Z [INFO] Downloaded from central: https://repo.maven.apache.org/maven2/com/fasterxml/jackson/core/jackson-core/2.21.4/jackson-core-2.21.4.jar (594 kB at 440 kB/s)
2026-10-04T12:36:25.0598576Z [INFO] Downloading from central: https://repo.maven.apache.org/maven2/org/springframework/shell/spring-shell-core/4.0.3/spring-shell-core-4.0.3.jar
2026-10-04T12:36:25.0682511Z [INFO] Downloaded from central: https://repo.maven.apache.org/maven2/org/springframework/shell/spring-shell-core-autoconfigure/4.0.3/spring-shell-core-autoconfigure-4.0.3.jar (42 kB at 31 kB/s)
2026-10-04T12:36:25.0683538Z [INFO] Downloading from central: https://repo.maven.apache.org/maven2/org/glassfish/jakarta.el/4.0.2/jakarta.el-4.0.2.jar
2026-10-04T12:36:25.0752035Z [INFO] Downloaded from central: https://repo.maven.apache.org/maven2/org/springframework/ai/spring-ai-autoconfigure-vector-store-pgvector/2.0.0-M8/spring-ai-autoconfigure-vector-store-pgvector-2.0.0-M8.jar (9.2 kB at 6.8 kB/s)
2026-10-04T12:36:25.0753273Z [INFO] Downloading from central: https://repo.maven.apache.org/maven2/jakarta/el/jakarta.el-api/4.0.0/jakarta.el-api-4.0.0.jar
2026-10-04T12:36:25.0802606Z [INFO] Downloaded from central: https://repo.maven.apache.org/maven2/org/bouncycastle/bcprov-jdk18on/1.84/bcprov-jdk18on-1.84.jar (8.9 MB at 6.5 MB/s)
2026-10-04T12:36:25.0803465Z [INFO] Downloading from central: https://repo.maven.apache.org/maven2/org/jline/jline/3.30.13/jline-3.30.13.jar
2026-10-04T12:36:25.0832043Z [INFO] Downloaded from central: https://repo.maven.apache.org/maven2/org/springframework/shell/spring-shell-jline/4.0.3/spring-shell-jline-4.0.3.jar (490 kB at 357 kB/s)
2026-10-04T12:36:25.0832951Z [INFO] Downloading from central: https://repo.maven.apache.org/maven2/org/antlr/ST4/4.3.4/ST4-4.3.4.jar
2026-10-04T12:36:25.0895793Z [INFO] Downloaded from central: https://repo.maven.apache.org/maven2/org/springframework/shell/spring-shell-core/4.0.3/spring-shell-core-4.0.3.jar (102 kB at 74 kB/s)
2026-10-04T12:36:25.0896774Z [INFO] Downloading from central: https://repo.maven.apache.org/maven2/org/antlr/antlr-runtime/3.5.3/antlr-runtime-3.5.3.jar
2026-10-04T12:36:25.0930229Z [INFO] Downloaded from central: https://repo.maven.apache.org/maven2/org/glassfish/jakarta.el/4.0.2/jakarta.el-4.0.2.jar (174 kB at 126 kB/s)
2026-10-04T12:36:25.0931052Z [INFO] Downloading from central: https://repo.maven.apache.org/maven2/org/springframework/spring-messaging/7.0.8/spring-messaging-7.0.8.jar
2026-10-04T12:36:25.0962288Z [INFO] Downloaded from central: https://repo.maven.apache.org/maven2/jakarta/el/jakarta.el-api/4.0.0/jakarta.el-api-4.0.0.jar (81 kB at 58 kB/s)
2026-10-04T12:36:25.0962836Z [INFO] Downloading from central: https://repo.maven.apache.org/maven2/org/springframework/spring-beans/7.0.8/spring-beans-7.0.8.jar
2026-10-04T12:36:25.1067941Z [INFO] Downloaded from central: https://repo.maven.apache.org/maven2/org/antlr/ST4/4.3.4/ST4-4.3.4.jar (251 kB at 180 kB/s)
2026-10-04T12:36:25.1068805Z [INFO] Downloading from central: https://repo.maven.apache.org/maven2/org/mapstruct/mapstruct/1.6.3/mapstruct-1.6.3.jar
2026-10-04T12:36:25.1106778Z [INFO] Downloaded from central: https://repo.maven.apache.org/maven2/org/jline/jline/3.30.13/jline-3.30.13.jar (1.5 MB at 1.1 MB/s)
2026-10-04T12:36:25.1107491Z [INFO] Downloading from central: https://repo.maven.apache.org/maven2/org/springdoc/springdoc-openapi-starter-webflux-ui/3.0.3/springdoc-openapi-starter-webflux-ui-3.0.3.jar
2026-10-04T12:36:25.1151338Z [INFO] Downloaded from central: https://repo.maven.apache.org/maven2/org/springframework/spring-messaging/7.0.8/spring-messaging-7.0.8.jar (614 kB at 437 kB/s)
2026-10-04T12:36:25.1152133Z [INFO] Downloading from central: https://repo.maven.apache.org/maven2/org/springdoc/springdoc-openapi-starter-webflux-api/3.0.3/springdoc-openapi-starter-webflux-api-3.0.3.jar
2026-10-04T12:36:25.1208103Z [INFO] Downloaded from central: https://repo.maven.apache.org/maven2/org/antlr/antlr-runtime/3.5.3/antlr-runtime-3.5.3.jar (173 kB at 123 kB/s)
2026-10-04T12:36:25.1208997Z [INFO] Downloading from central: https://repo.maven.apache.org/maven2/org/springdoc/springdoc-openapi-starter-common/3.0.3/springdoc-openapi-starter-common-3.0.3.jar
2026-10-04T12:36:25.1209750Z [INFO] Downloaded from central: https://repo.maven.apache.org/maven2/org/springframework/spring-beans/7.0.8/spring-beans-7.0.8.jar (928 kB at 659 kB/s)
2026-10-04T12:36:25.1210302Z [INFO] Downloading from central: https://repo.maven.apache.org/maven2/io/swagger/core/v3/swagger-core-jakarta/2.2.47/swagger-core-jakarta-2.2.47.jar
2026-10-04T12:36:25.1310634Z [INFO] Downloaded from central: https://repo.maven.apache.org/maven2/org/mapstruct/mapstruct/1.6.3/mapstruct-1.6.3.jar (34 kB at 24 kB/s)
2026-10-04T12:36:25.1311427Z [INFO] Downloading from central: https://repo.maven.apache.org/maven2/io/swagger/core/v3/swagger-models-jakarta/2.2.47/swagger-models-jakarta-2.2.47.jar
2026-10-04T12:36:25.1323242Z [INFO] Downloaded from central: https://repo.maven.apache.org/maven2/org/springdoc/springdoc-openapi-starter-webflux-ui/3.0.3/springdoc-openapi-starter-webflux-ui-3.0.3.jar (24 kB at 17 kB/s)
2026-10-04T12:36:25.1323976Z [INFO] Downloading from central: https://repo.maven.apache.org/maven2/com/fasterxml/jackson/dataformat/jackson-dataformat-yaml/2.21.4/jackson-dataformat-yaml-2.21.4.jar
2026-10-04T12:36:25.1460047Z [INFO] Downloaded from central: https://repo.maven.apache.org/maven2/org/springdoc/springdoc-openapi-starter-webflux-api/3.0.3/springdoc-openapi-starter-webflux-api-3.0.3.jar (46 kB at 32 kB/s)
2026-10-04T12:36:25.1460671Z [INFO] Downloading from central: https://repo.maven.apache.org/maven2/org/webjars/swagger-ui/5.32.2/swagger-ui-5.32.2.jar
2026-10-04T12:36:25.1505453Z [INFO] Downloaded from central: https://repo.maven.apache.org/maven2/com/fasterxml/jackson/dataformat/jackson-dataformat-yaml/2.21.4/jackson-dataformat-yaml-2.21.4.jar (61 kB at 42 kB/s)
2026-10-04T12:36:25.1506443Z [INFO] Downloading from central: https://repo.maven.apache.org/maven2/org/webjars/webjars-locator-lite/1.1.3/webjars-locator-lite-1.1.3.jar
2026-10-04T12:36:25.1507518Z [INFO] Downloaded from central: https://repo.maven.apache.org/maven2/org/springdoc/springdoc-openapi-starter-common/3.0.3/springdoc-openapi-starter-common-3.0.3.jar (581 kB at 404 kB/s)
2026-10-04T12:36:25.1508433Z [INFO] Downloading from central: https://repo.maven.apache.org/maven2/io/projectreactor/addons/reactor-extra/3.6.0/reactor-extra-3.6.0.jar
2026-10-04T12:36:25.1535461Z [INFO] Downloaded from central: https://repo.maven.apache.org/maven2/io/swagger/core/v3/swagger-models-jakarta/2.2.47/swagger-models-jakarta-2.2.47.jar (142 kB at 98 kB/s)
2026-10-04T12:36:25.1536687Z [INFO] Downloading from central: https://repo.maven.apache.org/maven2/io/micrometer/micrometer-registry-prometheus/1.17.0/micrometer-registry-prometheus-1.17.0.jar
2026-10-04T12:36:25.1540643Z [INFO] Downloaded from central: https://repo.maven.apache.org/maven2/io/swagger/core/v3/swagger-core-jakarta/2.2.47/swagger-core-jakarta-2.2.47.jar (262 kB at 182 kB/s)
2026-10-04T12:36:25.1542033Z [INFO] Downloading from central: https://repo.maven.apache.org/maven2/org/jspecify/jspecify/1.0.0/jspecify-1.0.0.jar
2026-10-04T12:36:25.1743692Z [INFO] Downloaded from central: https://repo.maven.apache.org/maven2/io/micrometer/micrometer-registry-prometheus/1.17.0/micrometer-registry-prometheus-1.17.0.jar (42 kB at 29 kB/s)
2026-10-04T12:36:25.1745342Z [INFO] Downloading from central: https://repo.maven.apache.org/maven2/io/micrometer/micrometer-core/1.17.0/micrometer-core-1.17.0.jar
2026-10-04T12:36:25.1746175Z [INFO] Downloaded from central: https://repo.maven.apache.org/maven2/org/webjars/webjars-locator-lite/1.1.3/webjars-locator-lite-1.1.3.jar (8.7 kB at 5.9 kB/s)
2026-10-04T12:36:25.1746946Z [INFO] Downloading from central: https://repo.maven.apache.org/maven2/org/hdrhistogram/HdrHistogram/2.2.2/HdrHistogram-2.2.2.jar
2026-10-04T12:36:25.1753934Z [INFO] Downloaded from central: https://repo.maven.apache.org/maven2/io/projectreactor/addons/reactor-extra/3.6.0/reactor-extra-3.6.0.jar (111 kB at 76 kB/s)
2026-10-04T12:36:25.1754626Z [INFO] Downloading from central: https://repo.maven.apache.org/maven2/io/prometheus/prometheus-metrics-core/1.5.1/prometheus-metrics-core-1.5.1.jar
2026-10-04T12:36:25.1763052Z [INFO] Downloaded from central: https://repo.maven.apache.org/maven2/org/webjars/swagger-ui/5.32.2/swagger-ui-5.32.2.jar (1.1 MB at 782 kB/s)
2026-10-04T12:36:25.1763727Z [INFO] Downloading from central: https://repo.maven.apache.org/maven2/io/prometheus/prometheus-metrics-model/1.5.1/prometheus-metrics-model-1.5.1.jar
2026-10-04T12:36:25.1881047Z [INFO] Downloaded from central: https://repo.maven.apache.org/maven2/org/jspecify/jspecify/1.0.0/jspecify-1.0.0.jar (3.8 kB at 2.6 kB/s)
2026-10-04T12:36:25.1881802Z [INFO] Downloading from central: https://repo.maven.apache.org/maven2/io/prometheus/prometheus-metrics-config/1.5.1/prometheus-metrics-config-1.5.1.jar
2026-10-04T12:36:25.1951652Z [INFO] Downloaded from central: https://repo.maven.apache.org/maven2/org/hdrhistogram/HdrHistogram/2.2.2/HdrHistogram-2.2.2.jar (177 kB at 119 kB/s)
2026-10-04T12:36:25.1952851Z [INFO] Downloading from central: https://repo.maven.apache.org/maven2/io/prometheus/prometheus-metrics-tracer-common/1.5.1/prometheus-metrics-tracer-common-1.5.1.jar
2026-10-04T12:36:25.1958899Z [INFO] Downloaded from central: https://repo.maven.apache.org/maven2/io/prometheus/prometheus-metrics-model/1.5.1/prometheus-metrics-model-1.5.1.jar (109 kB at 73 kB/s)
2026-10-04T12:36:25.1960191Z [INFO] Downloading from central: https://repo.maven.apache.org/maven2/io/prometheus/prometheus-metrics-exposition-formats/1.5.1/prometheus-metrics-exposition-formats-1.5.1.jar
2026-10-04T12:36:25.1965047Z [INFO] Downloaded from central: https://repo.maven.apache.org/maven2/io/prometheus/prometheus-metrics-core/1.5.1/prometheus-metrics-core-1.5.1.jar (98 kB at 66 kB/s)
2026-10-04T12:36:25.1966191Z [INFO] Downloading from central: https://repo.maven.apache.org/maven2/io/prometheus/prometheus-metrics-exposition-textformats/1.5.1/prometheus-metrics-exposition-textformats-1.5.1.jar
2026-10-04T12:36:25.1967112Z [INFO] Downloaded from central: https://repo.maven.apache.org/maven2/io/micrometer/micrometer-core/1.17.0/micrometer-core-1.17.0.jar (915 kB at 616 kB/s)
2026-10-04T12:36:25.1967615Z [INFO] Downloading from central: https://repo.maven.apache.org/maven2/org/projectlombok/lombok/1.18.46/lombok-1.18.46.jar
2026-10-04T12:36:25.2139782Z [INFO] Downloaded from central: https://repo.maven.apache.org/maven2/io/prometheus/prometheus-metrics-tracer-common/1.5.1/prometheus-metrics-tracer-common-1.5.1.jar (3.3 kB at 2.2 kB/s)
2026-10-04T12:36:25.2140619Z [INFO] Downloading from central: https://repo.maven.apache.org/maven2/org/springframework/boot/spring-boot-starter-test/4.1.0/spring-boot-starter-test-4.1.0.jar
2026-10-04T12:36:25.2174219Z [INFO] Downloaded from central: https://repo.maven.apache.org/maven2/io/prometheus/prometheus-metrics-exposition-textformats/1.5.1/prometheus-metrics-exposition-textformats-1.5.1.jar (38 kB at 25 kB/s)
2026-10-04T12:36:25.2175505Z [INFO] Downloading from central: https://repo.maven.apache.org/maven2/org/springframework/boot/spring-boot-test/4.1.0/spring-boot-test-4.1.0.jar
2026-10-04T12:36:25.2189441Z [INFO] Downloaded from central: https://repo.maven.apache.org/maven2/io/prometheus/prometheus-metrics-config/1.5.1/prometheus-metrics-config-1.5.1.jar (49 kB at 33 kB/s)
2026-10-04T12:36:25.2190482Z [INFO] Downloading from central: https://repo.maven.apache.org/maven2/org/springframework/boot/spring-boot-test-autoconfigure/4.1.0/spring-boot-test-autoconfigure-4.1.0.jar
2026-10-04T12:36:25.2256084Z [INFO] Downloaded from central: https://repo.maven.apache.org/maven2/org/projectlombok/lombok/1.18.46/lombok-1.18.46.jar (2.0 MB at 1.4 MB/s)
2026-10-04T12:36:25.2256829Z [INFO] Downloading from central: https://repo.maven.apache.org/maven2/com/jayway/jsonpath/json-path/2.10.0/json-path-2.10.0.jar
2026-10-04T12:36:25.2258916Z [INFO] Downloaded from central: https://repo.maven.apache.org/maven2/io/prometheus/prometheus-metrics-exposition-formats/1.5.1/prometheus-metrics-exposition-formats-1.5.1.jar (2.1 MB at 1.4 MB/s)
2026-10-04T12:36:25.2259768Z [INFO] Downloading from central: https://repo.maven.apache.org/maven2/jakarta/xml/bind/jakarta.xml.bind-api/4.0.5/jakarta.xml.bind-api-4.0.5.jar
2026-10-04T12:36:25.2321621Z [INFO] Downloaded from central: https://repo.maven.apache.org/maven2/org/springframework/boot/spring-boot-starter-test/4.1.0/spring-boot-starter-test-4.1.0.jar (4.8 kB at 3.1 kB/s)
2026-10-04T12:36:25.2322609Z [INFO] Downloading from central: https://repo.maven.apache.org/maven2/jakarta/activation/jakarta.activation-api/2.1.4/jakarta.activation-api-2.1.4.jar
2026-10-04T12:36:25.2456138Z [INFO] Downloaded from central: https://repo.maven.apache.org/maven2/jakarta/xml/bind/jakarta.xml.bind-api/4.0.5/jakarta.xml.bind-api-4.0.5.jar (131 kB at 86 kB/s)
2026-10-04T12:36:25.2456986Z [INFO] Downloading from central: https://repo.maven.apache.org/maven2/net/minidev/json-smart/2.6.0/json-smart-2.6.0.jar
2026-10-04T12:36:25.2457893Z [INFO] Downloaded from central: https://repo.maven.apache.org/maven2/org/springframework/boot/spring-boot-test-autoconfigure/4.1.0/spring-boot-test-autoconfigure-4.1.0.jar (28 kB at 18 kB/s)
2026-10-04T12:36:25.2458784Z [INFO] Downloading from central: https://repo.maven.apache.org/maven2/net/minidev/accessors-smart/2.6.0/accessors-smart-2.6.0.jar
2026-10-04T12:36:25.2488273Z [INFO] Downloaded from central: https://repo.maven.apache.org/maven2/org/springframework/boot/spring-boot-test/4.1.0/spring-boot-test-4.1.0.jar (210 kB at 137 kB/s)
2026-10-04T12:36:25.2488750Z [INFO] Downloading from central: https://repo.maven.apache.org/maven2/org/ow2/asm/asm/9.7.1/asm-9.7.1.jar
2026-10-04T12:36:25.2494130Z [INFO] Downloaded from central: https://repo.maven.apache.org/maven2/com/jayway/jsonpath/json-path/2.10.0/json-path-2.10.0.jar (279 kB at 182 kB/s)
2026-10-04T12:36:25.2494880Z [INFO] Downloading from central: https://repo.maven.apache.org/maven2/org/assertj/assertj-core/3.27.7/assertj-core-3.27.7.jar
2026-10-04T12:36:25.2563919Z [INFO] Downloaded from central: https://repo.maven.apache.org/maven2/jakarta/activation/jakarta.activation-api/2.1.4/jakarta.activation-api-2.1.4.jar (67 kB at 44 kB/s)
2026-10-04T12:36:25.2564431Z [INFO] Downloading from central: https://repo.maven.apache.org/maven2/net/bytebuddy/byte-buddy/1.18.10/byte-buddy-1.18.10.jar
2026-10-04T12:36:25.2653481Z [INFO] Downloaded from central: https://repo.maven.apache.org/maven2/net/minidev/accessors-smart/2.6.0/accessors-smart-2.6.0.jar (30 kB at 19 kB/s)
2026-10-04T12:36:25.2653948Z [INFO] Downloading from central: https://repo.maven.apache.org/maven2/org/hamcrest/hamcrest/3.0/hamcrest-3.0.jar
2026-10-04T12:36:25.2742273Z [INFO] Downloaded from central: https://repo.maven.apache.org/maven2/org/assertj/assertj-core/3.27.7/assertj-core-3.27.7.jar (1.4 MB at 895 kB/s)
2026-10-04T12:36:25.2742954Z [INFO] Downloading from central: https://repo.maven.apache.org/maven2/org/junit/jupiter/junit-jupiter/6.0.3/junit-jupiter-6.0.3.jar
2026-10-04T12:36:25.2759506Z [INFO] Downloaded from central: https://repo.maven.apache.org/maven2/net/minidev/json-smart/2.6.0/json-smart-2.6.0.jar (123 kB at 79 kB/s)
2026-10-04T12:36:25.2760199Z [INFO] Downloading from central: https://repo.maven.apache.org/maven2/org/junit/jupiter/junit-jupiter-api/6.0.3/junit-jupiter-api-6.0.3.jar
2026-10-04T12:36:25.2820947Z [INFO] Downloaded from central: https://repo.maven.apache.org/maven2/org/ow2/asm/asm/9.7.1/asm-9.7.1.jar (126 kB at 80 kB/s)
2026-10-04T12:36:25.2821697Z [INFO] Downloading from central: https://repo.maven.apache.org/maven2/org/opentest4j/opentest4j/1.3.0/opentest4j-1.3.0.jar
2026-10-04T12:36:25.2839911Z [INFO] Downloaded from central: https://repo.maven.apache.org/maven2/org/hamcrest/hamcrest/3.0/hamcrest-3.0.jar (126 kB at 80 kB/s)
2026-10-04T12:36:25.2841058Z [INFO] Downloading from central: https://repo.maven.apache.org/maven2/org/junit/platform/junit-platform-commons/6.0.3/junit-platform-commons-6.0.3.jar
2026-10-04T12:36:25.2936555Z [INFO] Downloaded from central: https://repo.maven.apache.org/maven2/org/junit/jupiter/junit-jupiter/6.0.3/junit-jupiter-6.0.3.jar (6.4 kB at 4.0 kB/s)
2026-10-04T12:36:25.2937568Z [INFO] Downloading from central: https://repo.maven.apache.org/maven2/org/apiguardian/apiguardian-api/1.1.2/apiguardian-api-1.1.2.jar
2026-10-04T12:36:25.2938423Z [INFO] Downloaded from central: https://repo.maven.apache.org/maven2/net/bytebuddy/byte-buddy/1.18.10/byte-buddy-1.18.10.jar (4.7 MB at 2.9 MB/s)
2026-10-04T12:36:25.2938987Z [INFO] Downloading from central: https://repo.maven.apache.org/maven2/org/junit/jupiter/junit-jupiter-params/6.0.3/junit-jupiter-params-6.0.3.jar
2026-10-04T12:36:25.3040260Z [INFO] Downloaded from central: https://repo.maven.apache.org/maven2/org/junit/jupiter/junit-jupiter-api/6.0.3/junit-jupiter-api-6.0.3.jar (251 kB at 157 kB/s)
2026-10-04T12:36:25.3041039Z [INFO] Downloading from central: https://repo.maven.apache.org/maven2/org/junit/jupiter/junit-jupiter-engine/6.0.3/junit-jupiter-engine-6.0.3.jar
2026-10-04T12:36:25.3054667Z [INFO] Downloaded from central: https://repo.maven.apache.org/maven2/org/junit/platform/junit-platform-commons/6.0.3/junit-platform-commons-6.0.3.jar (171 kB at 107 kB/s)
2026-10-04T12:36:25.3055389Z [INFO] Downloading from central: https://repo.maven.apache.org/maven2/org/junit/platform/junit-platform-engine/6.0.3/junit-platform-engine-6.0.3.jar
2026-10-04T12:36:25.3119034Z [INFO] Downloaded from central: https://repo.maven.apache.org/maven2/org/junit/jupiter/junit-jupiter-params/6.0.3/junit-jupiter-params-6.0.3.jar (297 kB at 185 kB/s)
2026-10-04T12:36:25.3119757Z [INFO] Downloading from central: https://repo.maven.apache.org/maven2/org/mockito/mockito-core/5.23.0/mockito-core-5.23.0.jar
2026-10-04T12:36:25.3208752Z [INFO] Downloaded from central: https://repo.maven.apache.org/maven2/org/opentest4j/opentest4j/1.3.0/opentest4j-1.3.0.jar (14 kB at 8.9 kB/s)
2026-10-04T12:36:25.3209315Z [INFO] Downloading from central: https://repo.maven.apache.org/maven2/net/bytebuddy/byte-buddy-agent/1.18.10/byte-buddy-agent-1.18.10.jar
2026-10-04T12:36:25.3248733Z [INFO] Downloaded from central: https://repo.maven.apache.org/maven2/org/apiguardian/apiguardian-api/1.1.2/apiguardian-api-1.1.2.jar (6.8 kB at 4.2 kB/s)
2026-10-04T12:36:25.3249601Z [INFO] Downloading from central: https://repo.maven.apache.org/maven2/org/objenesis/objenesis/3.3/objenesis-3.3.jar
2026-10-04T12:36:25.3269321Z [INFO] Downloaded from central: https://repo.maven.apache.org/maven2/org/junit/platform/junit-platform-engine/6.0.3/junit-platform-engine-6.0.3.jar (280 kB at 174 kB/s)
2026-10-04T12:36:25.3270330Z [INFO] Downloading from central: https://repo.maven.apache.org/maven2/org/mockito/mockito-junit-jupiter/5.23.0/mockito-junit-jupiter-5.23.0.jar
2026-10-04T12:36:25.3363091Z [INFO] Downloaded from central: https://repo.maven.apache.org/maven2/org/junit/jupiter/junit-jupiter-engine/6.0.3/junit-jupiter-engine-6.0.3.jar (356 kB at 219 kB/s)
2026-10-04T12:36:25.3363849Z [INFO] Downloading from central: https://repo.maven.apache.org/maven2/org/skyscreamer/jsonassert/1.5.3/jsonassert-1.5.3.jar
2026-10-04T12:36:25.3370390Z [INFO] Downloaded from central: https://repo.maven.apache.org/maven2/org/mockito/mockito-core/5.23.0/mockito-core-5.23.0.jar (721 kB at 443 kB/s)
2026-10-04T12:36:25.3439091Z [INFO] Downloading from central: https://repo.maven.apache.org/maven2/com/vaadin/external/google/android-json/0.0.20131108.vaadin1/android-json-0.0.20131108.vaadin1.jar
2026-10-04T12:36:25.3439696Z [INFO] Downloaded from central: https://repo.maven.apache.org/maven2/net/bytebuddy/byte-buddy-agent/1.18.10/byte-buddy-agent-1.18.10.jar (268 kB at 164 kB/s)
2026-10-04T12:36:25.3440267Z [INFO] Downloading from central: https://repo.maven.apache.org/maven2/org/springframework/spring-core/7.0.8/spring-core-7.0.8.jar
2026-10-04T12:36:25.3472182Z [INFO] Downloaded from central: https://repo.maven.apache.org/maven2/org/mockito/mockito-junit-jupiter/5.23.0/mockito-junit-jupiter-5.23.0.jar (9.4 kB at 5.8 kB/s)
2026-10-04T12:36:25.3473005Z [INFO] Downloading from central: https://repo.maven.apache.org/maven2/commons-logging/commons-logging/1.3.6/commons-logging-1.3.6.jar
2026-10-04T12:36:25.3561094Z [INFO] Downloaded from central: https://repo.maven.apache.org/maven2/com/vaadin/external/google/android-json/0.0.20131108.vaadin1/android-json-0.0.20131108.vaadin1.jar (18 kB at 11 kB/s)
2026-10-04T12:36:25.3561912Z [INFO] Downloading from central: https://repo.maven.apache.org/maven2/org/springframework/spring-test/7.0.8/spring-test-7.0.8.jar
2026-10-04T12:36:25.3651086Z [INFO] Downloaded from central: https://repo.maven.apache.org/maven2/commons-logging/commons-logging/1.3.6/commons-logging-1.3.6.jar (74 kB at 45 kB/s)
2026-10-04T12:36:25.3651860Z [INFO] Downloading from central: https://repo.maven.apache.org/maven2/org/xmlunit/xmlunit-core/2.11.0/xmlunit-core-2.11.0.jar
2026-10-04T12:36:25.3667758Z [INFO] Downloaded from central: https://repo.maven.apache.org/maven2/org/objenesis/objenesis/3.3/objenesis-3.3.jar (49 kB at 30 kB/s)
2026-10-04T12:36:25.3668798Z [INFO] Downloading from central: https://repo.maven.apache.org/maven2/org/springframework/security/spring-security-test/7.1.0/spring-security-test-7.1.0.jar
2026-10-04T12:36:25.3697840Z [INFO] Downloaded from central: https://repo.maven.apache.org/maven2/org/skyscreamer/jsonassert/1.5.3/jsonassert-1.5.3.jar (31 kB at 19 kB/s)
2026-10-04T12:36:25.3698852Z [INFO] Downloading from central: https://repo.maven.apache.org/maven2/org/springframework/security/spring-security-core/7.1.0/spring-security-core-7.1.0.jar
2026-10-04T12:36:25.3703164Z [INFO] Downloaded from central: https://repo.maven.apache.org/maven2/org/springframework/spring-core/7.0.8/spring-core-7.0.8.jar (2.0 MB at 1.2 MB/s)
2026-10-04T12:36:25.3703975Z [INFO] Downloading from central: https://repo.maven.apache.org/maven2/org/springframework/security/spring-security-crypto/7.1.0/spring-security-crypto-7.1.0.jar
2026-10-04T12:36:25.3781111Z [INFO] Downloaded from central: https://repo.maven.apache.org/maven2/org/springframework/spring-test/7.0.8/spring-test-7.0.8.jar (1.1 MB at 666 kB/s)
2026-10-04T12:36:25.3781837Z [INFO] Downloading from central: https://repo.maven.apache.org/maven2/org/springframework/spring-expression/7.0.8/spring-expression-7.0.8.jar
2026-10-04T12:36:25.3862425Z [INFO] Downloaded from central: https://repo.maven.apache.org/maven2/org/xmlunit/xmlunit-core/2.11.0/xmlunit-core-2.11.0.jar (178 kB at 106 kB/s)
2026-10-04T12:36:25.3862990Z [INFO] Downloading from central: https://repo.maven.apache.org/maven2/org/springframework/security/spring-security-web/7.1.0/spring-security-web-7.1.0.jar
2026-10-04T12:36:25.3894144Z [INFO] Downloaded from central: https://repo.maven.apache.org/maven2/org/springframework/security/spring-security-crypto/7.1.0/spring-security-crypto-7.1.0.jar (113 kB at 67 kB/s)
2026-10-04T12:36:25.3894831Z [INFO] Downloading from central: https://repo.maven.apache.org/maven2/org/springframework/spring-web/7.0.8/spring-web-7.0.8.jar
2026-10-04T12:36:25.3903162Z [INFO] Downloaded from central: https://repo.maven.apache.org/maven2/org/springframework/security/spring-security-test/7.1.0/spring-security-test-7.1.0.jar (144 kB at 86 kB/s)
2026-10-04T12:36:25.3903886Z [INFO] Downloading from central: https://repo.maven.apache.org/maven2/io/projectreactor/reactor-test/3.8.6/reactor-test-3.8.6.jar
2026-10-04T12:36:25.3979842Z [INFO] Downloaded from central: https://repo.maven.apache.org/maven2/org/springframework/spring-expression/7.0.8/spring-expression-7.0.8.jar (326 kB at 193 kB/s)
2026-10-04T12:36:25.3980466Z [INFO] Downloading from central: https://repo.maven.apache.org/maven2/org/springframework/boot/spring-boot-starter-webflux-test/4.1.0/spring-boot-starter-webflux-test-4.1.0.jar
2026-10-04T12:36:25.4029628Z [INFO] Downloaded from central: https://repo.maven.apache.org/maven2/org/springframework/security/spring-security-core/7.1.0/spring-security-core-7.1.0.jar (641 kB at 379 kB/s)
2026-10-04T12:36:25.4030292Z [INFO] Downloading from central: https://repo.maven.apache.org/maven2/org/springframework/boot/spring-boot-starter-jackson-test/4.1.0/spring-boot-starter-jackson-test-4.1.0.jar
2026-10-04T12:36:25.4073189Z [INFO] Downloaded from central: https://repo.maven.apache.org/maven2/org/springframework/security/spring-security-web/7.1.0/spring-security-web-7.1.0.jar (933 kB at 550 kB/s)
2026-10-04T12:36:25.4073800Z [INFO] Downloading from central: https://repo.maven.apache.org/maven2/org/springframework/boot/spring-boot-webflux-test/4.1.0/spring-boot-webflux-test-4.1.0.jar
2026-10-04T12:36:25.4113131Z [INFO] Downloaded from central: https://repo.maven.apache.org/maven2/io/projectreactor/reactor-test/3.8.6/reactor-test-3.8.6.jar (144 kB at 85 kB/s)
2026-10-04T12:36:25.4113981Z [INFO] Downloading from central: https://repo.maven.apache.org/maven2/org/springframework/boot/spring-boot-webtestclient/4.1.0/spring-boot-webtestclient-4.1.0.jar
2026-10-04T12:36:25.4236092Z [INFO] Downloaded from central: https://repo.maven.apache.org/maven2/org/springframework/boot/spring-boot-starter-webflux-test/4.1.0/spring-boot-starter-webflux-test-4.1.0.jar (4.8 kB at 2.8 kB/s)
2026-10-04T12:36:25.4246535Z [INFO] Downloaded from central: https://repo.maven.apache.org/maven2/org/springframework/spring-web/7.0.8/spring-web-7.0.8.jar (2.2 MB at 1.3 MB/s)
2026-10-04T12:36:25.4247261Z [INFO] Downloading from central: https://repo.maven.apache.org/maven2/org/testcontainers/testcontainers-postgresql/2.0.5/testcontainers-postgresql-2.0.5.jar
2026-10-04T12:36:25.4248194Z [INFO] Downloading from central: https://repo.maven.apache.org/maven2/org/testcontainers/testcontainers-jdbc/2.0.5/testcontainers-jdbc-2.0.5.jar
2026-10-04T12:36:25.4312845Z [INFO] Downloaded from central: https://repo.maven.apache.org/maven2/org/springframework/boot/spring-boot-webtestclient/4.1.0/spring-boot-webtestclient-4.1.0.jar (12 kB at 7.0 kB/s)
2026-10-04T12:36:25.4314300Z [INFO] Downloading from central: https://repo.maven.apache.org/maven2/org/testcontainers/testcontainers-database-commons/2.0.5/testcontainers-database-commons-2.0.5.jar
2026-10-04T12:36:25.4316101Z [INFO] Downloaded from central: https://repo.maven.apache.org/maven2/org/springframework/boot/spring-boot-webflux-test/4.1.0/spring-boot-webflux-test-4.1.0.jar (11 kB at 6.3 kB/s)
2026-10-04T12:36:25.4317122Z [INFO] Downloading from central: https://repo.maven.apache.org/maven2/org/testcontainers/testcontainers-r2dbc/2.0.5/testcontainers-r2dbc-2.0.5.jar
2026-10-04T12:36:25.4321273Z [INFO] Downloaded from central: https://repo.maven.apache.org/maven2/org/springframework/boot/spring-boot-starter-jackson-test/4.1.0/spring-boot-starter-jackson-test-4.1.0.jar (4.7 kB at 2.8 kB/s)
2026-10-04T12:36:25.4322087Z [INFO] Downloading from central: https://repo.maven.apache.org/maven2/org/testcontainers/testcontainers/2.0.5/testcontainers-2.0.5.jar
2026-10-04T12:36:25.4464020Z [INFO] Downloaded from central: https://repo.maven.apache.org/maven2/org/testcontainers/testcontainers-jdbc/2.0.5/testcontainers-jdbc-2.0.5.jar (30 kB at 17 kB/s)
2026-10-04T12:36:25.4472311Z [INFO] Downloading from central: https://repo.maven.apache.org/maven2/org/apache/commons/commons-compress/1.28.0/commons-compress-1.28.0.jar
2026-10-04T12:36:25.4473437Z [INFO] Downloaded from central: https://repo.maven.apache.org/maven2/org/testcontainers/testcontainers-postgresql/2.0.5/testcontainers-postgresql-2.0.5.jar (15 kB at 8.6 kB/s)
2026-10-04T12:36:25.4474586Z [INFO] Downloading from central: https://repo.maven.apache.org/maven2/commons-codec/commons-codec/1.21.0/commons-codec-1.21.0.jar
2026-10-04T12:36:25.4500101Z [INFO] Downloaded from central: https://repo.maven.apache.org/maven2/org/testcontainers/testcontainers-r2dbc/2.0.5/testcontainers-r2dbc-2.0.5.jar (16 kB at 9.2 kB/s)
2026-10-04T12:36:25.4501316Z [INFO] Downloading from central: https://repo.maven.apache.org/maven2/commons-io/commons-io/2.20.0/commons-io-2.20.0.jar
2026-10-04T12:36:25.4628203Z [INFO] Downloaded from central: https://repo.maven.apache.org/maven2/org/testcontainers/testcontainers-database-commons/2.0.5/testcontainers-database-commons-2.0.5.jar (15 kB at 8.6 kB/s)
2026-10-04T12:36:25.4628834Z [INFO] Downloading from central: https://repo.maven.apache.org/maven2/org/apache/commons/commons-lang3/3.20.0/commons-lang3-3.20.0.jar
2026-10-04T12:36:25.4667824Z [INFO] Downloaded from central: https://repo.maven.apache.org/maven2/commons-codec/commons-codec/1.21.0/commons-codec-1.21.0.jar (402 kB at 229 kB/s)
2026-10-04T12:36:25.4668832Z [INFO] Downloading from central: https://repo.maven.apache.org/maven2/org/rnorth/duct-tape/duct-tape/1.0.8/duct-tape-1.0.8.jar
2026-10-04T12:36:25.4729200Z [INFO] Downloaded from central: https://repo.maven.apache.org/maven2/commons-io/commons-io/2.20.0/commons-io-2.20.0.jar (564 kB at 320 kB/s)
2026-10-04T12:36:25.4730163Z [INFO] Downloading from central: https://repo.maven.apache.org/maven2/org/jetbrains/annotations/17.0.0/annotations-17.0.0.jar
2026-10-04T12:36:25.4796112Z [INFO] Downloaded from central: https://repo.maven.apache.org/maven2/org/apache/commons/commons-compress/1.28.0/commons-compress-1.28.0.jar (1.1 MB at 632 kB/s)
2026-10-04T12:36:25.4797371Z [INFO] Downloading from central: https://repo.maven.apache.org/maven2/com/github/docker-java/docker-java-api/3.7.1/docker-java-api-3.7.1.jar
2026-10-04T12:36:25.4888103Z [INFO] Downloaded from central: https://repo.maven.apache.org/maven2/org/rnorth/duct-tape/duct-tape/1.0.8/duct-tape-1.0.8.jar (25 kB at 14 kB/s)
2026-10-04T12:36:25.4889475Z [INFO] Downloading from central: https://repo.maven.apache.org/maven2/com/github/docker-java/docker-java-transport-zerodep/3.7.1/docker-java-transport-zerodep-3.7.1.jar
2026-10-04T12:36:25.4926650Z [INFO] Downloaded from central: https://repo.maven.apache.org/maven2/org/jetbrains/annotations/17.0.0/annotations-17.0.0.jar (19 kB at 11 kB/s)
2026-10-04T12:36:25.4927748Z [INFO] Downloading from central: https://repo.maven.apache.org/maven2/com/github/docker-java/docker-java-transport/3.7.1/docker-java-transport-3.7.1.jar
2026-10-04T12:36:25.5036039Z [INFO] Downloaded from central: https://repo.maven.apache.org/maven2/org/apache/commons/commons-lang3/3.20.0/commons-lang3-3.20.0.jar (714 kB at 398 kB/s)
2026-10-04T12:36:25.5041860Z [INFO] Downloading from central: https://repo.maven.apache.org/maven2/net/java/dev/jna/jna/5.18.1/jna-5.18.1.jar
2026-10-04T12:36:25.5075269Z [INFO] Downloaded from central: https://repo.maven.apache.org/maven2/com/github/docker-java/docker-java-api/3.7.1/docker-java-api-3.7.1.jar (500 kB at 278 kB/s)
2026-10-04T12:36:25.5076356Z [INFO] Downloading from central: https://repo.maven.apache.org/maven2/org/springframework/boot/spring-boot-testcontainers/4.1.0/spring-boot-testcontainers-4.1.0.jar
2026-10-04T12:36:25.5122703Z [INFO] Downloaded from central: https://repo.maven.apache.org/maven2/com/github/docker-java/docker-java-transport/3.7.1/docker-java-transport-3.7.1.jar (39 kB at 22 kB/s)
2026-10-04T12:36:25.5126431Z [INFO] Downloading from central: https://repo.maven.apache.org/maven2/org/springframework/ai/spring-ai-starter-mcp-server-webflux/2.0.0-M8/spring-ai-starter-mcp-server-webflux-2.0.0-M8.jar
2026-10-04T12:36:25.5198740Z [INFO] Downloaded from central: https://repo.maven.apache.org/maven2/org/testcontainers/testcontainers/2.0.5/testcontainers-2.0.5.jar (18 MB at 9.8 MB/s)
2026-10-04T12:36:25.5201435Z [INFO] Downloading from central: https://repo.maven.apache.org/maven2/org/springframework/ai/spring-ai-autoconfigure-mcp-server-webflux/2.0.0-M8/spring-ai-autoconfigure-mcp-server-webflux-2.0.0-M8.jar
2026-10-04T12:36:25.5202564Z [INFO] Downloaded from central: https://repo.maven.apache.org/maven2/com/github/docker-java/docker-java-transport-zerodep/3.7.1/docker-java-transport-zerodep-3.7.1.jar (2.3 MB at 1.3 MB/s)
2026-10-04T12:36:25.5203669Z [INFO] Downloading from central: https://repo.maven.apache.org/maven2/org/springframework/ai/spring-ai-autoconfigure-mcp-server-common/2.0.0-M8/spring-ai-autoconfigure-mcp-server-common-2.0.0-M8.jar
2026-10-04T12:36:25.5342810Z [INFO] Downloaded from central: https://repo.maven.apache.org/maven2/org/springframework/ai/spring-ai-starter-mcp-server-webflux/2.0.0-M8/spring-ai-starter-mcp-server-webflux-2.0.0-M8.jar (2.5 kB at 1.4 kB/s)
2026-10-04T12:36:25.5343496Z [INFO] Downloading from central: https://repo.maven.apache.org/maven2/org/springframework/ai/spring-ai-mcp/2.0.0-M8/spring-ai-mcp-2.0.0-M8.jar
2026-10-04T12:36:25.5377355Z [INFO] Downloaded from central: https://repo.maven.apache.org/maven2/org/springframework/ai/spring-ai-autoconfigure-mcp-server-webflux/2.0.0-M8/spring-ai-autoconfigure-mcp-server-webflux-2.0.0-M8.jar (9.3 kB at 5.1 kB/s)
2026-10-04T12:36:25.5378246Z [INFO] Downloading from central: https://repo.maven.apache.org/maven2/io/modelcontextprotocol/sdk/mcp/2.0.0-M3/mcp-2.0.0-M3.jar
2026-10-04T12:36:25.5399051Z [INFO] Downloaded from central: https://repo.maven.apache.org/maven2/org/springframework/boot/spring-boot-testcontainers/4.1.0/spring-boot-testcontainers-4.1.0.jar (77 kB at 42 kB/s)
2026-10-04T12:36:25.5399734Z [INFO] Downloading from central: https://repo.maven.apache.org/maven2/io/modelcontextprotocol/sdk/mcp-json-jackson3/2.0.0-M3/mcp-json-jackson3-2.0.0-M3.jar
2026-10-04T12:36:25.5443873Z [INFO] Downloaded from central: https://repo.maven.apache.org/maven2/net/java/dev/jna/jna/5.18.1/jna-5.18.1.jar (2.0 MB at 1.1 MB/s)
2026-10-04T12:36:25.5444815Z [INFO] Downloading from central: https://repo.maven.apache.org/maven2/org/springframework/ai/spring-ai-mcp-annotations/2.0.0-M8/spring-ai-mcp-annotations-2.0.0-M8.jar
2026-10-04T12:36:25.5478098Z [INFO] Downloaded from central: https://repo.maven.apache.org/maven2/org/springframework/ai/spring-ai-autoconfigure-mcp-server-common/2.0.0-M8/spring-ai-autoconfigure-mcp-server-common-2.0.0-M8.jar (68 kB at 37 kB/s)
2026-10-04T12:36:25.5478806Z [INFO] Downloading from central: https://repo.maven.apache.org/maven2/org/springframework/ai/mcp-spring-webflux/2.0.0-M8/mcp-spring-webflux-2.0.0-M8.jar
2026-10-04T12:36:25.5547582Z [INFO] Downloaded from central: https://repo.maven.apache.org/maven2/org/springframework/ai/spring-ai-mcp/2.0.0-M8/spring-ai-mcp-2.0.0-M8.jar (43 kB at 23 kB/s)
2026-10-04T12:36:25.5548227Z [INFO] Downloading from central: https://repo.maven.apache.org/maven2/io/modelcontextprotocol/sdk/mcp-core/2.0.0-M3/mcp-core-2.0.0-M3.jar
2026-10-04T12:36:25.5580057Z [INFO] Downloaded from central: https://repo.maven.apache.org/maven2/io/modelcontextprotocol/sdk/mcp/2.0.0-M3/mcp-2.0.0-M3.jar (1.9 kB at 1.0 kB/s)
2026-10-04T12:36:25.5580822Z [INFO] Downloading from central: https://repo.maven.apache.org/maven2/net/objecthunter/exp4j/0.4.8/exp4j-0.4.8.jar
2026-10-04T12:36:25.5639874Z [INFO] Downloaded from central: https://repo.maven.apache.org/maven2/io/modelcontextprotocol/sdk/mcp-json-jackson3/2.0.0-M3/mcp-json-jackson3-2.0.0-M3.jar (12 kB at 6.5 kB/s)
2026-10-04T12:36:25.5641102Z [INFO] Downloading from central: https://repo.maven.apache.org/maven2/org/awaitility/awaitility/4.2.0/awaitility-4.2.0.jar
2026-10-04T12:36:25.5686732Z [INFO] Downloaded from central: https://repo.maven.apache.org/maven2/org/springframework/ai/spring-ai-mcp-annotations/2.0.0-M8/spring-ai-mcp-annotations-2.0.0-M8.jar (410 kB at 221 kB/s)
2026-10-04T12:36:25.5771862Z [INFO] Downloaded from central: https://repo.maven.apache.org/maven2/net/objecthunter/exp4j/0.4.8/exp4j-0.4.8.jar (47 kB at 25 kB/s)
2026-10-04T12:36:25.5793916Z [INFO] Downloaded from central: https://repo.maven.apache.org/maven2/io/modelcontextprotocol/sdk/mcp-core/2.0.0-M3/mcp-core-2.0.0-M3.jar (587 kB at 314 kB/s)
2026-10-04T12:36:25.5851572Z [INFO] Downloaded from central: https://repo.maven.apache.org/maven2/org/springframework/ai/mcp-spring-webflux/2.0.0-M8/mcp-spring-webflux-2.0.0-M8.jar (60 kB at 32 kB/s)
2026-10-04T12:36:25.5854445Z [INFO] Downloaded from central: https://repo.maven.apache.org/maven2/org/awaitility/awaitility/4.2.0/awaitility-4.2.0.jar (96 kB at 51 kB/s)
2026-10-04T12:36:25.6202583Z [INFO] 
2026-10-04T12:36:25.6203343Z [INFO] --- resources:3.5.0:resources (default-resources) @ Ultimate-server ---
2026-10-04T12:36:25.6282338Z [INFO] Downloading from spring-milestones: https://repo.spring.io/milestone/org/apache/maven/shared/maven-filtering/3.5.0/maven-filtering-3.5.0.pom
2026-10-04T12:36:25.7041088Z [INFO] Downloading from central: https://repo.maven.apache.org/maven2/org/apache/maven/shared/maven-filtering/3.5.0/maven-filtering-3.5.0.pom
2026-10-04T12:36:25.7239481Z [INFO] Downloaded from central: https://repo.maven.apache.org/maven2/org/apache/maven/shared/maven-filtering/3.5.0/maven-filtering-3.5.0.pom (6.2 kB at 309 kB/s)
2026-10-04T12:36:25.7250642Z [INFO] Downloading from spring-milestones: https://repo.spring.io/milestone/org/apache/maven/shared/maven-shared-components/47/maven-shared-components-47.pom
2026-10-04T12:36:25.7995758Z [INFO] Downloading from central: https://repo.maven.apache.org/maven2/org/apache/maven/shared/maven-shared-components/47/maven-shared-components-47.pom
2026-10-04T12:36:25.8200528Z [INFO] Downloaded from central: https://repo.maven.apache.org/maven2/org/apache/maven/shared/maven-shared-components/47/maven-shared-components-47.pom (3.8 kB at 190 kB/s)
2026-10-04T12:36:25.8221524Z [INFO] Downloading from spring-milestones: https://repo.spring.io/milestone/org/slf4j/slf4j-api/1.7.36/slf4j-api-1.7.36.pom
2026-10-04T12:36:25.8964715Z [INFO] Downloading from central: https://repo.maven.apache.org/maven2/org/slf4j/slf4j-api/1.7.36/slf4j-api-1.7.36.pom
2026-10-04T12:36:25.9333246Z [INFO] Downloaded from central: https://repo.maven.apache.org/maven2/org/slf4j/slf4j-api/1.7.36/slf4j-api-1.7.36.pom (2.7 kB at 74 kB/s)
2026-10-04T12:36:25.9342799Z [INFO] Downloading from spring-milestones: https://repo.spring.io/milestone/org/slf4j/slf4j-parent/1.7.36/slf4j-parent-1.7.36.pom
2026-10-04T12:36:26.0094540Z [INFO] Downloading from central: https://repo.maven.apache.org/maven2/org/slf4j/slf4j-parent/1.7.36/slf4j-parent-1.7.36.pom
2026-10-04T12:36:26.0301171Z [INFO] Downloaded from central: https://repo.maven.apache.org/maven2/org/slf4j/slf4j-parent/1.7.36/slf4j-parent-1.7.36.pom (14 kB at 705 kB/s)
2026-10-04T12:36:26.0318835Z [INFO] Downloading from spring-milestones: https://repo.spring.io/milestone/org/codehaus/plexus/plexus-build-api/1.2.0/plexus-build-api-1.2.0.pom
2026-10-04T12:36:26.1069072Z [INFO] Downloading from central: https://repo.maven.apache.org/maven2/org/codehaus/plexus/plexus-build-api/1.2.0/plexus-build-api-1.2.0.pom
2026-10-04T12:36:26.1274641Z [INFO] Downloaded from central: https://repo.maven.apache.org/maven2/org/codehaus/plexus/plexus-build-api/1.2.0/plexus-build-api-1.2.0.pom (4.7 kB at 225 kB/s)
2026-10-04T12:36:26.1285089Z [INFO] Downloading from spring-milestones: https://repo.spring.io/milestone/org/codehaus/plexus/plexus/13/plexus-13.pom
2026-10-04T12:36:26.2040943Z [INFO] Downloading from central: https://repo.maven.apache.org/maven2/org/codehaus/plexus/plexus/13/plexus-13.pom
2026-10-04T12:36:26.2694005Z [INFO] Downloaded from central: https://repo.maven.apache.org/maven2/org/codehaus/plexus/plexus/13/plexus-13.pom (27 kB at 415 kB/s)
2026-10-04T12:36:26.2714378Z [INFO] Downloading from spring-milestones: https://repo.spring.io/milestone/org/junit/junit-bom/5.9.3/junit-bom-5.9.3.pom
2026-10-04T12:36:26.3462323Z [INFO] Downloading from central: https://repo.maven.apache.org/maven2/org/junit/junit-bom/5.9.3/junit-bom-5.9.3.pom
2026-10-04T12:36:26.3686809Z [INFO] Downloaded from central: https://repo.maven.apache.org/maven2/org/junit/junit-bom/5.9.3/junit-bom-5.9.3.pom (5.6 kB at 256 kB/s)
2026-10-04T12:36:26.3700188Z [INFO] Downloading from spring-milestones: https://repo.spring.io/milestone/org/codehaus/plexus/plexus-utils/3.6.0/plexus-utils-3.6.0.pom
2026-10-04T12:36:26.4446881Z [INFO] Downloading from central: https://repo.maven.apache.org/maven2/org/codehaus/plexus/plexus-utils/3.6.0/plexus-utils-3.6.0.pom
2026-10-04T12:36:26.4652094Z [INFO] Downloaded from central: https://repo.maven.apache.org/maven2/org/codehaus/plexus/plexus-utils/3.6.0/plexus-utils-3.6.0.pom (7.6 kB at 364 kB/s)
2026-10-04T12:36:26.4663585Z [INFO] Downloading from spring-milestones: https://repo.spring.io/milestone/org/codehaus/plexus/plexus/19/plexus-19.pom
2026-10-04T12:36:26.5405364Z [INFO] Downloading from central: https://repo.maven.apache.org/maven2/org/codehaus/plexus/plexus/19/plexus-19.pom
2026-10-04T12:36:26.5678262Z [INFO] Downloaded from central: https://repo.maven.apache.org/maven2/org/codehaus/plexus/plexus/19/plexus-19.pom (25 kB at 940 kB/s)
2026-10-04T12:36:26.5696804Z [INFO] Downloading from spring-milestones: https://repo.spring.io/milestone/org/junit/junit-bom/5.11.1/junit-bom-5.11.1.pom
2026-10-04T12:36:26.6449423Z [INFO] Downloading from central: https://repo.maven.apache.org/maven2/org/junit/junit-bom/5.11.1/junit-bom-5.11.1.pom
2026-10-04T12:36:26.6680107Z [INFO] Downloaded from central: https://repo.maven.apache.org/maven2/org/junit/junit-bom/5.11.1/junit-bom-5.11.1.pom (5.6 kB at 246 kB/s)
2026-10-04T12:36:26.6694358Z [INFO] Downloading from spring-milestones: https://repo.spring.io/milestone/javax/inject/javax.inject/1/javax.inject-1.pom
2026-10-04T12:36:26.7441919Z [INFO] Downloading from central: https://repo.maven.apache.org/maven2/javax/inject/javax.inject/1/javax.inject-1.pom
2026-10-04T12:36:26.7673587Z [INFO] Downloaded from central: https://repo.maven.apache.org/maven2/javax/inject/javax.inject/1/javax.inject-1.pom (612 B at 26 kB/s)
2026-10-04T12:36:26.7686761Z [INFO] Downloading from spring-milestones: https://repo.spring.io/milestone/org/sonatype/plexus/plexus-build-api/0.0.7/plexus-build-api-0.0.7.pom
2026-10-04T12:36:26.8422574Z [INFO] Downloading from central: https://repo.maven.apache.org/maven2/org/sonatype/plexus/plexus-build-api/0.0.7/plexus-build-api-0.0.7.pom
2026-10-04T12:36:26.8745694Z [INFO] Downloaded from central: https://repo.maven.apache.org/maven2/org/sonatype/plexus/plexus-build-api/0.0.7/plexus-build-api-0.0.7.pom (3.2 kB at 100 kB/s)
2026-10-04T12:36:26.8754440Z [INFO] Downloading from spring-milestones: https://repo.spring.io/milestone/org/sonatype/spice/spice-parent/15/spice-parent-15.pom
2026-10-04T12:36:26.9498959Z [INFO] Downloading from central: https://repo.maven.apache.org/maven2/org/sonatype/spice/spice-parent/15/spice-parent-15.pom
2026-10-04T12:36:26.9710196Z [INFO] Downloaded from central: https://repo.maven.apache.org/maven2/org/sonatype/spice/spice-parent/15/spice-parent-15.pom (8.4 kB at 398 kB/s)
2026-10-04T12:36:26.9721702Z [INFO] Downloading from spring-milestones: https://repo.spring.io/milestone/org/sonatype/forge/forge-parent/5/forge-parent-5.pom
2026-10-04T12:36:27.0472134Z [INFO] Downloading from central: https://repo.maven.apache.org/maven2/org/sonatype/forge/forge-parent/5/forge-parent-5.pom
2026-10-04T12:36:27.0694553Z [INFO] Downloaded from central: https://repo.maven.apache.org/maven2/org/sonatype/forge/forge-parent/5/forge-parent-5.pom (8.4 kB at 380 kB/s)
2026-10-04T12:36:27.0710006Z [INFO] Downloading from spring-milestones: https://repo.spring.io/milestone/org/eclipse/sisu/org.eclipse.sisu.plexus/0.9.0.M4/org.eclipse.sisu.plexus-0.9.0.M4.pom
2026-10-04T12:36:27.1449409Z [INFO] Downloading from central: https://repo.maven.apache.org/maven2/org/eclipse/sisu/org.eclipse.sisu.plexus/0.9.0.M4/org.eclipse.sisu.plexus-0.9.0.M4.pom
2026-10-04T12:36:27.1660164Z [INFO] Downloaded from central: https://repo.maven.apache.org/maven2/org/eclipse/sisu/org.eclipse.sisu.plexus/0.9.0.M4/org.eclipse.sisu.plexus-0.9.0.M4.pom (17 kB at 827 kB/s)
2026-10-04T12:36:27.1670351Z [INFO] Downloading from spring-milestones: https://repo.spring.io/milestone/org/eclipse/sisu/sisu-inject/0.9.0.M4/sisu-inject-0.9.0.M4.pom
2026-10-04T12:36:27.2424357Z [INFO] Downloading from central: https://repo.maven.apache.org/maven2/org/eclipse/sisu/sisu-inject/0.9.0.M4/sisu-inject-0.9.0.M4.pom
2026-10-04T12:36:27.2626913Z [INFO] Downloaded from central: https://repo.maven.apache.org/maven2/org/eclipse/sisu/sisu-inject/0.9.0.M4/sisu-inject-0.9.0.M4.pom (25 kB at 1.3 MB/s)
2026-10-04T12:36:27.2644442Z [INFO] Downloading from spring-milestones: https://repo.spring.io/milestone/org/codehaus/plexus/plexus-interpolation/1.29/plexus-interpolation-1.29.pom
2026-10-04T12:36:27.3394183Z [INFO] Downloading from central: https://repo.maven.apache.org/maven2/org/codehaus/plexus/plexus-interpolation/1.29/plexus-interpolation-1.29.pom
2026-10-04T12:36:27.3601981Z [INFO] Downloaded from central: https://repo.maven.apache.org/maven2/org/codehaus/plexus/plexus-interpolation/1.29/plexus-interpolation-1.29.pom (4.7 kB at 225 kB/s)
2026-10-04T12:36:27.3612738Z [INFO] Downloading from spring-milestones: https://repo.spring.io/milestone/org/codehaus/plexus/plexus/24/plexus-24.pom
2026-10-04T12:36:27.4352279Z [INFO] Downloading from central: https://repo.maven.apache.org/maven2/org/codehaus/plexus/plexus/24/plexus-24.pom
2026-10-04T12:36:27.4612799Z [INFO] Downloaded from central: https://repo.maven.apache.org/maven2/org/codehaus/plexus/plexus/24/plexus-24.pom (31 kB at 1.2 MB/s)
2026-10-04T12:36:27.4675445Z [INFO] Downloading from spring-milestones: https://repo.spring.io/milestone/org/apache/maven/shared/maven-filtering/3.5.0/maven-filtering-3.5.0.jar
2026-10-04T12:36:27.5423004Z [INFO] Downloading from spring-milestones: https://repo.spring.io/milestone/org/slf4j/slf4j-api/1.7.36/slf4j-api-1.7.36.jar
2026-10-04T12:36:27.5424018Z [INFO] Downloading from spring-milestones: https://repo.spring.io/milestone/org/codehaus/plexus/plexus-build-api/1.2.0/plexus-build-api-1.2.0.jar
2026-10-04T12:36:27.5424960Z [INFO] Downloading from spring-milestones: https://repo.spring.io/milestone/javax/inject/javax.inject/1/javax.inject-1.jar
2026-10-04T12:36:27.5428937Z [INFO] Downloading from spring-milestones: https://repo.spring.io/milestone/org/sonatype/plexus/plexus-build-api/0.0.7/plexus-build-api-0.0.7.jar
2026-10-04T12:36:27.5429527Z [INFO] Downloading from spring-milestones: https://repo.spring.io/milestone/org/eclipse/sisu/org.eclipse.sisu.plexus/0.9.0.M4/org.eclipse.sisu.plexus-0.9.0.M4.jar
2026-10-04T12:36:27.6144032Z [INFO] Downloading from spring-milestones: https://repo.spring.io/milestone/org/codehaus/plexus/plexus-interpolation/1.29/plexus-interpolation-1.29.jar
2026-10-04T12:36:27.6166662Z [INFO] Downloading from spring-milestones: https://repo.spring.io/milestone/org/codehaus/plexus/plexus-utils/3.6.0/plexus-utils-3.6.0.jar
2026-10-04T12:36:27.6919630Z [INFO] Downloading from central: https://repo.maven.apache.org/maven2/org/apache/maven/shared/maven-filtering/3.5.0/maven-filtering-3.5.0.jar
2026-10-04T12:36:27.7225846Z [INFO] Downloaded from central: https://repo.maven.apache.org/maven2/org/apache/maven/shared/maven-filtering/3.5.0/maven-filtering-3.5.0.jar (61 kB at 2.0 MB/s)
2026-10-04T12:36:27.7228860Z [INFO] Downloading from central: https://repo.maven.apache.org/maven2/org/slf4j/slf4j-api/1.7.36/slf4j-api-1.7.36.jar
2026-10-04T12:36:27.7229745Z [INFO] Downloading from central: https://repo.maven.apache.org/maven2/org/codehaus/plexus/plexus-build-api/1.2.0/plexus-build-api-1.2.0.jar
2026-10-04T12:36:27.7231193Z [INFO] Downloading from central: https://repo.maven.apache.org/maven2/javax/inject/javax.inject/1/javax.inject-1.jar
2026-10-04T12:36:27.7232184Z [INFO] Downloading from central: https://repo.maven.apache.org/maven2/org/sonatype/plexus/plexus-build-api/0.0.7/plexus-build-api-0.0.7.jar
2026-10-04T12:36:27.7233123Z [INFO] Downloading from central: https://repo.maven.apache.org/maven2/org/eclipse/sisu/org.eclipse.sisu.plexus/0.9.0.M4/org.eclipse.sisu.plexus-0.9.0.M4.jar
2026-10-04T12:36:27.7421100Z [INFO] Downloaded from central: https://repo.maven.apache.org/maven2/org/codehaus/plexus/plexus-build-api/1.2.0/plexus-build-api-1.2.0.jar (6.6 kB at 347 kB/s)
2026-10-04T12:36:27.7421835Z [INFO] Downloading from central: https://repo.maven.apache.org/maven2/org/codehaus/plexus/plexus-interpolation/1.29/plexus-interpolation-1.29.jar
2026-10-04T12:36:27.7442576Z [INFO] Downloaded from central: https://repo.maven.apache.org/maven2/org/sonatype/plexus/plexus-build-api/0.0.7/plexus-build-api-0.0.7.jar (8.5 kB at 386 kB/s)
2026-10-04T12:36:27.7443253Z [INFO] Downloading from central: https://repo.maven.apache.org/maven2/org/codehaus/plexus/plexus-utils/3.6.0/plexus-utils-3.6.0.jar
2026-10-04T12:36:27.7451500Z [INFO] Downloaded from central: https://repo.maven.apache.org/maven2/org/slf4j/slf4j-api/1.7.36/slf4j-api-1.7.36.jar (41 kB at 1.8 MB/s)
2026-10-04T12:36:27.7529235Z [INFO] Downloaded from central: https://repo.maven.apache.org/maven2/javax/inject/javax.inject/1/javax.inject-1.jar (2.5 kB at 83 kB/s)
2026-10-04T12:36:27.7633758Z [INFO] Downloaded from central: https://repo.maven.apache.org/maven2/org/eclipse/sisu/org.eclipse.sisu.plexus/0.9.0.M4/org.eclipse.sisu.plexus-0.9.0.M4.jar (216 kB at 5.4 MB/s)
2026-10-04T12:36:27.7656589Z [INFO] Downloaded from central: https://repo.maven.apache.org/maven2/org/codehaus/plexus/plexus-utils/3.6.0/plexus-utils-3.6.0.jar (272 kB at 6.5 MB/s)
2026-10-04T12:36:27.7668897Z [INFO] Downloaded from central: https://repo.maven.apache.org/maven2/org/codehaus/plexus/plexus-interpolation/1.29/plexus-interpolation-1.29.jar (88 kB at 2.0 MB/s)
2026-10-04T12:36:27.8439621Z [INFO] Copying 3 resources from src/main/resources to target/classes
2026-10-04T12:36:27.8580662Z [INFO] Copying 18 resources from src/main/resources to target/classes
2026-10-04T12:36:27.8587578Z [INFO] 
2026-10-04T12:36:27.8588300Z [INFO] --- compiler:3.15.0:compile (default-compile) @ Ultimate-server ---
2026-10-04T12:36:27.8617935Z [INFO] Downloading from spring-milestones: https://repo.spring.io/milestone/org/ow2/asm/asm/9.9.1/asm-9.9.1.pom
2026-10-04T12:36:27.9359518Z [INFO] Downloading from central: https://repo.maven.apache.org/maven2/org/ow2/asm/asm/9.9.1/asm-9.9.1.pom
2026-10-04T12:36:27.9571074Z [INFO] Downloaded from central: https://repo.maven.apache.org/maven2/org/ow2/asm/asm/9.9.1/asm-9.9.1.pom (2.4 kB at 113 kB/s)
2026-10-04T12:36:27.9585342Z [INFO] Downloading from spring-milestones: https://repo.spring.io/milestone/org/apache/maven/shared/maven-shared-utils/3.4.2/maven-shared-utils-3.4.2.pom
2026-10-04T12:36:28.0356120Z [INFO] Downloading from central: https://repo.maven.apache.org/maven2/org/apache/maven/shared/maven-shared-utils/3.4.2/maven-shared-utils-3.4.2.pom
2026-10-04T12:36:28.0607935Z [INFO] Downloaded from central: https://repo.maven.apache.org/maven2/org/apache/maven/shared/maven-shared-utils/3.4.2/maven-shared-utils-3.4.2.pom (5.9 kB at 236 kB/s)
2026-10-04T12:36:28.0617598Z [INFO] Downloading from spring-milestones: https://repo.spring.io/milestone/org/apache/maven/shared/maven-shared-components/39/maven-shared-components-39.pom
2026-10-04T12:36:28.1359934Z [INFO] Downloading from central: https://repo.maven.apache.org/maven2/org/apache/maven/shared/maven-shared-components/39/maven-shared-components-39.pom
2026-10-04T12:36:28.1551148Z [INFO] Downloaded from central: https://repo.maven.apache.org/maven2/org/apache/maven/shared/maven-shared-components/39/maven-shared-components-39.pom (3.2 kB at 169 kB/s)
2026-10-04T12:36:28.1559442Z [INFO] Downloading from spring-milestones: https://repo.spring.io/milestone/org/apache/maven/maven-parent/39/maven-parent-39.pom
2026-10-04T12:36:28.2307644Z [INFO] Downloading from central: https://repo.maven.apache.org/maven2/org/apache/maven/maven-parent/39/maven-parent-39.pom
2026-10-04T12:36:28.3356184Z [INFO] Downloaded from central: https://repo.maven.apache.org/maven2/org/apache/maven/maven-parent/39/maven-parent-39.pom (48 kB at 457 kB/s)
2026-10-04T12:36:28.3373162Z [INFO] Downloading from spring-milestones: https://repo.spring.io/milestone/org/apache/apache/29/apache-29.pom
2026-10-04T12:36:28.4114686Z [INFO] Downloading from central: https://repo.maven.apache.org/maven2/org/apache/apache/29/apache-29.pom
2026-10-04T12:36:28.4322141Z [INFO] Downloaded from central: https://repo.maven.apache.org/maven2/org/apache/apache/29/apache-29.pom (21 kB at 1.0 MB/s)
2026-10-04T12:36:28.4341387Z [INFO] Downloading from spring-milestones: https://repo.spring.io/milestone/commons-io/commons-io/2.11.0/commons-io-2.11.0.pom
2026-10-04T12:36:28.5092914Z [INFO] Downloading from central: https://repo.maven.apache.org/maven2/commons-io/commons-io/2.11.0/commons-io-2.11.0.pom
2026-10-04T12:36:28.5301157Z [INFO] Downloaded from central: https://repo.maven.apache.org/maven2/commons-io/commons-io/2.11.0/commons-io-2.11.0.pom (20 kB at 986 kB/s)
2026-10-04T12:36:28.5314569Z [INFO] Downloading from spring-milestones: https://repo.spring.io/milestone/org/apache/commons/commons-parent/52/commons-parent-52.pom
2026-10-04T12:36:28.6056338Z [INFO] Downloading from central: https://repo.maven.apache.org/maven2/org/apache/commons/commons-parent/52/commons-parent-52.pom
2026-10-04T12:36:28.6307956Z [INFO] Downloaded from central: https://repo.maven.apache.org/maven2/org/apache/commons/commons-parent/52/commons-parent-52.pom (79 kB at 3.2 MB/s)
2026-10-04T12:36:28.6327352Z [INFO] Downloading from spring-milestones: https://repo.spring.io/milestone/org/apache/apache/23/apache-23.pom
2026-10-04T12:36:28.7071455Z [INFO] Downloading from central: https://repo.maven.apache.org/maven2/org/apache/apache/23/apache-23.pom
2026-10-04T12:36:28.7289878Z [INFO] Downloaded from central: https://repo.maven.apache.org/maven2/org/apache/apache/23/apache-23.pom (18 kB at 837 kB/s)
2026-10-04T12:36:28.7308318Z [INFO] Downloading from spring-milestones: https://repo.spring.io/milestone/org/junit/junit-bom/5.7.2/junit-bom-5.7.2.pom
2026-10-04T12:36:28.8061930Z [INFO] Downloading from central: https://repo.maven.apache.org/maven2/org/junit/junit-bom/5.7.2/junit-bom-5.7.2.pom
2026-10-04T12:36:28.8280460Z [INFO] Downloaded from central: https://repo.maven.apache.org/maven2/org/junit/junit-bom/5.7.2/junit-bom-5.7.2.pom (5.1 kB at 232 kB/s)
2026-10-04T12:36:28.8292751Z [INFO] Downloading from spring-milestones: https://repo.spring.io/milestone/org/apache/maven/shared/maven-shared-incremental/1.1/maven-shared-incremental-1.1.pom
2026-10-04T12:36:28.9036964Z [INFO] Downloading from central: https://repo.maven.apache.org/maven2/org/apache/maven/shared/maven-shared-incremental/1.1/maven-shared-incremental-1.1.pom
2026-10-04T12:36:28.9267166Z [INFO] Downloaded from central: https://repo.maven.apache.org/maven2/org/apache/maven/shared/maven-shared-incremental/1.1/maven-shared-incremental-1.1.pom (4.7 kB at 206 kB/s)
2026-10-04T12:36:28.9276474Z [INFO] Downloading from spring-milestones: https://repo.spring.io/milestone/org/apache/maven/shared/maven-shared-components/19/maven-shared-components-19.pom
2026-10-04T12:36:29.0013999Z [INFO] Downloading from central: https://repo.maven.apache.org/maven2/org/apache/maven/shared/maven-shared-components/19/maven-shared-components-19.pom
2026-10-04T12:36:29.0334485Z [INFO] Downloaded from central: https://repo.maven.apache.org/maven2/org/apache/maven/shared/maven-shared-components/19/maven-shared-components-19.pom (6.4 kB at 199 kB/s)
2026-10-04T12:36:29.0344495Z [INFO] Downloading from spring-milestones: https://repo.spring.io/milestone/org/apache/maven/maven-parent/23/maven-parent-23.pom
2026-10-04T12:36:29.1080468Z [INFO] Downloading from central: https://repo.maven.apache.org/maven2/org/apache/maven/maven-parent/23/maven-parent-23.pom
2026-10-04T12:36:29.1282916Z [INFO] Downloaded from central: https://repo.maven.apache.org/maven2/org/apache/maven/maven-parent/23/maven-parent-23.pom (33 kB at 1.6 MB/s)
2026-10-04T12:36:29.1294982Z [INFO] Downloading from spring-milestones: https://repo.spring.io/milestone/org/apache/apache/13/apache-13.pom
2026-10-04T12:36:29.2035940Z [INFO] Downloading from central: https://repo.maven.apache.org/maven2/org/apache/apache/13/apache-13.pom
2026-10-04T12:36:29.2310399Z [INFO] Downloaded from central: https://repo.maven.apache.org/maven2/org/apache/apache/13/apache-13.pom (14 kB at 518 kB/s)
2026-10-04T12:36:29.2360179Z [INFO] Downloading from spring-milestones: https://repo.spring.io/milestone/org/codehaus/plexus/plexus-java/1.5.2/plexus-java-1.5.2.pom
2026-10-04T12:36:29.3104454Z [INFO] Downloading from central: https://repo.maven.apache.org/maven2/org/codehaus/plexus/plexus-java/1.5.2/plexus-java-1.5.2.pom
2026-10-04T12:36:29.3486204Z [INFO] Downloaded from central: https://repo.maven.apache.org/maven2/org/codehaus/plexus/plexus-java/1.5.2/plexus-java-1.5.2.pom (4.1 kB at 107 kB/s)
2026-10-04T12:36:29.3498090Z [INFO] Downloading from spring-milestones: https://repo.spring.io/milestone/org/codehaus/plexus/plexus-languages/1.5.2/plexus-languages-1.5.2.pom
2026-10-04T12:36:29.4238655Z [INFO] Downloading from central: https://repo.maven.apache.org/maven2/org/codehaus/plexus/plexus-languages/1.5.2/plexus-languages-1.5.2.pom
2026-10-04T12:36:29.4450031Z [INFO] Downloaded from central: https://repo.maven.apache.org/maven2/org/codehaus/plexus/plexus-languages/1.5.2/plexus-languages-1.5.2.pom (3.9 kB at 184 kB/s)
2026-10-04T12:36:29.4468219Z [INFO] Downloading from spring-milestones: https://repo.spring.io/milestone/com/thoughtworks/qdox/qdox/2.2.0/qdox-2.2.0.pom
2026-10-04T12:36:29.5219432Z [INFO] Downloading from central: https://repo.maven.apache.org/maven2/com/thoughtworks/qdox/qdox/2.2.0/qdox-2.2.0.pom
2026-10-04T12:36:29.5440300Z [INFO] Downloaded from central: https://repo.maven.apache.org/maven2/com/thoughtworks/qdox/qdox/2.2.0/qdox-2.2.0.pom (18 kB at 802 kB/s)
2026-10-04T12:36:29.5454464Z [INFO] Downloading from spring-milestones: https://repo.spring.io/milestone/org/codehaus/plexus/plexus-compiler-api/2.16.2/plexus-compiler-api-2.16.2.pom
2026-10-04T12:36:29.6193935Z [INFO] Downloading from central: https://repo.maven.apache.org/maven2/org/codehaus/plexus/plexus-compiler-api/2.16.2/plexus-compiler-api-2.16.2.pom
2026-10-04T12:36:29.6381612Z [INFO] Downloaded from central: https://repo.maven.apache.org/maven2/org/codehaus/plexus/plexus-compiler-api/2.16.2/plexus-compiler-api-2.16.2.pom (1.4 kB at 72 kB/s)
2026-10-04T12:36:29.6386374Z [INFO] Downloading from spring-milestones: https://repo.spring.io/milestone/org/codehaus/plexus/plexus-compiler/2.16.2/plexus-compiler-2.16.2.pom
2026-10-04T12:36:29.7123002Z [INFO] Downloading from central: https://repo.maven.apache.org/maven2/org/codehaus/plexus/plexus-compiler/2.16.2/plexus-compiler-2.16.2.pom
2026-10-04T12:36:29.7321013Z [INFO] Downloaded from central: https://repo.maven.apache.org/maven2/org/codehaus/plexus/plexus-compiler/2.16.2/plexus-compiler-2.16.2.pom (7.5 kB at 397 kB/s)
2026-10-04T12:36:29.7325868Z [INFO] Downloading from spring-milestones: https://repo.spring.io/milestone/org/codehaus/plexus/plexus/25/plexus-25.pom
2026-10-04T12:36:29.8060433Z [INFO] Downloading from central: https://repo.maven.apache.org/maven2/org/codehaus/plexus/plexus/25/plexus-25.pom
2026-10-04T12:36:29.8281840Z [INFO] Downloaded from central: https://repo.maven.apache.org/maven2/org/codehaus/plexus/plexus/25/plexus-25.pom (31 kB at 1.4 MB/s)
2026-10-04T12:36:29.8296640Z [INFO] Downloading from spring-milestones: https://repo.spring.io/milestone/org/codehaus/plexus/plexus-utils/4.0.2/plexus-utils-4.0.2.pom
2026-10-04T12:36:29.9040923Z [INFO] Downloading from central: https://repo.maven.apache.org/maven2/org/codehaus/plexus/plexus-utils/4.0.2/plexus-utils-4.0.2.pom
2026-10-04T12:36:29.9231796Z [INFO] Downloaded from central: https://repo.maven.apache.org/maven2/org/codehaus/plexus/plexus-utils/4.0.2/plexus-utils-4.0.2.pom (13 kB at 640 kB/s)
2026-10-04T12:36:29.9243377Z [INFO] Downloading from spring-milestones: https://repo.spring.io/milestone/org/codehaus/plexus/plexus-compiler-manager/2.16.2/plexus-compiler-manager-2.16.2.pom
2026-10-04T12:36:29.9993390Z [INFO] Downloading from central: https://repo.maven.apache.org/maven2/org/codehaus/plexus/plexus-compiler-manager/2.16.2/plexus-compiler-manager-2.16.2.pom
2026-10-04T12:36:30.0195418Z [INFO] Downloaded from central: https://repo.maven.apache.org/maven2/org/codehaus/plexus/plexus-compiler-manager/2.16.2/plexus-compiler-manager-2.16.2.pom (1.3 kB at 67 kB/s)
2026-10-04T12:36:30.0209133Z [INFO] Downloading from spring-milestones: https://repo.spring.io/milestone/org/codehaus/plexus/plexus-xml/3.0.1/plexus-xml-3.0.1.pom
2026-10-04T12:36:30.0950053Z [INFO] Downloading from central: https://repo.maven.apache.org/maven2/org/codehaus/plexus/plexus-xml/3.0.1/plexus-xml-3.0.1.pom
2026-10-04T12:36:30.1174798Z [INFO] Downloaded from central: https://repo.maven.apache.org/maven2/org/codehaus/plexus/plexus-xml/3.0.1/plexus-xml-3.0.1.pom (3.7 kB at 161 kB/s)
2026-10-04T12:36:30.1181751Z [INFO] Downloading from spring-milestones: https://repo.spring.io/milestone/org/codehaus/plexus/plexus/18/plexus-18.pom
2026-10-04T12:36:30.1916229Z [INFO] Downloading from central: https://repo.maven.apache.org/maven2/org/codehaus/plexus/plexus/18/plexus-18.pom
2026-10-04T12:36:30.2118301Z [INFO] Downloaded from central: https://repo.maven.apache.org/maven2/org/codehaus/plexus/plexus/18/plexus-18.pom (29 kB at 1.5 MB/s)
2026-10-04T12:36:30.2128570Z [INFO] Downloading from spring-milestones: https://repo.spring.io/milestone/org/junit/junit-bom/5.10.2/junit-bom-5.10.2.pom
2026-10-04T12:36:30.2865527Z [INFO] Downloading from central: https://repo.maven.apache.org/maven2/org/junit/junit-bom/5.10.2/junit-bom-5.10.2.pom
2026-10-04T12:36:30.3146312Z [INFO] Downloaded from central: https://repo.maven.apache.org/maven2/org/junit/junit-bom/5.10.2/junit-bom-5.10.2.pom (5.6 kB at 202 kB/s)
2026-10-04T12:36:30.3153858Z [INFO] Downloading from spring-milestones: https://repo.spring.io/milestone/org/codehaus/plexus/plexus-compiler-javac/2.16.2/plexus-compiler-javac-2.16.2.pom
2026-10-04T12:36:30.3881534Z [INFO] Downloading from central: https://repo.maven.apache.org/maven2/org/codehaus/plexus/plexus-compiler-javac/2.16.2/plexus-compiler-javac-2.16.2.pom
2026-10-04T12:36:30.4211820Z [INFO] Downloaded from central: https://repo.maven.apache.org/maven2/org/codehaus/plexus/plexus-compiler-javac/2.16.2/plexus-compiler-javac-2.16.2.pom (1.3 kB at 39 kB/s)
2026-10-04T12:36:30.4217328Z [INFO] Downloading from spring-milestones: https://repo.spring.io/milestone/org/codehaus/plexus/plexus-compilers/2.16.2/plexus-compilers-2.16.2.pom
2026-10-04T12:36:30.4951171Z [INFO] Downloading from central: https://repo.maven.apache.org/maven2/org/codehaus/plexus/plexus-compilers/2.16.2/plexus-compilers-2.16.2.pom
2026-10-04T12:36:30.5128600Z [INFO] Downloaded from central: https://repo.maven.apache.org/maven2/org/codehaus/plexus/plexus-compilers/2.16.2/plexus-compilers-2.16.2.pom (1.6 kB at 87 kB/s)
2026-10-04T12:36:30.5149662Z [INFO] Downloading from spring-milestones: https://repo.spring.io/milestone/org/ow2/asm/asm/9.9.1/asm-9.9.1.jar
2026-10-04T12:36:30.5875550Z [INFO] Downloading from spring-milestones: https://repo.spring.io/milestone/org/apache/maven/shared/maven-shared-utils/3.4.2/maven-shared-utils-3.4.2.jar
2026-10-04T12:36:30.5876673Z [INFO] Downloading from spring-milestones: https://repo.spring.io/milestone/commons-io/commons-io/2.11.0/commons-io-2.11.0.jar
2026-10-04T12:36:30.5877695Z [INFO] Downloading from spring-milestones: https://repo.spring.io/milestone/org/apache/maven/shared/maven-shared-incremental/1.1/maven-shared-incremental-1.1.jar
2026-10-04T12:36:30.5878551Z [INFO] Downloading from spring-milestones: https://repo.spring.io/milestone/org/codehaus/plexus/plexus-java/1.5.2/plexus-java-1.5.2.jar
2026-10-04T12:36:30.5879446Z [INFO] Downloading from spring-milestones: https://repo.spring.io/milestone/com/thoughtworks/qdox/qdox/2.2.0/qdox-2.2.0.jar
2026-10-04T12:36:30.6583484Z [INFO] Downloading from spring-milestones: https://repo.spring.io/milestone/org/codehaus/plexus/plexus-compiler-api/2.16.2/plexus-compiler-api-2.16.2.jar
2026-10-04T12:36:30.6586389Z [INFO] Downloading from spring-milestones: https://repo.spring.io/milestone/org/codehaus/plexus/plexus-compiler-manager/2.16.2/plexus-compiler-manager-2.16.2.jar
2026-10-04T12:36:30.6612572Z [INFO] Downloading from spring-milestones: https://repo.spring.io/milestone/org/codehaus/plexus/plexus-xml/3.0.1/plexus-xml-3.0.1.jar
2026-10-04T12:36:30.6649312Z [INFO] Downloading from spring-milestones: https://repo.spring.io/milestone/org/codehaus/plexus/plexus-compiler-javac/2.16.2/plexus-compiler-javac-2.16.2.jar
2026-10-04T12:36:30.6666494Z [INFO] Downloading from spring-milestones: https://repo.spring.io/milestone/org/codehaus/plexus/plexus-utils/4.0.2/plexus-utils-4.0.2.jar
2026-10-04T12:36:30.7439363Z [INFO] Downloading from central: https://repo.maven.apache.org/maven2/org/ow2/asm/asm/9.9.1/asm-9.9.1.jar
2026-10-04T12:36:30.7628540Z [INFO] Downloaded from central: https://repo.maven.apache.org/maven2/org/ow2/asm/asm/9.9.1/asm-9.9.1.jar (126 kB at 6.6 MB/s)
2026-10-04T12:36:30.7633021Z [INFO] Downloading from central: https://repo.maven.apache.org/maven2/org/apache/maven/shared/maven-shared-utils/3.4.2/maven-shared-utils-3.4.2.jar
2026-10-04T12:36:30.7633804Z [INFO] Downloading from central: https://repo.maven.apache.org/maven2/commons-io/commons-io/2.11.0/commons-io-2.11.0.jar
2026-10-04T12:36:30.7634571Z [INFO] Downloading from central: https://repo.maven.apache.org/maven2/org/apache/maven/shared/maven-shared-incremental/1.1/maven-shared-incremental-1.1.jar
2026-10-04T12:36:30.7635364Z [INFO] Downloading from central: https://repo.maven.apache.org/maven2/org/codehaus/plexus/plexus-java/1.5.2/plexus-java-1.5.2.jar
2026-10-04T12:36:30.7635982Z [INFO] Downloading from central: https://repo.maven.apache.org/maven2/com/thoughtworks/qdox/qdox/2.2.0/qdox-2.2.0.jar
2026-10-04T12:36:30.7835578Z [INFO] Downloaded from central: https://repo.maven.apache.org/maven2/org/apache/maven/shared/maven-shared-incremental/1.1/maven-shared-incremental-1.1.jar (14 kB at 645 kB/s)
2026-10-04T12:36:30.7836656Z [INFO] Downloading from central: https://repo.maven.apache.org/maven2/org/codehaus/plexus/plexus-compiler-api/2.16.2/plexus-compiler-api-2.16.2.jar
2026-10-04T12:36:30.7859116Z [INFO] Downloaded from central: https://repo.maven.apache.org/maven2/commons-io/commons-io/2.11.0/commons-io-2.11.0.jar (327 kB at 14 MB/s)
2026-10-04T12:36:30.7860432Z [INFO] Downloading from central: https://repo.maven.apache.org/maven2/org/codehaus/plexus/plexus-compiler-manager/2.16.2/plexus-compiler-manager-2.16.2.jar
2026-10-04T12:36:30.7863351Z [INFO] Downloaded from central: https://repo.maven.apache.org/maven2/com/thoughtworks/qdox/qdox/2.2.0/qdox-2.2.0.jar (353 kB at 15 MB/s)
2026-10-04T12:36:30.7864000Z [INFO] Downloading from central: https://repo.maven.apache.org/maven2/org/codehaus/plexus/plexus-xml/3.0.1/plexus-xml-3.0.1.jar
2026-10-04T12:36:30.7875845Z [INFO] Downloaded from central: https://repo.maven.apache.org/maven2/org/apache/maven/shared/maven-shared-utils/3.4.2/maven-shared-utils-3.4.2.jar (151 kB at 6.0 MB/s)
2026-10-04T12:36:30.7876467Z [INFO] Downloading from central: https://repo.maven.apache.org/maven2/org/codehaus/plexus/plexus-compiler-javac/2.16.2/plexus-compiler-javac-2.16.2.jar
2026-10-04T12:36:30.7953382Z [INFO] Downloaded from central: https://repo.maven.apache.org/maven2/org/codehaus/plexus/plexus-java/1.5.2/plexus-java-1.5.2.jar (57 kB at 1.8 MB/s)
2026-10-04T12:36:30.7954015Z [INFO] Downloading from central: https://repo.maven.apache.org/maven2/org/codehaus/plexus/plexus-utils/4.0.2/plexus-utils-4.0.2.jar
2026-10-04T12:36:30.8030126Z [INFO] Downloaded from central: https://repo.maven.apache.org/maven2/org/codehaus/plexus/plexus-compiler-manager/2.16.2/plexus-compiler-manager-2.16.2.jar (5.2 kB at 134 kB/s)
2026-10-04T12:36:30.8045227Z [INFO] Downloaded from central: https://repo.maven.apache.org/maven2/org/codehaus/plexus/plexus-xml/3.0.1/plexus-xml-3.0.1.jar (94 kB at 2.3 MB/s)
2026-10-04T12:36:30.8109281Z [INFO] Downloaded from central: https://repo.maven.apache.org/maven2/org/codehaus/plexus/plexus-compiler-api/2.16.2/plexus-compiler-api-2.16.2.jar (29 kB at 619 kB/s)
2026-10-04T12:36:30.8127361Z [INFO] Downloaded from central: https://repo.maven.apache.org/maven2/org/codehaus/plexus/plexus-compiler-javac/2.16.2/plexus-compiler-javac-2.16.2.jar (30 kB at 610 kB/s)
2026-10-04T12:36:30.8265742Z [INFO] Downloaded from central: https://repo.maven.apache.org/maven2/org/codehaus/plexus/plexus-utils/4.0.2/plexus-utils-4.0.2.jar (193 kB at 3.1 MB/s)
2026-10-04T12:36:30.9156093Z [INFO] Downloading from spring-milestones: https://repo.spring.io/milestone/org/mapstruct/mapstruct-processor/1.6.3/mapstruct-processor-1.6.3.pom
2026-10-04T12:36:31.0011180Z [INFO] Downloading from central: https://repo.maven.apache.org/maven2/org/mapstruct/mapstruct-processor/1.6.3/mapstruct-processor-1.6.3.pom
2026-10-04T12:36:31.0365744Z [INFO] Downloaded from central: https://repo.maven.apache.org/maven2/org/mapstruct/mapstruct-processor/1.6.3/mapstruct-processor-1.6.3.pom (3.2 kB at 89 kB/s)
2026-10-04T12:36:31.0383323Z [INFO] Downloading from spring-milestones: https://repo.spring.io/milestone/org/mapstruct/mapstruct-processor/1.6.3/mapstruct-processor-1.6.3.jar
2026-10-04T12:36:31.1151652Z [INFO] Downloading from central: https://repo.maven.apache.org/maven2/org/mapstruct/mapstruct-processor/1.6.3/mapstruct-processor-1.6.3.jar
2026-10-04T12:36:31.1573908Z [INFO] Downloaded from central: https://repo.maven.apache.org/maven2/org/mapstruct/mapstruct-processor/1.6.3/mapstruct-processor-1.6.3.jar (2.5 MB at 60 MB/s)
2026-10-04T12:36:31.1743115Z [INFO] Recompiling the module because of changed source code.
2026-10-04T12:36:31.1803223Z [INFO] Compiling 144 source files with javac [debug parameters release 21] to target/classes
2026-10-04T12:36:35.0334085Z [INFO] 
2026-10-04T12:36:35.0334956Z [INFO] --- resources:3.5.0:testResources (default-testResources) @ Ultimate-server ---
2026-10-04T12:36:35.0387707Z [INFO] Copying 1 resource from src/test/resources to target/test-classes
2026-10-04T12:36:35.0391574Z [INFO] 
2026-10-04T12:36:35.0392107Z [INFO] --- compiler:3.15.0:testCompile (default-testCompile) @ Ultimate-server ---
2026-10-04T12:36:35.0513234Z [INFO] Recompiling the module because of changed dependency.
2026-10-04T12:36:35.0519767Z [INFO] Compiling 51 source files with javac [debug parameters release 21] to target/test-classes
2026-10-04T12:36:36.5191693Z [INFO] /home/runner/work/ultimate-ai-platform/ultimate-ai-platform/server/src/test/java/ai/jarvis/agents/AgentExecutorTest.java: Some input files use unchecked or unsafe operations.
2026-10-04T12:36:36.5193381Z [INFO] /home/runner/work/ultimate-ai-platform/ultimate-ai-platform/server/src/test/java/ai/jarvis/agents/AgentExecutorTest.java: Recompile with -Xlint:unchecked for details.
2026-10-04T12:36:36.5194325Z [INFO] 
2026-10-04T12:36:36.5194798Z [INFO] --- surefire:3.5.6:test (default-test) @ Ultimate-server ---
2026-10-04T12:36:36.5276604Z [INFO] Downloading from spring-milestones: https://repo.spring.io/milestone/org/apache/maven/surefire/surefire-api/3.5.6/surefire-api-3.5.6.pom
2026-10-04T12:36:36.6088032Z [INFO] Downloading from central: https://repo.maven.apache.org/maven2/org/apache/maven/surefire/surefire-api/3.5.6/surefire-api-3.5.6.pom
2026-10-04T12:36:36.6516692Z [INFO] Downloaded from central: https://repo.maven.apache.org/maven2/org/apache/maven/surefire/surefire-api/3.5.6/surefire-api-3.5.6.pom (3.7 kB at 84 kB/s)
2026-10-04T12:36:36.6582066Z [INFO] Downloading from spring-milestones: https://repo.spring.io/milestone/org/apache/maven/surefire/surefire-logger-api/3.5.6/surefire-logger-api-3.5.6.pom
2026-10-04T12:36:36.7374372Z [INFO] Downloading from central: https://repo.maven.apache.org/maven2/org/apache/maven/surefire/surefire-logger-api/3.5.6/surefire-logger-api-3.5.6.pom
2026-10-04T12:36:36.7742602Z [INFO] Downloaded from central: https://repo.maven.apache.org/maven2/org/apache/maven/surefire/surefire-logger-api/3.5.6/surefire-logger-api-3.5.6.pom (3.5 kB at 94 kB/s)
2026-10-04T12:36:36.7791991Z [INFO] Downloading from spring-milestones: https://repo.spring.io/milestone/org/apache/maven/surefire/surefire-shared-utils/3.5.6/surefire-shared-utils-3.5.6.pom
2026-10-04T12:36:36.8560502Z [INFO] Downloading from central: https://repo.maven.apache.org/maven2/org/apache/maven/surefire/surefire-shared-utils/3.5.6/surefire-shared-utils-3.5.6.pom
2026-10-04T12:36:36.8927149Z [INFO] Downloaded from central: https://repo.maven.apache.org/maven2/org/apache/maven/surefire/surefire-shared-utils/3.5.6/surefire-shared-utils-3.5.6.pom (4.0 kB at 107 kB/s)
2026-10-04T12:36:36.8972255Z [INFO] Downloading from spring-milestones: https://repo.spring.io/milestone/org/apache/maven/surefire/surefire-extensions-api/3.5.6/surefire-extensions-api-3.5.6.pom
2026-10-04T12:36:36.9745343Z [INFO] Downloading from central: https://repo.maven.apache.org/maven2/org/apache/maven/surefire/surefire-extensions-api/3.5.6/surefire-extensions-api-3.5.6.pom
2026-10-04T12:36:37.0082325Z [INFO] Downloaded from central: https://repo.maven.apache.org/maven2/org/apache/maven/surefire/surefire-extensions-api/3.5.6/surefire-extensions-api-3.5.6.pom (3.6 kB at 111 kB/s)
2026-10-04T12:36:37.0122467Z [INFO] Downloading from spring-milestones: https://repo.spring.io/milestone/org/apache/maven/surefire/maven-surefire-common/3.5.6/maven-surefire-common-3.5.6.pom
2026-10-04T12:36:37.0915150Z [INFO] Downloading from central: https://repo.maven.apache.org/maven2/org/apache/maven/surefire/maven-surefire-common/3.5.6/maven-surefire-common-3.5.6.pom
2026-10-04T12:36:37.1243775Z [INFO] Downloaded from central: https://repo.maven.apache.org/maven2/org/apache/maven/surefire/maven-surefire-common/3.5.6/maven-surefire-common-3.5.6.pom (7.3 kB at 220 kB/s)
2026-10-04T12:36:37.1301848Z [INFO] Downloading from spring-milestones: https://repo.spring.io/milestone/org/apache/maven/surefire/surefire-booter/3.5.6/surefire-booter-3.5.6.pom
2026-10-04T12:36:37.2056024Z [INFO] Downloading from central: https://repo.maven.apache.org/maven2/org/apache/maven/surefire/surefire-booter/3.5.6/surefire-booter-3.5.6.pom
2026-10-04T12:36:37.2398918Z [INFO] Downloaded from central: https://repo.maven.apache.org/maven2/org/apache/maven/surefire/surefire-booter/3.5.6/surefire-booter-3.5.6.pom (5.1 kB at 150 kB/s)
2026-10-04T12:36:37.2449414Z [INFO] Downloading from spring-milestones: https://repo.spring.io/milestone/org/apache/maven/surefire/surefire-extensions-spi/3.5.6/surefire-extensions-spi-3.5.6.pom
2026-10-04T12:36:37.3213166Z [INFO] Downloading from central: https://repo.maven.apache.org/maven2/org/apache/maven/surefire/surefire-extensions-spi/3.5.6/surefire-extensions-spi-3.5.6.pom
2026-10-04T12:36:37.3545945Z [INFO] Downloaded from central: https://repo.maven.apache.org/maven2/org/apache/maven/surefire/surefire-extensions-spi/3.5.6/surefire-extensions-spi-3.5.6.pom (1.7 kB at 50 kB/s)
2026-10-04T12:36:37.3586984Z [INFO] Downloading from spring-milestones: https://repo.spring.io/milestone/org/apache/maven/resolver/maven-resolver-util/1.4.1/maven-resolver-util-1.4.1.pom
2026-10-04T12:36:37.4405653Z [INFO] Downloading from central: https://repo.maven.apache.org/maven2/org/apache/maven/resolver/maven-resolver-util/1.4.1/maven-resolver-util-1.4.1.pom
2026-10-04T12:36:37.4732344Z [INFO] Downloaded from central: https://repo.maven.apache.org/maven2/org/apache/maven/resolver/maven-resolver-util/1.4.1/maven-resolver-util-1.4.1.pom (2.8 kB at 94 kB/s)
2026-10-04T12:36:37.4733368Z [INFO] Downloading from spring-milestones: https://repo.spring.io/milestone/org/apache/maven/resolver/maven-resolver/1.4.1/maven-resolver-1.4.1.pom
2026-10-04T12:36:37.5488196Z [INFO] Downloading from central: https://repo.maven.apache.org/maven2/org/apache/maven/resolver/maven-resolver/1.4.1/maven-resolver-1.4.1.pom
2026-10-04T12:36:37.5791661Z [INFO] Downloaded from central: https://repo.maven.apache.org/maven2/org/apache/maven/resolver/maven-resolver/1.4.1/maven-resolver-1.4.1.pom (18 kB at 606 kB/s)
2026-10-04T12:36:37.5821976Z [INFO] Downloading from spring-milestones: https://repo.spring.io/milestone/org/apache/maven/maven-parent/33/maven-parent-33.pom
2026-10-04T12:36:37.6602670Z [INFO] Downloading from central: https://repo.maven.apache.org/maven2/org/apache/maven/maven-parent/33/maven-parent-33.pom
2026-10-04T12:36:37.6946152Z [INFO] Downloaded from central: https://repo.maven.apache.org/maven2/org/apache/maven/maven-parent/33/maven-parent-33.pom (44 kB at 1.3 MB/s)
2026-10-04T12:36:37.6996587Z [INFO] Downloading from spring-milestones: https://repo.spring.io/milestone/org/apache/maven/resolver/maven-resolver-api/1.4.1/maven-resolver-api-1.4.1.pom
2026-10-04T12:36:37.7752376Z [INFO] Downloading from central: https://repo.maven.apache.org/maven2/org/apache/maven/resolver/maven-resolver-api/1.4.1/maven-resolver-api-1.4.1.pom
2026-10-04T12:36:37.8088390Z [INFO] Downloaded from central: https://repo.maven.apache.org/maven2/org/apache/maven/resolver/maven-resolver-api/1.4.1/maven-resolver-api-1.4.1.pom (2.6 kB at 77 kB/s)
2026-10-04T12:36:37.8122725Z [INFO] Downloading from spring-milestones: https://repo.spring.io/milestone/org/apache/maven/shared/maven-common-artifact-filters/3.4.0/maven-common-artifact-filters-3.4.0.pom
2026-10-04T12:36:37.8896955Z [INFO] Downloading from central: https://repo.maven.apache.org/maven2/org/apache/maven/shared/maven-common-artifact-filters/3.4.0/maven-common-artifact-filters-3.4.0.pom
2026-10-04T12:36:37.9176476Z [INFO] Downloaded from central: https://repo.maven.apache.org/maven2/org/apache/maven/shared/maven-common-artifact-filters/3.4.0/maven-common-artifact-filters-3.4.0.pom (5.4 kB at 192 kB/s)
2026-10-04T12:36:37.9194490Z [INFO] Downloading from spring-milestones: https://repo.spring.io/milestone/org/apache/maven/shared/maven-shared-components/42/maven-shared-components-42.pom
2026-10-04T12:36:37.9975355Z [INFO] Downloading from central: https://repo.maven.apache.org/maven2/org/apache/maven/shared/maven-shared-components/42/maven-shared-components-42.pom
2026-10-04T12:36:38.0321882Z [INFO] Downloaded from central: https://repo.maven.apache.org/maven2/org/apache/maven/shared/maven-shared-components/42/maven-shared-components-42.pom (3.8 kB at 108 kB/s)
2026-10-04T12:36:38.0333471Z [INFO] Downloading from spring-milestones: https://repo.spring.io/milestone/org/apache/maven/maven-parent/42/maven-parent-42.pom
2026-10-04T12:36:38.1112463Z [INFO] Downloading from central: https://repo.maven.apache.org/maven2/org/apache/maven/maven-parent/42/maven-parent-42.pom
2026-10-04T12:36:38.1438202Z [INFO] Downloaded from central: https://repo.maven.apache.org/maven2/org/apache/maven/maven-parent/42/maven-parent-42.pom (50 kB at 1.5 MB/s)
2026-10-04T12:36:38.1471813Z [INFO] Downloading from spring-milestones: https://repo.spring.io/milestone/org/apache/apache/32/apache-32.pom
2026-10-04T12:36:38.2228579Z [INFO] Downloading from central: https://repo.maven.apache.org/maven2/org/apache/apache/32/apache-32.pom
2026-10-04T12:36:38.2532444Z [INFO] Downloaded from central: https://repo.maven.apache.org/maven2/org/apache/apache/32/apache-32.pom (24 kB at 806 kB/s)
2026-10-04T12:36:38.2577004Z [INFO] Downloading from spring-milestones: https://repo.spring.io/milestone/org/apache/maven/surefire/surefire-api/3.5.6/surefire-api-3.5.6.jar
2026-10-04T12:36:38.3340272Z [INFO] Downloading from spring-milestones: https://repo.spring.io/milestone/org/apache/maven/surefire/surefire-logger-api/3.5.6/surefire-logger-api-3.5.6.jar
2026-10-04T12:36:38.3366994Z [INFO] Downloading from spring-milestones: https://repo.spring.io/milestone/org/apache/maven/surefire/maven-surefire-common/3.5.6/maven-surefire-common-3.5.6.jar
2026-10-04T12:36:38.3370069Z [INFO] Downloading from spring-milestones: https://repo.spring.io/milestone/org/apache/maven/surefire/surefire-extensions-api/3.5.6/surefire-extensions-api-3.5.6.jar
2026-10-04T12:36:38.3371245Z [INFO] Downloading from spring-milestones: https://repo.spring.io/milestone/org/apache/maven/surefire/surefire-booter/3.5.6/surefire-booter-3.5.6.jar
2026-10-04T12:36:38.3372638Z [INFO] Downloading from spring-milestones: https://repo.spring.io/milestone/org/apache/maven/surefire/surefire-shared-utils/3.5.6/surefire-shared-utils-3.5.6.jar
2026-10-04T12:36:38.4100972Z [INFO] Downloading from spring-milestones: https://repo.spring.io/milestone/org/apache/maven/surefire/surefire-extensions-spi/3.5.6/surefire-extensions-spi-3.5.6.jar
2026-10-04T12:36:38.4102664Z [INFO] Downloading from spring-milestones: https://repo.spring.io/milestone/org/apache/maven/resolver/maven-resolver-util/1.4.1/maven-resolver-util-1.4.1.jar
2026-10-04T12:36:38.4114142Z [INFO] Downloading from spring-milestones: https://repo.spring.io/milestone/org/apache/maven/shared/maven-common-artifact-filters/3.4.0/maven-common-artifact-filters-3.4.0.jar
2026-10-04T12:36:38.4115433Z [INFO] Downloading from spring-milestones: https://repo.spring.io/milestone/org/apache/maven/resolver/maven-resolver-api/1.4.1/maven-resolver-api-1.4.1.jar
2026-10-04T12:36:38.4873366Z [INFO] Downloading from central: https://repo.maven.apache.org/maven2/org/apache/maven/surefire/surefire-api/3.5.6/surefire-api-3.5.6.jar
2026-10-04T12:36:38.5177681Z [INFO] Downloaded from central: https://repo.maven.apache.org/maven2/org/apache/maven/surefire/surefire-api/3.5.6/surefire-api-3.5.6.jar (174 kB at 5.6 MB/s)
2026-10-04T12:36:38.5180433Z [INFO] Downloading from central: https://repo.maven.apache.org/maven2/org/apache/maven/surefire/surefire-logger-api/3.5.6/surefire-logger-api-3.5.6.jar
2026-10-04T12:36:38.5212604Z [INFO] Downloading from central: https://repo.maven.apache.org/maven2/org/apache/maven/surefire/surefire-shared-utils/3.5.6/surefire-shared-utils-3.5.6.jar
2026-10-04T12:36:38.5213530Z [INFO] Downloading from central: https://repo.maven.apache.org/maven2/org/apache/maven/surefire/maven-surefire-common/3.5.6/maven-surefire-common-3.5.6.jar
2026-10-04T12:36:38.5214446Z [INFO] Downloading from central: https://repo.maven.apache.org/maven2/org/apache/maven/surefire/surefire-extensions-api/3.5.6/surefire-extensions-api-3.5.6.jar
2026-10-04T12:36:38.5215379Z [INFO] Downloading from central: https://repo.maven.apache.org/maven2/org/apache/maven/surefire/surefire-booter/3.5.6/surefire-booter-3.5.6.jar
2026-10-04T12:36:38.5402288Z [INFO] Downloaded from central: https://repo.maven.apache.org/maven2/org/apache/maven/surefire/surefire-extensions-api/3.5.6/surefire-extensions-api-3.5.6.jar (26 kB at 1.3 MB/s)
2026-10-04T12:36:38.5403345Z [INFO] Downloading from central: https://repo.maven.apache.org/maven2/org/apache/maven/surefire/surefire-extensions-spi/3.5.6/surefire-extensions-spi-3.5.6.jar
2026-10-04T12:36:38.5452116Z [INFO] Downloaded from central: https://repo.maven.apache.org/maven2/org/apache/maven/surefire/surefire-booter/3.5.6/surefire-booter-3.5.6.jar (123 kB at 5.1 MB/s)
2026-10-04T12:36:38.5484134Z [INFO] Downloading from central: https://repo.maven.apache.org/maven2/org/apache/maven/resolver/maven-resolver-util/1.4.1/maven-resolver-util-1.4.1.jar
2026-10-04T12:36:38.5485425Z [INFO] Downloaded from central: https://repo.maven.apache.org/maven2/org/apache/maven/surefire/maven-surefire-common/3.5.6/maven-surefire-common-3.5.6.jar (317 kB at 12 MB/s)
2026-10-04T12:36:38.5506417Z [INFO] Downloading from central: https://repo.maven.apache.org/maven2/org/apache/maven/resolver/maven-resolver-api/1.4.1/maven-resolver-api-1.4.1.jar
2026-10-04T12:36:38.5545409Z [INFO] Downloaded from central: https://repo.maven.apache.org/maven2/org/apache/maven/surefire/surefire-shared-utils/3.5.6/surefire-shared-utils-3.5.6.jar (3.0 MB at 81 MB/s)
2026-10-04T12:36:38.5546771Z [INFO] Downloading from central: https://repo.maven.apache.org/maven2/org/apache/maven/shared/maven-common-artifact-filters/3.4.0/maven-common-artifact-filters-3.4.0.jar
2026-10-04T12:36:38.5563519Z [INFO] Downloaded from central: https://repo.maven.apache.org/maven2/org/apache/maven/surefire/surefire-logger-api/3.5.6/surefire-logger-api-3.5.6.jar (14 kB at 348 kB/s)
2026-10-04T12:36:38.5602483Z [INFO] Downloaded from central: https://repo.maven.apache.org/maven2/org/apache/maven/surefire/surefire-extensions-spi/3.5.6/surefire-extensions-spi-3.5.6.jar (8.2 kB at 200 kB/s)
2026-10-04T12:36:38.5646676Z [INFO] Downloaded from central: https://repo.maven.apache.org/maven2/org/apache/maven/resolver/maven-resolver-util/1.4.1/maven-resolver-util-1.4.1.jar (168 kB at 3.7 MB/s)
2026-10-04T12:36:38.5696781Z [INFO] Downloaded from central: https://repo.maven.apache.org/maven2/org/apache/maven/resolver/maven-resolver-api/1.4.1/maven-resolver-api-1.4.1.jar (149 kB at 3.0 MB/s)
2026-10-04T12:36:38.5734872Z [INFO] Downloaded from central: https://repo.maven.apache.org/maven2/org/apache/maven/shared/maven-common-artifact-filters/3.4.0/maven-common-artifact-filters-3.4.0.jar (58 kB at 1.1 MB/s)
2026-10-04T12:36:38.6360930Z [INFO] Using auto detected provider org.apache.maven.surefire.junitplatform.JUnitPlatformProvider
2026-10-04T12:36:38.6471267Z [INFO] Downloading from spring-milestones: https://repo.spring.io/milestone/org/apache/maven/surefire/surefire-junit-platform/3.5.6/surefire-junit-platform-3.5.6.pom
2026-10-04T12:36:38.7223911Z [INFO] Downloading from central: https://repo.maven.apache.org/maven2/org/apache/maven/surefire/surefire-junit-platform/3.5.6/surefire-junit-platform-3.5.6.pom
2026-10-04T12:36:38.7437436Z [INFO] Downloaded from central: https://repo.maven.apache.org/maven2/org/apache/maven/surefire/surefire-junit-platform/3.5.6/surefire-junit-platform-3.5.6.pom (5.2 kB at 246 kB/s)
2026-10-04T12:36:38.7455845Z [INFO] Downloading from spring-milestones: https://repo.spring.io/milestone/org/apache/maven/surefire/surefire-providers/3.5.6/surefire-providers-3.5.6.pom
2026-10-04T12:36:38.8199986Z [INFO] Downloading from central: https://repo.maven.apache.org/maven2/org/apache/maven/surefire/surefire-providers/3.5.6/surefire-providers-3.5.6.pom
2026-10-04T12:36:38.8434187Z [INFO] Downloaded from central: https://repo.maven.apache.org/maven2/org/apache/maven/surefire/surefire-providers/3.5.6/surefire-providers-3.5.6.pom (2.5 kB at 106 kB/s)
2026-10-04T12:36:38.8490568Z [INFO] Downloading from spring-milestones: https://repo.spring.io/milestone/org/apache/maven/surefire/common-java5/3.5.6/common-java5-3.5.6.pom
2026-10-04T12:36:38.9235929Z [INFO] Downloading from central: https://repo.maven.apache.org/maven2/org/apache/maven/surefire/common-java5/3.5.6/common-java5-3.5.6.pom
2026-10-04T12:36:38.9452547Z [INFO] Downloaded from central: https://repo.maven.apache.org/maven2/org/apache/maven/surefire/common-java5/3.5.6/common-java5-3.5.6.pom (3.1 kB at 153 kB/s)
2026-10-04T12:36:38.9481907Z [INFO] Downloading from spring-milestones: https://repo.spring.io/milestone/org/junit/platform/junit-platform-engine/1.12.2/junit-platform-engine-1.12.2.pom
2026-10-04T12:36:39.0223649Z [INFO] Downloading from central: https://repo.maven.apache.org/maven2/org/junit/platform/junit-platform-engine/1.12.2/junit-platform-engine-1.12.2.pom
2026-10-04T12:36:39.0479920Z [INFO] Downloaded from central: https://repo.maven.apache.org/maven2/org/junit/platform/junit-platform-engine/1.12.2/junit-platform-engine-1.12.2.pom (3.2 kB at 123 kB/s)
2026-10-04T12:36:39.0514969Z [INFO] Downloading from spring-milestones: https://repo.spring.io/milestone/org/junit/platform/junit-platform-commons/1.12.2/junit-platform-commons-1.12.2.pom
2026-10-04T12:36:39.1252998Z [INFO] Downloading from central: https://repo.maven.apache.org/maven2/org/junit/platform/junit-platform-commons/1.12.2/junit-platform-commons-1.12.2.pom
2026-10-04T12:36:39.1461515Z [INFO] Downloaded from central: https://repo.maven.apache.org/maven2/org/junit/platform/junit-platform-commons/1.12.2/junit-platform-commons-1.12.2.pom (2.8 kB at 142 kB/s)
2026-10-04T12:36:39.1481705Z [INFO] Downloading from spring-milestones: https://repo.spring.io/milestone/org/junit/platform/junit-platform-launcher/1.12.2/junit-platform-launcher-1.12.2.pom
2026-10-04T12:36:39.2214545Z [INFO] Downloading from central: https://repo.maven.apache.org/maven2/org/junit/platform/junit-platform-launcher/1.12.2/junit-platform-launcher-1.12.2.pom
2026-10-04T12:36:39.2432110Z [INFO] Downloaded from central: https://repo.maven.apache.org/maven2/org/junit/platform/junit-platform-launcher/1.12.2/junit-platform-launcher-1.12.2.pom (3.0 kB at 144 kB/s)
2026-10-04T12:36:39.2455109Z [INFO] Downloading from spring-milestones: https://repo.spring.io/milestone/org/apache/maven/surefire/surefire-junit-platform/3.5.6/surefire-junit-platform-3.5.6.jar
2026-10-04T12:36:39.3194778Z [INFO] Downloading from spring-milestones: https://repo.spring.io/milestone/org/apache/maven/surefire/common-java5/3.5.6/common-java5-3.5.6.jar
2026-10-04T12:36:39.3195867Z [INFO] Downloading from spring-milestones: https://repo.spring.io/milestone/org/junit/platform/junit-platform-engine/1.12.2/junit-platform-engine-1.12.2.jar
2026-10-04T12:36:39.3203693Z [INFO] Downloading from spring-milestones: https://repo.spring.io/milestone/org/junit/platform/junit-platform-commons/1.12.2/junit-platform-commons-1.12.2.jar
2026-10-04T12:36:39.3205199Z [INFO] Downloading from spring-milestones: https://repo.spring.io/milestone/org/junit/platform/junit-platform-launcher/1.12.2/junit-platform-launcher-1.12.2.jar
2026-10-04T12:36:39.3944878Z [INFO] Downloading from central: https://repo.maven.apache.org/maven2/org/apache/maven/surefire/surefire-junit-platform/3.5.6/surefire-junit-platform-3.5.6.jar
2026-10-04T12:36:39.4284195Z [INFO] Downloaded from central: https://repo.maven.apache.org/maven2/org/apache/maven/surefire/surefire-junit-platform/3.5.6/surefire-junit-platform-3.5.6.jar (35 kB at 1.0 MB/s)
2026-10-04T12:36:39.4286409Z [INFO] Downloading from central: https://repo.maven.apache.org/maven2/org/apache/maven/surefire/common-java5/3.5.6/common-java5-3.5.6.jar
2026-10-04T12:36:39.4291632Z [INFO] Downloading from central: https://repo.maven.apache.org/maven2/org/junit/platform/junit-platform-engine/1.12.2/junit-platform-engine-1.12.2.jar
2026-10-04T12:36:39.4315608Z [INFO] Downloading from central: https://repo.maven.apache.org/maven2/org/junit/platform/junit-platform-commons/1.12.2/junit-platform-commons-1.12.2.jar
2026-10-04T12:36:39.4316220Z [INFO] Downloading from central: https://repo.maven.apache.org/maven2/org/junit/platform/junit-platform-launcher/1.12.2/junit-platform-launcher-1.12.2.jar
2026-10-04T12:36:39.4490422Z [INFO] Downloaded from central: https://repo.maven.apache.org/maven2/org/apache/maven/surefire/common-java5/3.5.6/common-java5-3.5.6.jar (18 kB at 881 kB/s)
2026-10-04T12:36:39.4492251Z [INFO] Downloaded from central: https://repo.maven.apache.org/maven2/org/junit/platform/junit-platform-launcher/1.12.2/junit-platform-launcher-1.12.2.jar (208 kB at 9.9 MB/s)
2026-10-04T12:36:39.4506644Z [INFO] Downloaded from central: https://repo.maven.apache.org/maven2/org/junit/platform/junit-platform-engine/1.12.2/junit-platform-engine-1.12.2.jar (256 kB at 12 MB/s)
2026-10-04T12:36:39.4639412Z [INFO] Downloaded from central: https://repo.maven.apache.org/maven2/org/junit/platform/junit-platform-commons/1.12.2/junit-platform-commons-1.12.2.jar (152 kB at 4.3 MB/s)
2026-10-04T12:36:39.4663548Z [INFO] Downloading from spring-milestones: https://repo.spring.io/milestone/org/junit/platform/junit-platform-launcher/6.0.3/junit-platform-launcher-6.0.3.pom
2026-10-04T12:36:39.5474617Z [INFO] Downloading from central: https://repo.maven.apache.org/maven2/org/junit/platform/junit-platform-launcher/6.0.3/junit-platform-launcher-6.0.3.pom
2026-10-04T12:36:39.5692970Z [INFO] Downloaded from central: https://repo.maven.apache.org/maven2/org/junit/platform/junit-platform-launcher/6.0.3/junit-platform-launcher-6.0.3.pom (3.2 kB at 169 kB/s)
2026-10-04T12:36:39.5694171Z [INFO] Downloading from spring-milestones: https://repo.spring.io/milestone/org/junit/platform/junit-platform-launcher/6.0.3/junit-platform-launcher-6.0.3.jar
2026-10-04T12:36:39.6426358Z [INFO] Downloading from central: https://repo.maven.apache.org/maven2/org/junit/platform/junit-platform-launcher/6.0.3/junit-platform-launcher-6.0.3.jar
2026-10-04T12:36:39.6747038Z [INFO] Downloaded from central: https://repo.maven.apache.org/maven2/org/junit/platform/junit-platform-launcher/6.0.3/junit-platform-launcher-6.0.3.jar (246 kB at 7.7 MB/s)
2026-10-04T12:36:39.6885683Z [INFO] 
2026-10-04T12:36:39.6886124Z [INFO] -------------------------------------------------------
2026-10-04T12:36:39.6886585Z [INFO]  T E S T S
2026-10-04T12:36:39.6886941Z [INFO] -------------------------------------------------------
2026-10-04T12:36:40.3752846Z [INFO] Running ai.ultimate.tools.builtin.ImageProcessingToolTest
2026-10-04T12:36:41.6058818Z [INFO] Tests run: 16, Failures: 0, Errors: 0, Skipped: 0, Time elapsed: 1.200 s -- in ai.ultimate.tools.builtin.ImageProcessingToolTest
2026-10-04T12:36:41.6060485Z [INFO] Running ai.ultimate.tools.builtin.ImageProcessingToolSecurityTest
2026-10-04T12:36:41.6152406Z [INFO] Tests run: 3, Failures: 0, Errors: 0, Skipped: 0, Time elapsed: 0.018 s -- in ai.ultimate.tools.builtin.ImageProcessingToolSecurityTest
2026-10-04T12:36:41.6269236Z [INFO] 
2026-10-04T12:36:41.6269450Z [INFO] Results:
2026-10-04T12:36:41.6269649Z [INFO] 
2026-10-04T12:36:41.6273240Z [INFO] Tests run: 19, Failures: 0, Errors: 0, Skipped: 0
2026-10-04T12:36:41.6273599Z [INFO] 
2026-10-04T12:36:41.6297156Z [INFO] ------------------------------------------------------------------------
2026-10-04T12:36:41.6297575Z [INFO] BUILD SUCCESS
2026-10-04T12:36:41.6297868Z [INFO] ------------------------------------------------------------------------
2026-10-04T12:36:41.6305350Z [INFO] Total time:  01:16 min
2026-10-04T12:36:41.6306177Z [INFO] Finished at: 2026-10-04T12:36:41Z
2026-10-04T12:36:41.6306507Z [INFO] ------------------------------------------------------------------------
2026-10-04T12:36:41.6758807Z ##[group]Run python3 - <<'PY'
2026-10-04T12:36:41.6759013Z [36;1mpython3 - <<'PY'[0m
2026-10-04T12:36:41.6759202Z [36;1mimport json, os, pathlib, subprocess, xml.etree.ElementTree as ET[0m
2026-10-04T12:36:41.6759483Z [36;1mevidence = pathlib.Path(os.environ["RUNNER_TEMP"]) / "relay17-image-evidence"[0m
2026-10-04T12:36:41.6759716Z [36;1mevidence.mkdir(exist_ok=True)[0m
2026-10-04T12:36:41.6760044Z [36;1mnames = ["ai.ultimate.tools.builtin.ImageProcessingToolTest", "ai.ultimate.tools.builtin.ImageProcessingToolSecurityTest"][0m
2026-10-04T12:36:41.6760362Z [36;1msuites = [][0m
2026-10-04T12:36:41.6760483Z [36;1mfor name in names:[0m
2026-10-04T12:36:41.6760934Z [36;1m    path = pathlib.Path("server/target/surefire-reports") / ("TEST-" + name + ".xml")[0m
2026-10-04T12:36:41.6761180Z [36;1m    if not path.exists():[0m
2026-10-04T12:36:41.6761351Z [36;1m        suites.append({"name": name, "missing": True})[0m
2026-10-04T12:36:41.6761543Z [36;1m        continue[0m
2026-10-04T12:36:41.6761682Z [36;1m    root = ET.parse(path).getroot()[0m
2026-10-04T12:36:41.6762280Z [36;1m    suites.append({"name": name, **{key: int(root.get(key, "0")) for key in ("tests", "failures", "errors", "skipped")}, "seconds": root.get("time"), "cases": [{"name": case.get("name"), "seconds": case.get("time"), "passed": not any(case.find(tag) is not None for tag in ("failure", "error", "skipped"))} for case in root.findall("testcase")]})[0m
2026-10-04T12:36:41.6762997Z [36;1mchanged = subprocess.check_output(["git", "status", "--porcelain=v1", "--untracked-files=no"], text=True).strip()[0m
2026-10-04T12:36:41.6764027Z [36;1mreceipt = {"source_commit": subprocess.check_output(["git", "rev-parse", "HEAD"], text=True).strip(), "source_tree": subprocess.check_output(["git", "rev-parse", "HEAD^{tree}"], text=True).strip(), "controller_commit": os.environ["GITHUB_SHA"], "run_id": os.environ["GITHUB_RUN_ID"], "tracked_changes": changed, "command": "./mvnw -B '-Dtest=ai.ultimate.tools.builtin.ImageProcessingToolTest,ai.ultimate.tools.builtin.ImageProcessingToolSecurityTest' test", "suites": suites}[0m
2026-10-04T12:36:41.6764988Z [36;1m(evidence / "receipt.json").write_text(json.dumps(receipt, indent=2) + "\n")[0m
2026-10-04T12:36:41.6765220Z [36;1mprint(json.dumps(receipt, indent=2))[0m
2026-10-04T12:36:41.6765433Z [36;1massert receipt["source_commit"] == os.environ["IMAGE_BOUNTY_SHA"][0m
2026-10-04T12:36:41.6765702Z [36;1massert receipt["source_tree"] == "89164450554ad7dfecabda04bda7be7f07ec3fdb"[0m
2026-10-04T12:36:41.6765923Z [36;1massert not changed, changed[0m
2026-10-04T12:36:41.6766115Z [36;1massert all(not suite.get("missing") for suite in suites), suites[0m
2026-10-04T12:36:41.6766354Z [36;1massert [suite["tests"] for suite in suites] == [16, 3], suites[0m
2026-10-04T12:36:41.6766771Z [36;1massert all(suite[key] == 0 for suite in suites for key in ("failures", "errors", "skipped")), suites[0m
2026-10-04T12:36:41.6767090Z [36;1mnative = [case for case in suites[0]["cases"] if case["name"].startswith("native")][0m
2026-10-04T12:36:41.6767368Z [36;1massert len(native) == 2 and all(case["passed"] for case in native), native[0m
2026-10-04T12:36:41.6767567Z [36;1mPY[0m
2026-10-04T12:36:41.6819561Z shell: /usr/bin/bash --noprofile --norc -e -o pipefail {0}
2026-10-04T12:36:41.6819745Z env:
2026-10-04T12:36:41.6819865Z   FORCE_JAVASCRIPT_ACTIONS_TO_NODE24: true
2026-10-04T12:36:41.6820052Z   IMAGE_BOUNTY_SHA: eacdf3e79ec07d8e3b8e805009f24a1b63fe7b58
2026-10-04T12:36:41.6820285Z   JAVA_HOME: /opt/hostedtoolcache/Java_Temurin-Hotspot_jdk/21.0.12-1/x64
2026-10-04T12:36:41.6820543Z   JAVA_HOME_21_X64: /opt/hostedtoolcache/Java_Temurin-Hotspot_jdk/21.0.12-1/x64
2026-10-04T12:36:41.6820983Z ##[endgroup]
2026-10-04T12:36:41.7175590Z {
2026-10-04T12:36:41.7175957Z   "source_commit": "eacdf3e79ec07d8e3b8e805009f24a1b63fe7b58",
2026-10-04T12:36:41.7176302Z   "source_tree": "89164450554ad7dfecabda04bda7be7f07ec3fdb",
2026-10-04T12:36:41.7176881Z   "controller_commit": "10ec673a79878a169b27a0e92b125a77d6bf9d2a",
2026-10-04T12:36:41.7177116Z   "run_id": "37202619930",
2026-10-04T12:36:41.7177308Z   "tracked_changes": "",
2026-10-04T12:36:41.7177848Z   "command": "./mvnw -B '-Dtest=ai.ultimate.tools.builtin.ImageProcessingToolTest,ai.ultimate.tools.builtin.ImageProcessingToolSecurityTest' test",
2026-10-04T12:36:41.7178399Z   "suites": [
2026-10-04T12:36:41.7178554Z     {
2026-10-04T12:36:41.7178789Z       "name": "ai.ultimate.tools.builtin.ImageProcessingToolTest",
2026-10-04T12:36:41.7179075Z       "tests": 16,
2026-10-04T12:36:41.7179244Z       "failures": 0,
2026-10-04T12:36:41.7179436Z       "errors": 0,
2026-10-04T12:36:41.7179598Z       "skipped": 0,
2026-10-04T12:36:41.7179773Z       "seconds": "1.2",
2026-10-04T12:36:41.7179959Z       "cases": [
2026-10-04T12:36:41.7180115Z         {
2026-10-04T12:36:41.7180296Z           "name": "rejectsASymlinkedManagedRoot",
2026-10-04T12:36:41.7180540Z           "seconds": "0.324",
2026-10-04T12:36:41.7180870Z           "passed": true
2026-10-04T12:36:41.7181006Z         },
2026-10-04T12:36:41.7181102Z         {
2026-10-04T12:36:41.7181293Z           "name": "neverReturnsPartialArtifactsWhenAnyBatchMemberFails",
2026-10-04T12:36:41.7181491Z           "seconds": "0.016",
2026-10-04T12:36:41.7181615Z           "passed": true
2026-10-04T12:36:41.7181726Z         },
2026-10-04T12:36:41.7181817Z         {
2026-10-04T12:36:41.7182005Z           "name": "reportsMissingExecutableTimeoutAndInterruptionThenCleansRuntime",
2026-10-04T12:36:41.7182232Z           "seconds": "0.005",
2026-10-04T12:36:41.7182355Z           "passed": true
2026-10-04T12:36:41.7182464Z         },
2026-10-04T12:36:41.7182556Z         {
2026-10-04T12:36:41.7182693Z           "name": "errorResponsesRedactManagedWorkspacePaths",
2026-10-04T12:36:41.7182871Z           "seconds": "0.006",
2026-10-04T12:36:41.7182991Z           "passed": true
2026-10-04T12:36:41.7183098Z         },
2026-10-04T12:36:41.7183189Z         {
2026-10-04T12:36:41.7183361Z           "name": "errorResponseSanitizesEveryJsonForbiddenControlCharacter",
2026-10-04T12:36:41.7183570Z           "seconds": "0.003",
2026-10-04T12:36:41.7183690Z           "passed": true
2026-10-04T12:36:41.7183802Z         },
2026-10-04T12:36:41.7183896Z         {
2026-10-04T12:36:41.7184058Z           "name": "rejectsInputReplacedWithExternalSymlinkAfterValidation",
2026-10-04T12:36:41.7184259Z           "seconds": "0.004",
2026-10-04T12:36:41.7184380Z           "passed": true
2026-10-04T12:36:41.7184490Z         },
2026-10-04T12:36:41.7184584Z         {
2026-10-04T12:36:41.7184805Z           "name": "nativeImageMagickSmokeStripsMetadataAppliesWatermarkAndLeavesNoGeneratedFile",
2026-10-04T12:36:41.7185061Z           "seconds": "0.264",
2026-10-04T12:36:41.7185321Z           "passed": true
2026-10-04T12:36:41.7185431Z         },
2026-10-04T12:36:41.7185522Z         {
2026-10-04T12:36:41.7185703Z           "name": "rejectsTraversalAbsolutePathsAndOutsideSymlinksBeforeExecution",
2026-10-04T12:36:41.7185924Z           "seconds": "0.004",
2026-10-04T12:36:41.7186049Z           "passed": true
2026-10-04T12:36:41.7186180Z         },
2026-10-04T12:36:41.7186293Z         {
2026-10-04T12:36:41.7186468Z           "name": "nativeRunnerDrainsOutputWithoutDeadlockingAndEnforcesTimeout",
2026-10-04T12:36:41.7186683Z           "seconds": "0.311",
2026-10-04T12:36:41.7186807Z           "passed": true
2026-10-04T12:36:41.7186924Z         },
2026-10-04T12:36:41.7187016Z         {
2026-10-04T12:36:41.7187186Z           "name": "rejectsEmptyWrongFormatOversizedAndOverAggregateOutputs",
2026-10-04T12:36:41.7187390Z           "seconds": "0.058",
2026-10-04T12:36:41.7187514Z           "passed": true
2026-10-04T12:36:41.7187625Z         },
2026-10-04T12:36:41.7187718Z         {
2026-10-04T12:36:41.7187851Z           "name": "rejectsDuplicateAndOversizedInputs",
2026-10-04T12:36:41.7188013Z           "seconds": "0.003",
2026-10-04T12:36:41.7188136Z           "passed": true
2026-10-04T12:36:41.7188248Z         },
2026-10-04T12:36:41.7188341Z         {
2026-10-04T12:36:41.7188586Z           "name": "rejectsDisguisedImageScriptsAndInvalidArguments",
2026-10-04T12:36:41.7188773Z           "seconds": "0.003",
2026-10-04T12:36:41.7188894Z           "passed": true
2026-10-04T12:36:41.7189002Z         },
2026-10-04T12:36:41.7189097Z         {
2026-10-04T12:36:41.7189247Z           "name": "springDiscoversToolWithoutLaunchingNativeProcess",
2026-10-04T12:36:41.7189434Z           "seconds": "0.161",
2026-10-04T12:36:41.7189554Z           "passed": true
2026-10-04T12:36:41.7189663Z         },
2026-10-04T12:36:41.7189758Z         {
2026-10-04T12:36:41.7189936Z           "name": "rejectsRuntimeSwapBeforeCanonicalizationAndDeletesOnlyTheLink",
2026-10-04T12:36:41.7190150Z           "seconds": "0.003",
2026-10-04T12:36:41.7190277Z           "passed": true
2026-10-04T12:36:41.7190385Z         },
2026-10-04T12:36:41.7190476Z         {
2026-10-04T12:36:41.7190630Z           "name": "imageMagickChildDoesNotInheritUnrelatedServerSecrets",
2026-10-04T12:36:41.7191214Z           "seconds": "0.002",
2026-10-04T12:36:41.7191342Z           "passed": true
2026-10-04T12:36:41.7191452Z         },
2026-10-04T12:36:41.7191549Z         {
2026-10-04T12:36:41.7191714Z           "name": "returnsBoundedBase64ArtifactsAndPurgesEveryGeneratedFile",
2026-10-04T12:36:41.7191917Z           "seconds": "0.004",
2026-10-04T12:36:41.7192042Z           "passed": true
2026-10-04T12:36:41.7192151Z         }
2026-10-04T12:36:41.7192245Z       ]
2026-10-04T12:36:41.7192339Z     },
2026-10-04T12:36:41.7192431Z     {
2026-10-04T12:36:41.7192595Z       "name": "ai.ultimate.tools.builtin.ImageProcessingToolSecurityTest",
2026-10-04T12:36:41.7192796Z       "tests": 3,
2026-10-04T12:36:41.7192907Z       "failures": 0,
2026-10-04T12:36:41.7193017Z       "errors": 0,
2026-10-04T12:36:41.7193128Z       "skipped": 0,
2026-10-04T12:36:41.7193240Z       "seconds": "0.018",
2026-10-04T12:36:41.7193357Z       "cases": [
2026-10-04T12:36:41.7193457Z         {
2026-10-04T12:36:41.7193659Z           "name": "regularDirectoryReplacementCannotRedirectAnAlreadyValidatedBatchInput",
2026-10-04T12:36:41.7193896Z           "seconds": "0.008",
2026-10-04T12:36:41.7194019Z           "passed": true
2026-10-04T12:36:41.7194131Z         },
2026-10-04T12:36:41.7194223Z         {
2026-10-04T12:36:41.7194404Z           "name": "regularFileReplacementCannotChangeAnAlreadyValidatedBatchInput",
2026-10-04T12:36:41.7194623Z           "seconds": "0.004",
2026-10-04T12:36:41.7194744Z           "passed": true
2026-10-04T12:36:41.7194855Z         },
2026-10-04T12:36:41.7194947Z         {
2026-10-04T12:36:41.7195094Z           "name": "secureInputReadRejectsAncestorSymlinkReplacement",
2026-10-04T12:36:41.7195278Z           "seconds": "0.004",
2026-10-04T12:36:41.7195400Z           "passed": true
2026-10-04T12:36:41.7195611Z         }
2026-10-04T12:36:41.7195703Z       ]
2026-10-04T12:36:41.7195800Z     }
2026-10-04T12:36:41.7195892Z   ]
2026-10-04T12:36:41.7195985Z }
2026-10-04T12:36:41.7271136Z ##[group]Run actions/upload-artifact@v7.0.1
2026-10-04T12:36:41.7271306Z with:
2026-10-04T12:36:41.7271429Z   name: image-current-runtime-relay17
2026-10-04T12:36:41.7271666Z   path: /home/runner/work/_temp/relay17-image-evidence/
server/target/surefire-reports/

2026-10-04T12:36:41.7271897Z   if-no-files-found: error
2026-10-04T12:36:41.7272022Z   retention-days: 30
2026-10-04T12:36:41.7272138Z   compression-level: 6
2026-10-04T12:36:41.7272253Z   overwrite: false
2026-10-04T12:36:41.7272371Z   include-hidden-files: false
2026-10-04T12:36:41.7272496Z   archive: true
2026-10-04T12:36:41.7272600Z env:
2026-10-04T12:36:41.7272712Z   FORCE_JAVASCRIPT_ACTIONS_TO_NODE24: true
2026-10-04T12:36:41.7272894Z   IMAGE_BOUNTY_SHA: eacdf3e79ec07d8e3b8e805009f24a1b63fe7b58
2026-10-04T12:36:41.7273120Z   JAVA_HOME: /opt/hostedtoolcache/Java_Temurin-Hotspot_jdk/21.0.12-1/x64
2026-10-04T12:36:41.7273383Z   JAVA_HOME_21_X64: /opt/hostedtoolcache/Java_Temurin-Hotspot_jdk/21.0.12-1/x64
2026-10-04T12:36:41.7273593Z ##[endgroup]
2026-10-04T12:36:41.8212435Z Multiple search paths detected. Calculating the least common ancestor of all paths
2026-10-04T12:36:41.8213269Z The least common ancestor is /home/runner/work. This will be the root directory of the artifact
2026-10-04T12:36:41.8213742Z With the provided path, there will be 13 files uploaded
2026-10-04T12:36:41.8214176Z Artifact name is valid!
2026-10-04T12:36:41.8214400Z Root directory input is valid!
2026-10-04T12:36:42.2229215Z Uploading artifact: image-current-runtime-relay17.zip
2026-10-04T12:36:42.2258675Z Beginning upload of artifact content to blob storage
2026-10-04T12:36:42.8323583Z Uploaded bytes 243156
2026-10-04T12:36:42.9081337Z Finished uploading artifact content to blob storage!
2026-10-04T12:36:42.9081943Z SHA256 digest of uploaded artifact is 270c8c1bee049cdd777d571474ba156bdb58b9eed278713fa934a071d16f2c77
2026-10-04T12:36:42.9082436Z Finalizing artifact upload
2026-10-04T12:36:43.3669963Z Artifact image-current-runtime-relay17 successfully finalized. Artifact ID 11303143596
2026-10-04T12:36:43.3670541Z Artifact image-current-runtime-relay17 has been successfully uploaded! Final size is 243156 bytes. Artifact ID is 11303143596
2026-10-04T12:36:43.3673714Z Artifact download URL: https://github.com/woahwhattheheck/ultimate-ai-platform/actions/runs/37202619930/artifacts/11303143596
2026-10-04T12:36:43.3807215Z Post job cleanup.
2026-10-04T12:36:43.4741717Z [command]/usr/bin/tar --posix -cf cache.tzst --exclude cache.tzst -P -C /home/runner/work/ultimate-ai-platform/ultimate-ai-platform --files-from manifest.txt --use-compress-program zstdmt
2026-10-04T12:36:45.0257261Z Sent 8095673 of 142313401 (5.7%), 7.7 MBs/sec
2026-10-04T12:36:46.0260210Z Sent 142313401 of 142313401 (100.0%), 67.9 MBs/sec
2026-10-04T12:36:46.4350441Z Cache saved with the key: setup-java-Linux-x64-maven-6233534e95b7a4227d1bdfb08d929021d2a87bee8165e7dcab5267a04158c004
2026-10-04T12:36:46.4490417Z Post job cleanup.
2026-10-04T12:36:46.5075002Z [command]/usr/bin/git version
2026-10-04T12:36:46.5114220Z git version 2.55.0
2026-10-04T12:36:46.5136986Z Temporarily overriding HOME='/home/runner/work/_temp/d0c25eca-b924-43f3-b0fa-1676cb985323' before making global git config changes
2026-10-04T12:36:46.5137681Z Adding repository directory to the temporary git global config as a safe directory
2026-10-04T12:36:46.5140396Z [command]/usr/bin/git config --global --add safe.directory /home/runner/work/ultimate-ai-platform/ultimate-ai-platform
2026-10-04T12:36:46.5168443Z Removing SSH command configuration
2026-10-04T12:36:46.5172950Z [command]/usr/bin/git config --local --name-only --get-regexp core\.sshCommand
2026-10-04T12:36:46.5201398Z [command]/usr/bin/git submodule foreach --recursive sh -c "git config --local --name-only --get-regexp 'core\.sshCommand' && git config --local --unset-all 'core.sshCommand' || :"
2026-10-04T12:36:46.5396641Z Removing HTTP extra header
2026-10-04T12:36:46.5402338Z [command]/usr/bin/git config --local --name-only --get-regexp http\.https\:\/\/github\.com\/\.extraheader
2026-10-04T12:36:46.5434515Z [command]/usr/bin/git submodule foreach --recursive sh -c "git config --local --name-only --get-regexp 'http\.https\:\/\/github\.com\/\.extraheader' && git config --local --unset-all 'http.https://github.com/.extraheader' || :"
2026-10-04T12:36:46.5648105Z Removing includeIf entries pointing to credentials config files
2026-10-04T12:36:46.5653467Z [command]/usr/bin/git config --local --name-only --get-regexp ^includeIf\.gitdir:
2026-10-04T12:36:46.5684322Z [command]/usr/bin/git submodule foreach --recursive git config --local --show-origin --name-only --get-regexp remote.origin.url
2026-10-04T12:36:46.5971759Z Cleaning up orphan processes
